date,home_team,away_team,elo_diff,form_diff,h2h_home_rate,neutral_venue,result
2020-01-07,Barbados,Canada,0.0,0.0,0.5,1,A
2020-01-09,Moldova,Sweden,0.0,0.0,0.5,1,A
2020-01-10,Barbados,Canada,-20.0,-3.0,0.0,1,A
2020-01-12,Kosovo,Sweden,-10.0,-2.0,0.5,1,A
2020-01-15,Canada,Iceland,19.424988722154694,2.0,0.5,1,A
2020-01-19,El Salvador,Iceland,-10.558514289105233,-2.0,0.5,1,A
2020-02-01,United States,Costa Rica,0.0,0.0,0.5,0,H
2020-09-03,Faroe Islands,Malta,0.0,0.0,0.5,0,H
2020-09-03,Latvia,Andorra,0.0,0.0,0.5,0,D
2020-09-03,Slovenia,Greece,0.0,0.0,0.5,0,D
2020-09-03,Moldova,Kosovo,-0.28774368332005906,0.0,0.5,1,D
2020-09-03,Finland,Wales,0.0,0.0,0.5,0,A
2020-09-03,Russia,Serbia,0.0,0.0,0.5,0,H
2020-09-03,Turkey,Hungary,0.0,0.0,0.5,0,A
2020-09-03,Ukraine,Switzerland,0.0,0.0,0.5,0,H
2020-09-03,Germany,Spain,0.0,0.0,0.5,0,D
2020-09-03,Bulgaria,Republic of Ireland,0.0,0.0,0.5,0,D
2020-09-04,Slovakia,Czech Republic,0.0,0.0,0.5,0,A
2020-09-04,Belarus,Albania,0.0,0.0,0.5,0,A
2020-09-04,Scotland,Israel,0.0,0.0,0.5,0,D
2020-09-04,Lithuania,Kazakhstan,0.0,0.0,0.5,0,A
2020-09-04,Norway,Austria,0.0,0.0,0.5,0,A
2020-09-04,Netherlands,Poland,0.0,0.0,0.5,0,H
2020-09-04,Romania,Northern Ireland,0.0,0.0,0.5,0,D
2020-09-04,Italy,Bosnia and Herzegovina,0.0,0.0,0.5,0,D
2020-09-05,Estonia,Georgia,0.0,0.0,0.5,0,A
2020-09-05,North Macedonia,Armenia,0.0,0.0,0.5,0,H
2020-09-05,Azerbaijan,Luxembourg,0.0,0.0,0.5,0,A
2020-09-05,Cyprus,Montenegro,0.0,0.0,0.5,0,A
2020-09-05,Gibraltar,San Marino,0.0,0.0,0.5,0,H
2020-09-05,Portugal,Croatia,0.0,0.0,0.5,0,H
2020-09-05,Denmark,Belgium,0.0,0.0,0.5,0,A
2020-09-05,Iceland,England,20.254709338894145,2.0,0.5,0,A
2020-09-05,Sweden,France,19.71225631667994,2.0,0.5,0,A
2020-09-06,Malta,Latvia,-10.0,-1.0,0.5,0,D
2020-09-06,Andorra,Faroe Islands,-10.0,-2.0,0.5,0,A
2020-09-06,Kosovo,Greece,-9.720538243734154,-0.5,0.5,0,A
2020-09-06,Slovenia,Moldova,9.991718072945787,0.5,0.5,0,H
2020-09-06,Republic of Ireland,Finland,10.0,1.0,0.5,0,A
2020-09-06,Wales,Bulgaria,10.0,2.0,0.5,0,H
2020-09-06,Hungary,Russia,0.0,0.0,0.5,0,A
2020-09-06,Switzerland,Germany,-10.0,-1.0,0.5,0,D
2020-09-06,Spain,Ukraine,-10.0,-2.0,0.5,0,H
2020-09-06,Serbia,Turkey,0.0,0.0,0.5,0,D
2020-09-07,Kazakhstan,Belarus,20.0,3.0,0.5,0,A
2020-09-07,Albania,Lithuania,20.0,3.0,0.5,0,A
2020-09-07,Czech Republic,Scotland,10.0,2.0,0.5,0,A
2020-09-07,Israel,Slovakia,10.0,1.0,0.5,0,D
2020-09-07,Northern Ireland,Norway,10.0,1.0,0.5,0,A
2020-09-07,Austria,Romania,10.0,2.0,0.5,0,A
2020-09-07,Netherlands,Italy,10.0,2.0,0.5,0,A
2020-09-07,Bosnia and Herzegovina,Poland,10.0,1.0,0.5,0,A
2020-09-08,San Marino,Liechtenstein,-10.0,-1.0,0.5,1,A
2020-09-08,Georgia,North Macedonia,0.0,0.0,0.5,0,D
2020-09-08,Cyprus,Azerbaijan,0.0,0.0,0.5,0,A
2020-09-08,Luxembourg,Montenegro,0.0,0.0,0.5,0,A
2020-09-08,Armenia,Estonia,0.0,0.0,0.5,0,H
2020-09-08,France,Croatia,20.566756340869915,3.0,0.5,0,H
2020-09-08,Denmark,England,-20.582317853134327,-3.0,0.5,0,D
2020-09-08,Belgium,Iceland,0.32760851424018256,1.0,0.5,0,H
2020-09-08,Sweden,Portugal,-0.8545000241899743,-1.0,0.5,0,A
2020-10-06,Nicaragua,Guatemala,0.0,0.0,0.5,0,D
2020-10-07,Malta,Gibraltar,-19.71225631667994,-2.5,0.5,0,H
2020-10-07,Switzerland,Croatia,9.696475321533853,0.5,0.5,0,A
2020-10-07,Slovenia,San Marino,29.424750809181205,2.0,0.5,0,H
2020-10-07,Portugal,Spain,9.687661878548852,1.0,0.5,0,D
2020-10-07,Poland,Finland,0.0,0.0,0.5,0,H
2020-10-07,Zambia,Malawi,0.0,0.0,0.5,0,H
2020-10-07,Montenegro,Latvia,20.28774368332006,2.0,0.5,0,D
2020-10-07,Luxembourg,Liechtenstein,-9.712256316679941,-1.5,0.5,0,A
2020-10-07,Netherlands,Mexico,-0.28774368332005906,0.5,0.5,0,A
2020-10-07,Germany,Turkey,9.712256316679941,0.5,0.5,0,D
2020-10-07,France,Ukraine,20.26323166240377,1.5,0.5,0,H
2020-10-07,Estonia,Lithuania,-20.575011277845306,-1.5,0.5,0,A
2020-10-07,Denmark,Faroe Islands,-29.12054162558684,-2.5,0.5,0,H
2020-10-07,Cyprus,Czech Republic,-19.71225631667994,-1.5,0.5,0,A
2020-10-07,Austria,Greece,-10.008037080432132,-0.5,0.5,0,H
2020-10-07,Andorra,Cape Verde,-9.712256316679941,-0.5,0.5,0,A
2020-10-07,Italy,Moldova,29.99195624876711,1.6666666666666667,0.5,0,H
2020-10-08,North Macedonia,Kosovo,29.440831640846227,1.6666666666666667,0.5,0,H
2020-10-08,Georgia,Belarus,9.424988722154694,0.5,0.5,0,H
2020-10-08,Norway,Serbia,10.287743683320059,1.0,0.5,0,A
2020-10-08,Scotland,Israel,10.575487366640118,1.0,0.5,0,D
2020-10-08,Slovakia,Republic of Ireland,0.5754873666401181,0.0,0.5,0,D
2020-10-08,Bosnia and Herzegovina,Northern Ireland,0.0,0.0,0.5,0,D
2020-10-08,Bulgaria,Hungary,-9.712256316679941,-1.0,0.5,0,A
2020-10-08,Iceland,Romania,-10.605922869339565,-0.5,0.5,0,H
2020-10-08,Uruguay,Chile,0.0,0.0,0.5,0,H
2020-10-08,Paraguay,Peru,0.0,0.0,0.5,0,D
2020-10-08,Uzbekistan,Iran,0.0,0.0,0.5,0,A
2020-10-08,South Africa,Namibia,0.0,0.0,0.5,0,D
2020-10-08,Russia,Sweden,20.829905586058885,1.5,0.5,0,A
2020-10-08,England,Wales,-9.721653154638716,-1.0,0.5,0,H
2020-10-08,Belgium,Ivory Coast,19.990570671779324,2.0,0.5,0,D
2020-10-08,Argentina,Ecuador,0.0,0.0,0.5,0,H
2020-10-09,Nigeria,Algeria,0.0,0.0,0.5,1,A
2020-10-09,Brazil,Bolivia,0.0,0.0,0.5,0,H
2020-10-09,Colombia,Venezuela,0.0,0.0,0.5,0,H
2020-10-09,Tunisia,Sudan,0.0,0.0,0.5,0,H
2020-10-09,Morocco,Senegal,0.0,0.0,0.5,0,H
2020-10-09,Mali,Ghana,0.0,0.0,0.5,1,H
2020-10-09,Mauritania,Sierra Leone,0.0,0.0,0.5,0,H
2020-10-09,Kenya,Zambia,-10.0,-2.0,0.5,0,H
2020-10-09,Japan,Cameroon,0.0,0.0,0.5,1,D
2020-10-09,Congo,Gambia,0.0,0.0,0.5,1,A
2020-10-09,Burkina Faso,DR Congo,0.0,0.0,0.5,1,H
2020-10-10,Niger,Chad,0.0,0.0,0.5,0,H
2020-10-10,Honduras,Nicaragua,0.0,0.0,0.5,0,D
2020-10-10,Cape Verde,Guinea,9.720531583800039,2.0,0.5,1,A
2020-10-10,Liechtenstein,Gibraltar,19.999544241349895,1.5,0.5,0,A
2020-10-10,Andorra,Malta,-20.287287924669954,-1.0,0.5,0,D
2020-10-10,Costa Rica,Panama,-10.0,-1.0,0.5,0,A
2020-10-10,Montenegro,Azerbaijan,19.416734571375173,0.8333333333333335,0.5,0,H
2020-10-10,Luxembourg,Cyprus,19.712712075330046,1.0,0.5,0,H
2020-10-10,Ukraine,Germany,-9.137969270597978,0.0,0.5,0,A
2020-10-10,Spain,Switzerland,30.557775639670126,1.3333333333333335,0.5,0,H
2020-10-10,Faroe Islands,Latvia,8.58053520991848,1.0,0.5,0,D
2020-10-11,Armenia,Georgia,-19.728793541138657,-0.8333333333333335,0.5,1,D
2020-10-11,Estonia,North Macedonia,-48.56314199183316,-2.3333333333333335,0.5,0,D
2020-10-11,Kosovo,Slovenia,-47.46307990878654,-2.0833333333333335,0.5,0,A
2020-10-11,Greece,Moldova,28.275431105332473,1.0833333333333333,0.5,0,H
2020-10-11,Kazakhstan,Albania,0.0,0.0,0.5,0,D
2020-10-11,Gabon,Benin,0.0,0.0,0.5,1,A
2020-10-11,Malawi,Zimbabwe,-10.0,-1.0,0.5,0,D
2020-10-11,South Africa,Zambia,0.28774368332005906,-0.5,0.5,0,A
2020-10-11,Tanzania,Burundi,0.0,0.0,0.5,0,A
2020-10-11,Finland,Bulgaria,9.720531583800039,0.6666666666666667,0.5,0,H
2020-10-11,Lithuania,Belarus,19.137288414131945,1.0,0.5,0,D
2020-10-11,Republic of Ireland,Wales,-19.703697489758042,-1.3333333333333335,0.5,0,D
2020-10-11,Serbia,Hungary,-9.424513027761805,-0.6666666666666667,0.5,0,A
2020-10-11,England,Belgium,0.8545119346420051,0.0,0.5,0,H
2020-10-11,Bosnia and Herzegovina,Netherlands,-0.008281927054213156,-0.33333333333333337,0.5,0,D
2020-10-11,Poland,Italy,-9.13889996017997,-0.3333333333333335,0.5,0,D
2020-10-11,Russia,Turkey,19.12171599605631,1.3333333333333335,0.5,0,D
2020-10-11,Iceland,Denmark,8.559074975183421,0.4666666666666668,0.5,0,A
2020-10-11,Croatia,Sweden,-18.89862708307419,-0.8,0.5,0,H
2020-10-11,Northern Ireland,Austria,-20.28797481740662,-1.3333333333333335,0.5,0,A
2020-10-11,Norway,Romania,-9.990850342285512,-0.33333333333333326,0.5,0,H
2020-10-11,Scotland,Slovakia,19.71227081971506,1.0,0.5,0,H
2020-10-11,Israel,Czech Republic,-9.128950636097898,-1.0,0.5,0,A
2020-10-11,France,Portugal,9.696281186858414,0.6666666666666665,0.5,0,D
2020-10-12,Burkina Faso,Madagascar,10.0,2.0,0.5,1,H
2020-10-12,Ghana,Qatar,-10.0,-1.0,0.5,1,H
2020-10-12,Togo,Sudan,10.0,1.0,0.5,1,D
2020-10-12,United Arab Emirates,Uzbekistan,10.0,1.0,0.5,0,A
2020-10-13,Bolivia,Argentina,-20.0,-3.0,0.5,0,A
2020-10-13,Nigeria,Tunisia,-20.0,-3.0,0.5,1,D
2020-10-13,Niger,Sierra Leone,20.0,3.0,0.5,0,H
2020-10-13,Montenegro,Luxembourg,29.14575811537952,1.0,1.0,0,A
2020-10-13,Venezuela,Paraguay,-10.0,-1.0,0.5,0,A
2020-10-13,Peru,Brazil,-10.0,-2.0,0.5,0,A
2020-10-13,Chile,Colombia,-20.0,-3.0,0.5,0,D
2020-10-13,Mozambique,Angola,0.0,0.0,0.5,1,A
2020-10-13,Ecuador,Uruguay,-20.0,-3.0,0.5,0,H
2020-10-13,Morocco,DR Congo,20.0,3.0,0.5,0,D
2020-10-13,Germany,Switzerland,38.28384491221777,1.25,0.5,0,D
2020-10-13,Japan,Ivory Coast,-0.5747407768853918,0.0,0.5,1,H
2020-10-13,Costa Rica,Panama,-29.424512633359882,-3.0,0.0,0,A
2020-10-13,Liechtenstein,San Marino,37.72515267033077,2.0,1.0,0,D
2020-10-13,Faroe Islands,Andorra,27.47867504320402,1.25,1.0,0,H
2020-10-13,Latvia,Malta,0.27119153361400095,-0.25,0.5,0,A
2020-10-13,Azerbaijan,Cyprus,29.424751698925775,1.0,1.0,1,D
2020-10-13,Ukraine,Spain,-39.13147227451714,-1.25,0.0,0,H
2020-10-13,Cameroon,South Sudan,0.0,0.0,0.5,0,D
2020-10-13,Mexico,Algeria,-0.008281927054213156,0.0,0.5,1,D
2020-10-14,Turkey,Serbia,0.26206928790384154,-0.25,0.5,0,D
2020-10-14,Finland,Republic of Ireland,9.712706323572775,0.75,1.0,0,H
2020-10-14,Bulgaria,Wales,-38.01908834934511,-1.5,0.0,0,A
2020-10-14,North Macedonia,Georgia,-1.3956429722820758,0.0,0.5,0,D
2020-10-14,Lithuania,Albania,10.008258369385658,0.41666666666666674,1.0,0,D
2020-10-14,Greece,Kosovo,45.85809491723171,1.55,1.0,0,D
2020-10-14,Moldova,Slovenia,-65.54101125256761,-2.3,0.0,0,A
2020-10-14,Belarus,Kazakhstan,-8.028511926149804,-0.33333333333333326,1.0,0,H
2020-10-14,Estonia,Armenia,-28.586998323009993,-1.0833333333333333,0.0,0,D
2020-10-14,Russia,Hungary,-10.597966599285883,-0.5,1.0,0,D
2020-10-14,Scotland,Czech Republic,0.5338857978276792,-0.25,1.0,0,H
2020-10-14,Romania,Austria,-29.721864158798326,-1.25,1.0,0,A
2020-10-14,Norway,Northern Ireland,19.983677304880985,1.0,1.0,0,H
2020-10-14,Croatia,France,-27.700223398540174,-1.0,0.0,0,A
2020-10-14,Portugal,Sweden,20.75015382606921,0.8,1.0,0,H
2020-10-14,England,Denmark,18.571532838571784,0.75,0.5,0,A
2020-10-14,Iceland,Belgium,-9.699735805575074,-0.55,0.0,0,A
2020-10-14,Poland,Bosnia and Herzegovina,20.83822703066744,1.0,1.0,0,H
2020-10-14,Italy,Netherlands,29.443365735738553,1.0,1.0,0,D
2020-10-14,Slovakia,Israel,-9.441304612489148,-0.25,0.5,0,A
2020-11-06,Ethiopia,Sudan,9.712256316679941,0.5,0.5,0,D
2020-11-07,Bahrain,Tajikistan,0.0,0.0,0.5,1,H
2020-11-11,Slovenia,Azerbaijan,45.932195702608624,1.6,0.5,0,D
2020-11-11,Portugal,Andorra,57.4394057762031,1.8000000000000003,0.5,0,H
2020-11-11,Romania,Belarus,-21.0790366140277,-0.5999999999999999,0.5,0,H
2020-11-11,San Marino,Latvia,-18.32042670919077,-0.55,0.5,0,A
2020-11-11,Turkey,Croatia,-1.387547138439004,-0.3999999999999999,0.5,0,D
2020-11-11,Poland,Ukraine,28.272341725757542,0.8,0.5,0,H
2020-11-11,Mauritania,Burundi,0.0,0.0,0.5,0,D
2020-11-11,Kenya,Comoros,10.287743683320059,2.0,0.5,0,D
2020-11-11,Senegal,Guinea-Bissau,-10.0,-1.0,0.5,0,H
2020-11-11,Libya,Equatorial Guinea,0.0,0.0,0.5,1,A
2020-11-11,Guinea,Chad,20.27970641134948,3.0,0.5,0,H
2020-11-11,Netherlands,Spain,-18.001961147292604,-0.6000000000000001,0.5,0,D
2020-11-11,Albania,Kosovo,35.63849632524557,0.85,0.5,0,H
2020-11-11,Malta,Liechtenstein,2.502833438107018,-0.1499999999999999,0.5,0,H
2020-11-11,Luxembourg,Austria,-18.01395671245041,-0.5999999999999999,0.5,0,A
2020-11-11,Lithuania,Faroe Islands,-8.694618713775753,-0.3999999999999999,0.5,0,H
2020-11-11,Italy,Estonia,45.517059659933466,1.4,0.5,0,H
2020-11-11,Greece,Cyprus,45.329568855098614,1.4000000000000001,0.5,0,H
2020-11-11,Germany,Czech Republic,-0.8257974478096912,-0.40000000000000013,0.5,0,H
2020-11-11,France,Finland,28.589769271804926,0.8,0.5,0,A
2020-11-11,Denmark,Sweden,32.38620940558212,1.4,0.5,0,H
2020-11-11,Bulgaria,Gibraltar,-48.0713929878159,-1.8,0.5,0,H
2020-11-11,Belgium,Switzerland,47.17786510950941,1.6,0.5,0,H
2020-11-11,Montenegro,Kazakhstan,28.82758634889774,1.0,0.5,0,D
2020-11-12,Burkina Faso,Malawi,29.424512633359882,2.5,0.5,0,H
2020-11-12,Uganda,South Sudan,0.0,0.0,0.5,0,H
2020-11-12,Ghana,Sudan,9.720531583800039,0.8333333333333334,0.5,0,H
2020-11-12,Gabon,Gambia,-20.0,-3.0,0.5,0,H
2020-11-12,Cape Verde,Rwanda,-0.559174827549441,0.5,0.5,0,D
2020-11-12,Ivory Coast,Madagascar,0.27045473933981157,0.5,0.5,0,H
2020-11-12,Zambia,Botswana,9.720538243734154,1.0,0.5,0,H
2020-11-12,Algeria,Zimbabwe,10.287505310298002,1.0,0.5,0,H
2020-11-12,Congo,Eswatini,-10.0,-1.0,0.5,0,H
2020-11-12,Argentina,Paraguay,9.712732405474753,1.0,0.5,0,D
2020-11-12,Cameroon,Mozambique,10.0,1.0,0.5,0,H
2020-11-12,Bolivia,Ecuador,-20.0,-1.5,0.5,0,A
2020-11-12,Moldova,Russia,-55.3230245403272,-1.4000000000000001,0.5,0,D
2020-11-12,Uzbekistan,Syria,0.28774368332005906,0.5,0.5,1,A
2020-11-12,United Arab Emirates,Tajikistan,-0.28774368332005906,0.0,0.5,0,H
2020-11-12,Lebanon,Bahrain,-10.0,-2.0,0.5,1,A
2020-11-12,Jordan,Iraq,0.0,0.0,0.5,1,D
2020-11-12,England,Republic of Ireland,39.13691157266976,1.4,0.5,0,H
2020-11-12,Bosnia and Herzegovina,Iran,-29.6884510713046,-2.4,0.5,0,A
2020-11-12,Georgia,North Macedonia,1.3153037368256264,0.0,0.5,0,A
2020-11-12,Serbia,Scotland,-38.826573154530024,-1.2000000000000002,0.5,0,D
2020-11-12,Northern Ireland,Slovakia,-0.23954091920859355,0.0,0.5,0,A
2020-11-12,Hungary,Iceland,29.124602181183263,1.4,0.5,0,H
2020-11-12,Wales,United States,7.776076496341602,-1.0,0.5,0,D
2020-11-13,South Africa,São Tomé and Príncipe,-10.008281927054213,-0.5,0.5,0,H
2020-11-13,Nigeria,Sierra Leone,10.0,0.5,0.5,0,D
2020-11-13,Tunisia,Tanzania,19.424988722154694,2.0,0.5,0,H
2020-11-13,Morocco,Central African Republic,9.424988722154694,1.0,0.5,0,H
2020-11-13,Mali,Namibia,10.0,2.0,0.5,0,H
2020-11-13,Niger,Ethiopia,19.704457138354655,2.0,0.5,0,H
2020-11-13,Chile,Peru,0.28726759452524675,0.0,0.5,0,H
2020-11-13,Colombia,Uruguay,10.0,0.5,0.5,0,A
2020-11-13,Japan,Panama,-8.850827425369289,-1.0,0.5,1,H
2020-11-13,Costa Rica,Qatar,-18.57962609627475,0.0,0.5,1,D
2020-11-13,Brazil,Venezuela,39.42451263335988,3.0,0.5,0,H
2020-11-13,Bangladesh,Nepal,0.0,0.0,0.5,0,H
2020-11-14,Benin,Lesotho,10.0,2.0,0.5,0,H
2020-11-14,Egypt,Togo,0.28774368332005906,0.0,0.5,0,H
2020-11-14,DR Congo,Angola,-19.424988722154694,-2.5,0.5,0,D
2020-11-14,Saudi Arabia,Jamaica,0.0,0.0,0.5,0,H
2020-11-14,San Marino,Gibraltar,-35.89237489031029,-1.3,0.0,0,D
2020-11-14,Latvia,Faroe Islands,-7.58186801239367,-0.19999999999999996,0.5,0,D
2020-11-14,Mexico,South Korea,9.991956445967844,1.0,0.5,1,H
2020-11-14,Cyprus,Luxembourg,-47.79188214086139,-1.0,0.0,0,H
2020-11-14,Azerbaijan,Montenegro,-26.165940894087726,-0.6000000000000001,0.0,1,D
2020-11-14,Switzerland,Spain,-44.71695680638936,-1.2000000000000002,0.0,0,D
2020-11-14,Germany,Ukraine,35.604867666777636,1.2000000000000002,1.0,0,H
2020-11-14,Sweden,Croatia,-11.417860662997327,-0.7999999999999999,0.0,0,H
2020-11-14,Portugal,France,10.243487560993572,0.20000000000000018,0.5,0,A
2020-11-14,Malta,Andorra,56.628958008796644,2.0,0.5,0,H
2020-11-15,Slovenia,Kosovo,79.23454410258819,2.4,1.0,0,H
2020-11-15,Moldova,Greece,-60.59836187463952,-1.8,0.0,0,A
2020-11-15,Albania,Kazakhstan,18.669017559711392,0.6000000000000001,0.5,0,H
2020-11-15,Belarus,Lithuania,-28.373910237603013,-0.8000000000000003,0.5,0,H
2020-11-15,Guatemala,Honduras,0.0,0.0,0.5,0,H
2020-11-15,Burundi,Mauritania,0.0,0.0,0.5,0,H
2020-11-15,Chad,Guinea,-39.11363664331634,-3.0,0.0,0,D
2020-11-15,Comoros,Kenya,-9.69570657124359,-1.0,0.5,0,H
2020-11-15,Guinea-Bissau,Senegal,-10.575487366640118,-1.5,0.0,0,A
2020-11-15,Georgia,Armenia,9.33725322128089,-0.050000000000000044,0.5,0,A
2020-11-15,Equatorial Guinea,Libya,20.0,3.0,1.0,0,H
2020-11-15,North Macedonia,Estonia,63.74012377883537,1.4,0.5,0,H
2020-11-15,Austria,Northern Ireland,77.16859059499347,2.1999999999999997,1.0,0,H
2020-11-15,Wales,Republic of Ireland,45.85577763700235,1.2000000000000002,0.5,0,H
2020-11-15,Netherlands,Bosnia and Herzegovina,19.919422569676726,0.19999999999999996,0.5,0,H
2020-11-15,Bulgaria,Finland,-47.2378905287394,-1.7999999999999998,0.0,0,A
2020-11-15,Belgium,England,-0.7783004453772264,0.0,0.0,0,H
2020-11-15,Denmark,Iceland,50.42266520520252,2.0,1.0,0,H
2020-11-15,Italy,Poland,-2.1241174356644024,-0.3999999999999999,0.5,0,H
2020-11-15,Slovakia,Scotland,-47.185719975068196,-1.2000000000000002,0.0,0,H
2020-11-15,Czech Republic,Israel,-1.133159242604279,0.0,1.0,0,H
2020-11-15,Turkey,Russia,-16.715635405258354,-0.19999999999999996,0.5,0,H
2020-11-15,Hungary,Serbia,36.62043997755359,0.8,1.0,0,D
2020-11-15,Romania,Norway,-18.550224311176407,-0.6000000000000001,0.0,0,H
2020-11-16,Gambia,Gabon,-1.1500225556906116,0.0,0.0,0,H
2020-11-16,Botswana,Zambia,-29.1611250379583,-2.25,0.0,0,H
2020-11-16,Zimbabwe,Algeria,-29.69548190805199,-1.8333333333333335,0.0,0,D
2020-11-16,Eswatini,Congo,-10.575487366640118,-1.5,0.0,0,D
2020-11-16,Mozambique,Cameroon,-29.424512633359882,-1.6666666666666667,0.0,0,A
2020-11-16,South Africa,São Tomé and Príncipe,10.567681790574625,1.3333333333333333,1.0,0,H
2020-11-16,United States,Panama,1.611098527780996,0.0,0.5,1,H
2020-11-16,Malawi,Burkina Faso,-47.73473955918962,-2.6666666666666665,0.0,0,D
2020-11-16,Basque Country,Costa Rica,28.33311433230392,0.75,0.5,0,H
2020-11-16,United Arab Emirates,Bahrain,-19.991718072945787,-1.5,0.5,0,A
2020-11-16,Jordan,Syria,-10.008281927054213,-2.0,0.5,1,H
2020-11-16,South Sudan,Uganda,-20.0,-2.5,0.0,1,H
2020-11-17,Uruguay,Brazil,-18.869640558852325,-1.0,0.5,0,A
2020-11-17,Namibia,Mali,-29.424512633359882,-2.5,0.0,0,A
2020-11-17,Sudan,Ghana,-29.16111876110108,-1.5,0.0,0,H
2020-11-17,Angola,DR Congo,18.30796014394423,1.3333333333333335,0.5,0,A
2020-11-17,Central African Republic,Morocco,-28.88257580443201,-2.3333333333333335,0.0,1,A
2020-11-17,Rwanda,Cape Verde,0.5269861647846028,-0.33333333333333326,0.5,0,D
2020-11-17,Tanzania,Tunisia,-38.30796014394423,-2.3333333333333335,0.0,0,D
2020-11-17,Paraguay,Bolivia,38.8417158694233,1.6666666666666667,0.5,0,D
2020-11-17,Ethiopia,Niger,-38.57139197187121,-2.5,0.0,0,H
2020-11-17,Madagascar,Ivory Coast,-20.25488611620608,-1.3333333333333333,0.0,0,D
2020-11-17,Sierra Leone,Nigeria,-9.424512633359882,-0.3333333333333333,0.5,0,D
2020-11-17,Lesotho,Benin,-29.424512633359882,-3.0,0.0,0,D
2020-11-17,Togo,Egypt,-20.271179829211633,-2.5,0.0,0,A
2020-11-17,Venezuela,Chile,-29.149116018045788,-1.3333333333333333,0.5,0,H
2020-11-17,Peru,Argentina,-38.84949470627407,-2.0,0.5,0,A
2020-11-17,Uzbekistan,Iraq,-9.720538243734154,0.0,0.5,1,A
2020-11-17,Croatia,Portugal,-45.60520546866201,-0.20000000000000018,0.0,0,A
2020-11-17,France,Sweden,46.7120419360549,0.8,1.0,0,H
2020-11-17,Spain,Germany,-20.30491346565077,-1.0000000000000002,0.5,0,H
2020-11-17,Ecuador,Colombia,10.862754961165365,0.6666666666666667,0.5,0,H
2020-11-17,Luxembourg,Azerbaijan,-2.078777854445434,0.0,1.0,0,D
2020-11-17,Montenegro,Cyprus,51.799309242622485,0.3999999999999999,1.0,0,H
2020-11-17,Andorra,Latvia,-45.03231689805216,-1.0,0.5,0,A
2020-11-17,Switzerland,Ukraine,-8.899443730785151,-0.19999999999999996,0.0,0,H
2020-11-17,Gibraltar,Liechtenstein,-0.24426405642520876,0.0,1.0,0,D
2020-11-17,Bangladesh,Nepal,20.0,3.0,1.0,0,D
2020-11-17,Japan,Mexico,0.5667904693534638,0.0,0.5,1,A
2020-11-17,South Korea,Qatar,1.1095114933655168,-0.5,0.5,1,H
2020-11-17,Saudi Arabia,Jamaica,20.0,3.0,1.0,0,A
2020-11-17,Malta,Faroe Islands,21.219889876675097,1.6,0.0,0,D
2020-11-18,Republic of Ireland,Bulgaria,-1.6542448446664366,-0.19999999999999996,0.5,0,D
2020-11-18,Albania,Belarus,16.317562363201432,0.20000000000000018,1.0,0,H
2020-11-18,Greece,Slovenia,-17.80540746073916,-0.6000000000000001,0.5,0,D
2020-11-18,Kosovo,Moldova,0.1994955075786038,0.0,0.5,0,H
2020-11-18,Georgia,Estonia,42.89675056231545,0.6,1.0,0,D
2020-11-18,Armenia,North Macedonia,-26.014701746546734,-0.6000000000000001,0.0,1,H
2020-11-18,Wales,Finland,-2.958208114306899,-0.7999999999999998,1.0,0,H
2020-11-18,Kazakhstan,Lithuania,-28.022011425417077,-1.2000000000000002,1.0,0,A
2020-11-18,Serbia,Russia,-4.358786889781868,0.6,0.0,0,H
2020-11-18,Czech Republic,Slovakia,16.45447797591396,0.40000000000000013,1.0,0,H
2020-11-18,Israel,Scotland,-26.963661774751472,-0.6000000000000001,0.5,0,H
2020-11-18,Austria,Norway,46.689032227038524,1.2,1.0,0,D
2020-11-18,Northern Ireland,Romania,-48.62561074905784,-1.0,0.5,0,D
2020-11-18,Belgium,Denmark,-2.0034865374327637,-1.0,1.0,0,H
2020-11-18,England,Iceland,46.270322529268014,1.2000000000000002,1.0,0,H
2020-11-18,Poland,Netherlands,18.56787885040444,0.8,0.0,0,A
2020-11-18,Bosnia and Herzegovina,Italy,-75.34005706887433,-1.8000000000000003,0.5,0,A
2020-11-18,Hungary,Turkey,25.91553089942022,0.8000000000000003,1.0,0,H
2020-12-04,Qatar,Bangladesh,-30.215053653506402,-1.6666666666666667,0.5,0,H
2020-12-09,United States,El Salvador,29.873600348023274,2.3333333333333335,0.5,0,H
2021-01-12,United Arab Emirates,Iraq,-19.42498146072853,-1.0,0.5,0,D
2021-01-18,Kuwait,Palestine,0.0,0.0,0.5,0,A
2021-01-19,Dominican Republic,Puerto Rico,0.0,0.0,0.5,0,A
2021-01-22,Guatemala,Puerto Rico,0.0,-1.0,0.5,0,H
2021-01-25,Dominican Republic,Serbia,-12.863228381795352,-1.2,0.5,0,D
2021-01-27,Iraq,Kuwait,19.161779316355478,1.6666666666666667,0.5,0,H
2021-01-28,Panama,Serbia,-3.8341155862069627,0.10000000000000009,0.5,0,D
2021-01-31,United States,Trinidad and Tobago,29.319686654743236,1.5,0.5,0,H
2021-02-01,Jordan,Tajikistan,30.296263785868632,2.0,0.5,1,H
2021-02-05,Jordan,Tajikistan,48.556677561960896,2.3333333333333335,1.0,1,A
2021-02-15,Jordan,Uzbekistan,27.470475520869513,1.0,0.5,1,A
2021-02-24,Guatemala,Nicaragua,20.0,1.3333333333333335,0.5,0,H
2021-03-13,Kenya,South Sudan,-0.8622785981997367,0.0,0.5,0,H
2021-03-15,Kenya,Tanzania,28.080891467271613,1.4166666666666667,0.5,0,H
2021-03-17,Ethiopia,Malawi,18.894733174614885,0.8333333333333333,0.5,0,H
2021-03-20,Oman,Jordan,2.759376462624914,-0.3999999999999999,0.5,1,D
2021-03-24,Latvia,Montenegro,-16.024978677201034,0.0,0.5,0,A
2021-03-24,Malta,Russia,41.010270691904,1.6,0.5,0,A
2021-03-24,Slovenia,Croatia,68.43136827383773,1.4000000000000001,0.5,0,H
2021-03-24,Cyprus,Slovakia,-26.80312623551208,-0.3999999999999999,0.5,0,D
2021-03-24,Chad,Namibia,0.5714536248995046,0.0,0.5,0,A
2021-03-24,Uganda,Burkina Faso,-28.07704492283642,-1.0,0.5,0,D
2021-03-24,South Sudan,Malawi,17.508927970322247,0.6,0.5,1,A
2021-03-24,Gibraltar,Norway,-2.8960160527419703,-0.3999999999999999,0.5,0,A
2021-03-24,São Tomé and Príncipe,Sudan,-11.66819088895977,-1.0,0.5,0,A
2021-03-24,Rwanda,Mozambique,28.836107578753854,1.0,0.5,0,H
2021-03-24,Ethiopia,Madagascar,29.971549980403324,1.4166666666666667,0.5,0,H
2021-03-24,Guinea,Mali,-10.291747213550025,-0.6666666666666665,0.5,1,H
2021-03-24,Estonia,Czech Republic,-61.28724272394993,-1.2000000000000002,0.5,1,A
2021-03-24,Turkey,Netherlands,-18.957671963900566,-0.6000000000000001,0.5,0,H
2021-03-24,Finland,Bosnia and Herzegovina,65.24136468440702,2.1999999999999997,0.5,0,D
2021-03-24,Belarus,Honduras,2.3057229137668855,0.8999999999999999,0.5,0,D
2021-03-24,Jordan,Lebanon,7.032299423063932,1.4,0.5,1,H
2021-03-24,Kosovo,Lithuania,-60.44308496092208,-0.8,0.5,0,H
2021-03-24,Antigua and Barbuda,Montserrat,0.0,0.0,0.5,1,D
2021-03-24,Suriname,Cayman Islands,0.0,0.0,0.5,0,H
2021-03-24,Guatemala,Cuba,29.424988722154694,1.5,0.5,0,H
2021-03-24,Qatar,Luxembourg,0.3168888958350635,-0.3999999999999999,0.5,1,H
2021-03-24,Saint Kitts and Nevis,Puerto Rico,0.0,-0.5,0.5,1,H
2021-03-24,Portugal,Azerbaijan,44.42126857885751,1.2,0.5,1,H
2021-03-24,Serbia,Republic of Ireland,39.326453646919845,0.9999999999999999,0.5,0,H
2021-03-24,France,Ukraine,83.19920070926537,1.4,1.0,0,D
2021-03-24,Belgium,Wales,11.566560884521095,0.19999999999999973,0.5,0,H
2021-03-24,Dominican Republic,Dominica,-9.62993559646543,-0.5,0.5,0,H
2021-03-25,South Africa,Ghana,10.804953179065478,0.25,0.5,0,D
2021-03-25,Andorra,Albania,-81.20204662652122,-2.0,0.5,0,A
2021-03-25,Hungary,Poland,27.968759387231103,0.8000000000000003,0.5,0,D
2021-03-25,Germany,Iceland,52.86993082587287,2.0,0.5,0,H
2021-03-25,Liechtenstein,Armenia,-22.92110745143941,-1.2000000000000002,0.5,0,A
2021-03-25,Romania,North Macedonia,-24.984940956070204,-0.20000000000000018,0.5,0,H
2021-03-25,Gambia,Angola,10.543061466980816,0.6666666666666667,0.5,0,H
2021-03-25,Tajikistan,Mongolia,-17.74994394826308,-0.25,0.5,0,H
2021-03-25,Comoros,Togo,30.271682456797635,1.6666666666666667,0.5,0,D
2021-03-25,Kenya,Egypt,-0.4778544784433052,-1.0,0.5,0,D
2021-03-25,Botswana,Zimbabwe,10.256168376891765,0.8333333333333334,0.5,0,A
2021-03-25,Equatorial Guinea,Tanzania,46.96185147725191,2.75,0.5,0,H
2021-03-25,Libya,Tunisia,-37.19331790981391,-2.0,0.5,0,A
2021-03-25,England,San Marino,63.47323397742389,1.4,0.5,0,H
2021-03-25,Gabon,DR Congo,-11.118072744826122,-0.25,0.5,0,H
2021-03-25,Moldova,Faroe Islands,-70.83677747973297,-1.0,0.5,0,D
2021-03-25,Zambia,Algeria,-10.247648076815494,-0.19999999999999996,0.5,0,D
2021-03-25,Israel,Denmark,-29.030463554608104,-1.0,0.5,0,A
2021-03-25,Bahrain,Syria,29.41718255579076,1.5,0.5,0,H
2021-03-25,India,Oman,0.07941956900890546,0.0,0.5,1,D
2021-03-25,Japan,South Korea,9.99934286247344,0.25,0.5,0,H
2021-03-25,Scotland,Austria,-38.360405794396456,-1.2000000000000002,0.5,0,D
2021-03-25,Saudi Arabia,Kuwait,18.874026895100315,1.5,0.5,0,H
2021-03-25,United States,Jamaica,37.902784512974904,1.1,0.5,1,H
2021-03-25,El Salvador,Grenada,-18.838476406297787,-1.0,0.5,0,H
2021-03-25,Canada,Bermuda,8.866474433049461,1.0,0.5,1,H
2021-03-25,Panama,Barbados,18.194387352120884,1.4,0.5,1,H
2021-03-25,Haiti,Belize,0.0,0.0,0.5,0,H
2021-03-25,Trinidad and Tobago,Guyana,-9.158109136076973,-1.0,0.5,1,H
2021-03-25,Spain,Greece,-7.442224419602326,-0.6000000000000001,0.5,0,D
2021-03-25,Sweden,Georgia,-15.169981341039602,0.0,0.5,0,H
2021-03-25,Bulgaria,Switzerland,-10.253762979501516,-0.19999999999999996,0.5,0,A
2021-03-25,Italy,Northern Ireland,90.4889046011233,2.0,0.5,0,H
2021-03-25,Curaçao,Saint Vincent and the Grenadines,0.0,0.0,0.5,0,H
2021-03-26,Congo,Senegal,-10.0,-0.6666666666666667,0.5,0,D
2021-03-26,Niger,Ivory Coast,17.784729589178824,1.0,0.5,1,A
2021-03-26,Eswatini,Guinea-Bissau,10.0,0.5,0.5,0,A
2021-03-26,Chile,Bolivia,17.4663843203316,0.75,0.5,0,H
2021-03-26,Mauritania,Morocco,-28.324384605566138,-1.1666666666666667,0.5,0,D
2021-03-26,Burundi,Central African Republic,38.899395883411444,2.3333333333333335,0.5,0,D
2021-03-26,Cape Verde,Cameroon,-19.395282406303295,-0.75,0.5,0,H
2021-03-27,Belarus,Estonia,43.346908554717174,0.9999999999999999,0.5,0,H
2021-03-27,Lesotho,Sierra Leone,9.998682493237084,0.0,0.5,0,D
2021-03-27,Slovakia,Malta,-34.65061018121719,-0.6000000000000001,0.5,0,D
2021-03-27,Croatia,Cyprus,8.19791260298166,-0.8,0.5,0,H
2021-03-27,Russia,Slovenia,-51.486770389717094,-1.2000000000000002,0.5,0,H
2021-03-27,Norway,Turkey,7.7916347129933,0.3999999999999999,0.5,1,A
2021-03-27,Benin,Nigeria,28.851294951072305,1.5833333333333335,0.5,0,A
2021-03-27,Netherlands,Latvia,1.1015225671239932,0.20000000000000018,0.5,0,H
2021-03-27,Montenegro,Gibraltar,46.80677728056094,0.6000000000000001,0.5,0,H
2021-03-27,Czech Republic,Belgium,-30.87112935522873,-1.2,0.5,0,D
2021-03-27,Serbia,Portugal,-33.61356107065035,-0.5999999999999999,0.5,0,D
2021-03-27,Aruba,Suriname,-10.0,-2.0,0.5,1,A
2021-03-27,Bahamas,Saint Kitts and Nevis,-10.0,-2.0,0.5,0,A
2021-03-27,Turks and Caicos Islands,Nicaragua,9.424988722154694,0.33333333333333337,0.5,1,A
2021-03-27,Anguilla,Dominican Republic,-0.6471652738594003,-0.33333333333333326,0.5,1,A
2021-03-27,British Virgin Islands,Guatemala,-38.58008857995037,-1.6,0.5,1,A
2021-03-27,United States Virgin Islands,Antigua and Barbuda,0.0,0.0,0.5,0,A
2021-03-27,Wales,Mexico,-3.0627504668370875,-0.5,0.5,0,H
2021-03-27,Qatar,Azerbaijan,17.077027479117305,0.5999999999999999,0.5,1,H
2021-03-27,Nepal,Bangladesh,-7.982504111493654,-0.8333333333333333,0.0,0,D
2021-03-27,Bosnia and Herzegovina,Costa Rica,-6.752765009567838,0.0,0.5,0,D
2021-03-27,Republic of Ireland,Luxembourg,-25.586183274870564,-0.6000000000000001,0.5,0,A
2021-03-28,Albania,England,-0.047689793770814504,0.8,0.5,0,A
2021-03-28,Tanzania,Libya,-7.834814399563811,0.2,0.5,0,H
2021-03-28,San Marino,Hungary,-80.13287048925054,-1.4,0.5,0,A
2021-03-28,Armenia,Iceland,74.97224618843984,2.2,0.5,0,H
2021-03-28,North Macedonia,Liechtenstein,26.064420539546745,0.9999999999999999,0.5,0,H
2021-03-28,Sudan,South Africa,-8.31617376066015,0.0,0.5,0,H
2021-03-28,Namibia,Guinea,-37.72267828888471,-1.5,0.5,0,H
2021-03-28,Mali,Chad,46.88359999104523,2.0,0.5,0,H
2021-03-28,Ghana,São Tomé and Príncipe,29.12977147900483,1.4,0.5,0,H
2021-03-28,Tunisia,Equatorial Guinea,-1.3795999011167623,-0.7999999999999998,0.5,0,H
2021-03-28,Israel,Scotland,-15.680629068955795,0.19999999999999996,1.0,0,D
2021-03-28,Romania,Germany,-13.965841850524157,0.0,0.5,0,A
2021-03-28,Austria,Faroe Islands,37.45442112973819,1.0000000000000002,0.5,0,H
2021-03-28,Poland,Andorra,70.56978095012346,1.4,0.5,0,H
2021-03-28,Ukraine,Finland,-51.65078515645223,-1.2,0.5,0,D
2021-03-28,Denmark,Moldova,99.79053594594166,2.0,0.5,0,H
2021-03-28,Greece,Honduras,34.515461527693105,1.1333333333333333,0.5,0,H
2021-03-28,Northern Ireland,United States,-100.39129827910847,-2.4,0.5,0,A
2021-03-28,Cuba,Curaçao,-19.155099857795676,-3.0,0.5,1,A
2021-03-28,Dominica,Panama,-18.523301117309984,-1.4,0.5,1,A
2021-03-28,Montserrat,El Salvador,8.296792210597232,0.0,0.5,1,D
2021-03-28,Georgia,Spain,-30.417872656867075,-0.7999999999999999,0.5,0,A
2021-03-28,Kosovo,Sweden,-23.797708457518638,0.19999999999999996,0.0,0,A
2021-03-28,Switzerland,Lithuania,-21.479362615860964,0.20000000000000018,0.5,0,H
2021-03-28,Bulgaria,Italy,-97.4840682060385,-1.8,0.5,0,A
2021-03-28,Kazakhstan,France,-72.74229627847467,-1.6,0.5,0,A
2021-03-28,Puerto Rico,Trinidad and Tobago,-11.105421402333604,-0.5,0.5,0,D
2021-03-29,Togo,Kenya,-37.77240754060563,-1.1,0.5,0,A
2021-03-29,United Arab Emirates,India,-9.143888103953486,0.0,0.5,0,H
2021-03-29,Zimbabwe,Zambia,-7.742329860225482,-0.1499999999999999,0.5,0,A
2021-03-29,Algeria,Botswana,27.734299601252815,0.8,0.5,0,H
2021-03-29,Egypt,Comoros,9.689253970005893,0.6666666666666667,0.5,0,H
2021-03-29,DR Congo,Gambia,-27.814639156569456,-1.25,0.5,0,H
2021-03-29,Angola,Gabon,-11.6434177236315,-0.5,0.5,0,H
2021-03-29,Burkina Faso,South Sudan,46.64899424756618,1.4000000000000001,0.5,0,H
2021-03-29,Cayman Islands,Canada,-28.611332170279866,-2.25,0.5,1,A
2021-03-29,Uzbekistan,Iraq,-27.262628787499125,-0.8,0.0,0,A
2021-03-29,Nepal,Bangladesh,-7.5230750744608486,-0.5833333333333334,0.0,0,H
2021-03-29,Kuwait,Lebanon,-9.396455654932652,0.0,0.5,1,D
2021-03-29,Ecuador,Bolivia,56.92180405685531,2.05,1.0,0,H
2021-03-29,Malawi,Uganda,-16.686570178454303,-0.33333333333333326,0.5,0,H
2021-03-30,Turkey,Latvia,23.42657960610336,0.6000000000000001,0.5,0,D
2021-03-30,Cyprus,Slovenia,-91.03314945652164,-0.8,0.5,0,H
2021-03-30,Croatia,Malta,-40.95784535360008,-0.8,0.5,0,H
2021-03-30,Slovakia,Russia,-26.46730114607999,0.20000000000000018,0.5,0,H
2021-03-30,Saudi Arabia,Palestine,-1.1177156908413508,-1.0,0.5,0,H
2021-03-30,Nigeria,Lesotho,9.99965391106798,0.5333333333333333,0.5,0,H
2021-03-30,Central African Republic,Mauritania,-18.597876220692342,-0.9166666666666667,0.5,0,A
2021-03-30,Guinea-Bissau,Congo,-9.966901320575744,-0.25,0.5,0,H
2021-03-30,Cameroon,Rwanda,-0.8309605748552258,-0.06666666666666665,0.5,0,D
2021-03-30,Mozambique,Cape Verde,-48.06904970817732,-1.6,0.5,0,A
2021-03-30,Senegal,Eswatini,29.966901320575744,1.4166666666666667,0.5,0,D
2021-03-30,Ivory Coast,Ethiopia,-9.509353618969953,-0.3999999999999999,0.5,0,H
2021-03-30,Madagascar,Niger,-35.503013764394154,-1.55,0.5,0,D
2021-03-30,Morocco,Burundi,8.62590426828524,0.20000000000000018,0.5,0,H
2021-03-30,Montenegro,Norway,42.962573511746314,0.8000000000000003,0.5,0,A
2021-03-30,Japan,Mongolia,30.477636684227036,2.0,0.5,0,H
2021-03-30,Belgium,Belarus,55.6746087684935,1.2000000000000002,0.5,0,H
2021-03-30,Gibraltar,Netherlands,-31.434319613067146,-1.6,0.5,0,A
2021-03-30,Bahrain,Jordan,31.175140663168577,1.6,0.5,0,A
2021-03-30,Costa Rica,Mexico,-57.3463672835112,-1.6,0.5,1,A
2021-03-30,Republic of Ireland,Qatar,-64.6586085114975,-1.8,0.5,1,D
2021-03-30,Grenada,United States Virgin Islands,-0.5416841957005545,0.0,0.5,0,H
2021-03-30,Bermuda,Aruba,-0.032601420550463445,0.0,0.5,1,H
2021-03-30,Iran,Syria,28.582594283346907,2.0,0.5,0,H
2021-03-30,Barbados,Anguilla,-18.920417231534657,0.0,0.5,1,H
2021-03-30,Belize,Turks and Caicos Islands,0.271206458861343,0.0,0.5,1,H
2021-03-30,Guyana,Bahamas,-0.5512742217306368,0.0,0.5,1,H
2021-03-30,Azerbaijan,Serbia,-38.73780451230505,-1.2000000000000002,0.5,0,A
2021-03-30,Luxembourg,Portugal,-54.870269967238755,-1.2,0.5,0,A
2021-03-30,Wales,Czech Republic,9.172086609956523,0.0,0.5,0,H
2021-03-30,Saint Vincent and the Grenadines,British Virgin Islands,-1.1058826105540902,0.0,0.5,1,H
2021-03-31,Austria,Denmark,6.200422943760486,-0.19999999999999973,0.5,0,A
2021-03-31,Liechtenstein,Iceland,31.992469252306364,0.4,0.5,0,A
2021-03-31,Germany,North Macedonia,10.763712838306674,0.5999999999999999,0.5,0,A
2021-03-31,Armenia,Romania,36.56157245461077,0.6000000000000001,0.5,0,H
2021-03-31,San Marino,Albania,-77.54685342337189,-2.0,0.5,0,A
2021-03-31,Andorra,Hungary,-112.66195103122345,-2.2,0.5,0,A
2021-03-31,Moldova,Israel,-60.082597242717156,-0.9999999999999999,0.5,0,A
2021-03-31,Scotland,Faroe Islands,9.76840161666155,0.0,0.5,0,H
2021-03-31,England,Poland,28.091191385241473,1.0,0.5,0,H
2021-03-31,Bosnia and Herzegovina,France,-96.1199157059873,-1.6,0.5,0,A
2021-03-31,Lithuania,Italy,-64.22403093019625,-1.8,0.5,0,A
2021-03-31,Northern Ireland,Bulgaria,-7.833304393695016,-0.6000000000000001,0.5,0,D
2021-03-31,Greece,Georgia,55.56830742376201,2.0,0.5,0,D
2021-03-31,Spain,Kosovo,66.95571199467395,0.6000000000000001,0.5,0,H
2021-03-31,Switzerland,Finland,-20.589794742107188,0.3999999999999999,0.5,0,H
2021-03-31,Sweden,Estonia,62.0352631164169,1.6,0.5,0,H
2021-03-31,Ukraine,Kazakhstan,3.6550791725483123,0.2,0.5,0,D
2021-05-23,Ukraine,Bahrain,-60.421014386270826,-1.7999999999999998,0.5,0,D
2021-05-24,Iraq,Tajikistan,35.06724599835593,1.0000000000000002,0.5,0,D
2021-05-24,United Arab Emirates,Jordan,-16.895609640309885,0.0,0.5,0,H
2021-05-25,Indonesia,Afghanistan,0.0,0.0,0.5,1,A
2021-05-25,Oman,Thailand,-0.07713369010252791,0.0,0.5,1,H
2021-05-27,Turkey,Azerbaijan,47.59027664663154,1.6,0.5,0,H
2021-05-28,Japan,Myanmar,29.092222526925525,1.4,0.5,0,H
2021-05-28,Bahrain,Malaysia,25.676178713044692,1.0,0.5,0,H
2021-05-28,Italy,San Marino,127.79302873659503,2.8,0.5,0,H
2021-05-29,Indonesia,Oman,-19.925086395923472,-1.6666666666666667,0.5,1,A
2021-05-29,Iraq,Nepal,25.80061601146349,0.9500000000000002,0.5,0,H
2021-05-29,Mexico,Iceland,69.82233635399484,1.4,0.5,1,H
2021-05-29,Singapore,Afghanistan,-10.0,-2.0,0.5,1,D
2021-05-29,Sweden,Finland,5.212716473138698,1.4,0.5,0,H
2021-05-29,Thailand,Tajikistan,-3.7686195946942007,-1.4,0.5,1,D
2021-05-30,Malta,Northern Ireland,64.60203346371713,0.6,0.5,1,A
2021-05-30,Switzerland,United States,-48.79602813403926,-0.3999999999999999,0.5,0,H
2021-05-30,China,Guam,0.0,0.0,0.5,0,H
2021-05-31,Jordan,Vietnam,7.526645401125961,0.3999999999999999,0.5,1,D
2021-05-31,Turkey,Guinea,3.0315118764056024,0.0,0.5,0,D
2021-06-01,Lithuania,Estonia,55.363344924795456,0.39999999999999997,1.0,0,A
2021-06-01,Poland,Russia,9.294151599673796,-0.3999999999999999,0.5,0,D
2021-06-01,Slovakia,Bulgaria,46.49077687155773,1.2000000000000002,0.5,1,D
2021-06-01,Kosovo,San Marino,18.082499928330662,1.0,0.5,0,H
2021-06-01,North Macedonia,Slovenia,8.525465118082138,0.40000000000000013,0.5,0,D
2021-06-01,Croatia,Armenia,-60.902090163931234,-1.8,0.5,0,D
2021-06-02,Puerto Rico,Bahamas,10.047654159395961,1.0,0.5,0,H
2021-06-02,Dominica,Anguilla,0.7809468266286785,0.0,0.5,1,H
2021-06-02,Cayman Islands,Aruba,0.5348385033887553,0.0,0.5,1,A
2021-06-02,Montserrat,United States Virgin Islands,19.776835418394512,1.0,0.5,1,H
2021-06-02,Romania,Georgia,12.856236298400063,0.9999999999999999,0.5,0,A
2021-06-02,Norway,Luxembourg,30.828928312835842,0.5999999999999999,0.5,1,H
2021-06-02,Cuba,British Virgin Islands,0.3216174445008164,0.0,0.5,1,H
2021-06-02,Mozambique,Lesotho,-27.797180817186245,-0.5,0.5,0,H
2021-06-02,Germany,Denmark,-32.05938177123767,-0.5999999999999999,0.5,1,D
2021-06-02,France,Wales,12.861769181254203,0.20000000000000018,0.5,0,H
2021-06-02,England,Austria,12.456121232048872,0.7999999999999998,0.5,0,H
2021-06-02,Bosnia and Herzegovina,Montenegro,-83.31152493952868,-1.6,0.5,0,D
2021-06-02,Belarus,Azerbaijan,36.63303353938386,1.2,0.5,0,A
2021-06-02,Netherlands,Scotland,3.033892811929718,1.4,0.5,1,D
2021-06-03,United Arab Emirates,Malaysia,20.865181913850392,2.0,0.5,0,H
2021-06-03,Thailand,Indonesia,9.5333830578154,0.5,0.5,1,D
2021-06-03,Bolivia,Venezuela,-27.86516218431325,-0.55,0.5,0,H
2021-06-03,Uruguay,Paraguay,-8.623107348342728,0.0,0.5,0,D
2021-06-03,Kuwait,Australia,-28.635947946552733,-0.75,0.5,0,A
2021-06-03,Peru,Colombia,-18.040245262106737,-0.75,0.5,0,A
2021-06-03,Qatar,India,18.00274116361311,1.5,0.5,0,H
2021-06-03,Bangladesh,Afghanistan,-21.600953117791505,-1.0,0.5,1,D
2021-06-03,Argentina,Chile,28.804538218100788,1.1,0.5,0,D
2021-06-03,Palestine,Singapore,-0.319914015938366,0.5,0.5,1,H
2021-06-03,United States,Honduras,62.12765478243591,1.9,0.5,0,H
2021-06-03,Iran,Hong Kong,28.32674913975552,2.0,0.5,0,H
2021-06-03,Bahrain,Cambodia,34.93850133738215,1.0,0.5,0,H
2021-06-03,Andorra,Republic of Ireland,-22.84295560454325,-0.4,0.5,0,A
2021-06-03,Belgium,Greece,33.0781500932319,0.8,0.5,0,D
2021-06-03,Switzerland,Liechtenstein,48.84821118203786,2.8,0.5,0,H
2021-06-03,Algeria,Mauritania,17.4810280465058,0.19999999999999996,0.5,0,H
2021-06-03,Ukraine,Northern Ireland,16.823401044228603,-0.19999999999999996,0.5,0,H
2021-06-03,Mexico,Costa Rica,82.09187601904091,2.0,1.0,1,D
2021-06-03,Nepal,Taiwan,-8.237537146831755,0.0,0.5,1,H
2021-06-03,Turkey,Moldova,97.07071653430194,2.0,0.5,1,H
2021-06-04,Maldives,Syria,18.61420058764702,0.25,0.5,1,A
2021-06-04,Brazil,Ecuador,9.976186145805286,0.6000000000000001,0.5,0,H
2021-06-04,Saint Kitts and Nevis,Guyana,19.95991992084214,1.5,0.5,0,H
2021-06-04,Nicaragua,Belize,0.8540236844874016,-0.25,0.5,0,H
2021-06-04,Dominican Republic,Barbados,28.98629302871791,1.0,0.5,0,D
2021-06-04,Guatemala,Saint Vincent and the Grenadines,47.442376216718685,1.5,0.5,0,H
2021-06-04,Suriname,Bermuda,19.456175709600984,1.5,0.5,0,H
2021-06-04,Antigua and Barbuda,Grenada,10.526093283906448,0.5,0.5,0,H
2021-06-04,Latvia,Lithuania,14.419310324492471,0.4,0.5,0,H
2021-06-04,Spain,Portugal,-17.54747166490006,0.20000000000000018,0.5,0,D
2021-06-04,Slovenia,Gibraltar,55.909414732752566,0.6,0.5,0,H
2021-06-04,Finland,Estonia,51.858870452543215,-0.4,0.5,0,A
2021-06-04,Hungary,Cyprus,90.61989352890055,0.8000000000000003,0.5,0,H
2021-06-04,Italy,Czech Republic,56.47349043889744,1.0,0.5,0,H
2021-06-04,Faroe Islands,Iceland,37.16782887799536,0.0,0.5,0,A
2021-06-04,Nigeria,Cameroon,2.2232198410874844,0.19999999999999996,0.5,1,A
2021-06-04,North Macedonia,Kazakhstan,70.34777967849436,0.9999999999999999,0.5,0,H
2021-06-04,Rwanda,Central African Republic,36.36640846061891,1.25,0.5,0,H
2021-06-04,Kosovo,Malta,-31.67813629098464,1.4,0.5,1,H
2021-06-05,Lebanon,Sri Lanka,-19.780263918413766,-0.6666666666666667,0.5,1,H
2021-06-05,Bahamas,Trinidad and Tobago,-30.22489960556186,-1.3333333333333333,0.5,0,D
2021-06-05,Turks and Caicos Islands,Haiti,-30.26340051108059,-3.0,0.5,0,A
2021-06-05,Panama,Anguilla,48.21649273055482,1.4,0.5,0,H
2021-06-05,Aruba,Canada,-37.487489111466175,-1.4,0.5,1,A
2021-06-05,United States Virgin Islands,El Salvador,-21.388945107800964,-1.0,0.5,0,A
2021-06-05,South Korea,Turkmenistan,-9.456697051464062,0.0,0.5,0,H
2021-06-05,Saudi Arabia,Yemen,18.914454641776956,1.25,0.5,0,H
2021-06-05,British Virgin Islands,Curaçao,-48.36592009042761,-3.0,0.5,1,A
2021-06-05,Tunisia,DR Congo,34.60264508133969,0.6000000000000001,0.5,0,H
2021-06-05,Sweden,Armenia,-24.942845414055228,-0.20000000000000018,0.5,0,H
2021-06-05,Senegal,Zambia,-9.840209872597143,-0.3999999999999999,0.5,0,H
2021-06-05,Russia,Bulgaria,50.374699080465916,0.7999999999999999,0.5,0,H
2021-06-05,Niger,Gambia,-2.132799792987498,-0.40000000000000013,0.5,1,A
2021-06-05,Montenegro,Israel,29.256930816383374,0.6000000000000001,0.5,0,A
2021-06-05,Ivory Coast,Burkina Faso,-14.60784739410633,-0.20000000000000018,0.5,0,H
2021-06-05,Guinea,Togo,45.62217477844911,1.2000000000000002,0.5,1,A
2021-06-05,Wales,Albania,3.6573893106547075,-0.5999999999999999,0.5,0,D
2021-06-06,United States,Mexico,17.720773677767966,0.3999999999999999,0.5,0,H
2021-06-06,Honduras,Costa Rica,16.584143926176694,-0.19999999999999996,0.5,1,D
2021-06-06,Norway,Greece,-12.410205515989901,0.6000000000000001,0.5,1,A
2021-06-06,Netherlands,Georgia,29.499111571485628,1.0,0.5,0,H
2021-06-06,Moldova,Azerbaijan,-50.61727343399161,-0.39999999999999997,0.5,0,H
2021-06-06,Luxembourg,Scotland,-45.133106747995726,-0.3999999999999999,0.5,0,A
2021-06-06,Denmark,Bosnia and Herzegovina,104.4356931733937,1.4,0.5,0,H
2021-06-06,Belgium,Croatia,76.37152073656625,0.8000000000000003,0.5,0,H
2021-06-06,Austria,Slovakia,39.950883386554324,-0.19999999999999996,0.5,0,D
2021-06-06,Algeria,Mali,10.027019516293194,-0.19999999999999973,0.5,0,H
2021-06-06,England,Romania,82.17471105581149,2.2,0.5,0,H
2021-06-07,Iraq,Cambodia,45.07836529256792,2.2,0.5,1,H
2021-06-07,Bahrain,Iran,6.423025030951749,-1.0,0.5,0,A
2021-06-07,Vietnam,Indonesia,19.369414215034794,0.6666666666666667,0.5,1,H
2021-06-07,United Arab Emirates,Thailand,31.171110740424638,1.3333333333333335,0.5,0,H
2021-06-07,Japan,Tajikistan,44.598898389550186,0.7999999999999998,0.5,0,H
2021-06-07,Kyrgyzstan,Mongolia,19.63546672929624,1.0,0.5,1,A
2021-06-07,Bangladesh,India,8.479938849486189,0.26666666666666666,0.5,1,A
2021-06-07,Uzbekistan,Singapore,-8.14727212265916,0.7,0.5,1,H
2021-06-07,Qatar,Oman,-2.132587729119223,0.6000000000000001,0.5,0,H
2021-06-07,Australia,Taiwan,19.414703406620447,3.0,0.5,1,H
2021-06-07,China,Philippines,10.0,2.0,0.5,1,H
2021-06-07,Guam,Syria,-1.9210471478211275,-1.2,0.5,1,A
2021-06-07,Ukraine,Cyprus,25.973835773358132,0.5999999999999999,0.5,0,H
2021-06-07,Serbia,Jamaica,29.448185477047446,0.8,0.5,1,D
2021-06-07,Rwanda,Central African Republic,54.280601523032146,1.6,1.0,0,H
2021-06-07,Germany,Latvia,25.50159956326661,0.0,0.5,0,H
2021-06-07,Faroe Islands,Liechtenstein,16.53234371040344,0.2,0.5,0,H
2021-06-07,Andorra,Gibraltar,-46.95927337475973,-0.2,0.5,0,D
2021-06-07,Nepal,Jordan,-5.310531201101412,0.0,0.5,1,A
2021-06-08,Saint Vincent and the Grenadines,Cuba,0.00249350168996898,0.0,0.5,1,A
2021-06-08,Barbados,Dominica,-7.758452985027361,-0.19999999999999996,0.5,1,D
2021-06-08,Panama,Dominican Republic,16.538444199054084,0.3999999999999999,0.5,0,H
2021-06-08,Haiti,Nicaragua,8.30950861222891,1.4,0.5,0,H
2021-06-08,Guyana,Puerto Rico,-9.704218886352692,-0.3999999999999999,0.5,1,A
2021-06-08,Paraguay,Brazil,-39.12245933808208,-1.6,0.5,0,A
2021-06-08,Ecuador,Peru,56.42234009508229,2.1999999999999997,0.5,0,A
2021-06-08,Colombia,Argentina,-28.27377383296016,-0.8000000000000003,0.5,0,D
2021-06-08,Venezuela,Uruguay,-29.049118493648848,-0.7999999999999999,0.5,0,D
2021-06-08,Bermuda,Cayman Islands,20.009239760292303,1.0,0.5,1,D
2021-06-08,Chile,Bolivia,34.8648046148362,0.8,1.0,0,D
2021-06-08,Trinidad and Tobago,Saint Kitts and Nevis,-29.220258924641257,-1.75,0.5,1,H
2021-06-08,Canada,Suriname,7.562032167619691,-0.6000000000000001,0.5,1,H
2021-06-08,Curaçao,Guatemala,-28.05105884399586,0.0,0.5,0,D
2021-06-08,Grenada,Montserrat,-19.41585604640636,-0.6666666666666667,0.5,0,A
2021-06-08,Spain,Lithuania,69.1972529334214,2.2,0.5,0,H
2021-06-08,Senegal,Cape Verde,0.46349946437680956,0.6000000000000001,0.5,0,H
2021-06-08,Poland,Iceland,46.6603040821044,-0.19999999999999996,0.5,0,D
2021-06-08,Mozambique,Eswatini,-16.45534812025585,0.09999999999999998,0.5,0,D
2021-06-08,Morocco,Ghana,28.617615737691494,0.20000000000000018,0.5,0,H
2021-06-08,Kosovo,Guinea,-34.540029916820004,0.8,0.5,1,A
2021-06-08,Hungary,Republic of Ireland,101.65764843867896,1.6,0.5,0,D
2021-06-08,Gambia,Togo,34.73352855605367,1.0,0.5,1,H
2021-06-08,France,Bulgaria,128.78453218176332,2.2,0.5,0,H
2021-06-08,Czech Republic,Albania,-23.85084642315246,-0.6000000000000001,0.5,0,H
2021-06-08,Cameroon,Nigeria,17.904757233795408,0.3999999999999999,1.0,1,D
2021-06-08,Benin,Zambia,-0.35351803415255745,0.3500000000000001,0.5,0,D
2021-06-08,El Salvador,Antigua and Barbuda,-18.37001084286976,-0.9333333333333336,0.5,0,H
2021-06-09,South Korea,Sri Lanka,11.38412882079865,1.5,0.5,0,H
2021-06-09,United States,Costa Rica,104.18651014367788,1.7999999999999998,1.0,0,H
2021-06-09,Turkmenistan,Lebanon,-1.0605619538489464,-1.0,0.5,1,H
2021-06-09,Niger,Congo,6.300048410121917,-0.19999999999999996,0.5,1,A
2021-06-09,Portugal,Israel,40.67195602180141,0.20000000000000018,0.5,0,H
2021-06-10,Estonia,Latvia,-35.458653505892016,0.3999999999999999,0.5,0,H
2021-06-10,South Africa,Uganda,9.673979727897631,0.3999999999999999,0.5,0,H
2021-06-11,DR Congo,Mali,-24.386852622469405,-0.40000000000000013,0.5,1,D
2021-06-11,Saudi Arabia,Singapore,48.32650860739318,2.0666666666666664,0.5,0,H
2021-06-11,Italy,Turkey,54.68912750940922,0.7999999999999998,0.5,0,H
2021-06-11,Tunisia,Algeria,-1.219514129099025,0.3999999999999999,0.5,0,A
2021-06-11,United Arab Emirates,Indonesia,58.7041489327587,2.35,0.5,0,H
2021-06-11,Mauritania,Liberia,0.7813810864970492,0.0,0.5,1,H
2021-06-11,Kosovo,Gambia,-64.27534233776169,-1.2,0.5,1,H
2021-06-11,Guinea,Niger,29.477871509930765,1.2,0.5,1,H
2021-06-11,Japan,Serbia,26.715921307282997,0.5999999999999999,0.5,0,H
2021-06-11,Kuwait,Jordan,-54.970807934951154,-1.8,0.5,0,D
2021-06-11,Myanmar,Kyrgyzstan,1.399943196809545,0.0,0.5,1,A
2021-06-11,Afghanistan,Oman,-0.19951341470687112,0.06666666666666665,0.5,1,A
2021-06-11,Yemen,Uzbekistan,-1.821853483698078,-1.2,0.5,1,A
2021-06-11,Hong Kong,Iraq,-53.9768646031016,-2.6,0.5,1,A
2021-06-11,Cambodia,Iran,-65.40562730884062,-3.0,0.5,1,A
2021-06-11,Nepal,Australia,-26.46708198237593,-1.6,0.5,1,A
2021-06-11,China,Maldives,30.247504052148088,3.0,0.5,1,H
2021-06-11,Philippines,Guam,10.232452065213238,0.0,0.5,1,H
2021-06-11,Malaysia,Vietnam,-28.32217603358572,-2.0,0.5,1,A
2021-06-12,Russia,Belgium,-64.28680552798755,-0.20000000000000018,0.5,0,A
2021-06-12,Denmark,Finland,78.63255592170594,2.2,0.5,0,A
2021-06-12,Wales,Switzerland,10.964986492308071,-1.6,0.5,0,D
2021-06-12,Morocco,Burkina Faso,21.50008819083132,1.0,0.5,0,H
2021-06-12,Panama,Curaçao,6.987270227020417,0.10000000000000009,0.5,0,H
2021-06-12,Ghana,Ivory Coast,-31.706433339582873,-1.2000000000000002,0.5,0,D
2021-06-12,Saint Kitts and Nevis,El Salvador,6.443989748134754,0.25,0.5,0,A
2021-06-12,Haiti,Canada,-17.605236618182744,0.6000000000000001,0.5,0,A
2021-06-12,Mexico,Honduras,51.854734298184894,0.9999999999999999,0.5,1,D
2021-06-13,Colombia,Ecuador,-6.9978111819239075,-0.8,0.0,1,H
2021-06-13,Brazil,Venezuela,84.34294343384886,2.2,1.0,0,H
2021-06-13,England,Croatia,92.02166011930171,1.6,0.5,0,H
2021-06-13,Netherlands,Ukraine,41.162581595190204,0.19999999999999996,0.5,0,H
2021-06-13,Tanzania,Malawi,-19.99259358522454,-0.5999999999999999,0.5,0,H
2021-06-13,Sudan,Zambia,3.2056700510518112,1.0,0.5,0,A
2021-06-13,South Korea,Lebanon,29.729958820125375,1.0,0.5,0,H
2021-06-13,Austria,North Macedonia,-10.49637391808892,-1.0,0.5,1,H
2021-06-14,Libya,Liberia,-28.606505423083036,0.0,0.5,1,A
2021-06-14,Scotland,Czech Republic,5.19248554335104,0.40000000000000013,1.0,0,A
2021-06-14,Poland,Slovakia,12.823739158231092,-0.19999999999999996,0.5,1,A
2021-06-14,Spain,Sweden,12.3611565491301,-0.7999999999999998,0.5,0,D
2021-06-14,Argentina,Chile,27.338346234723076,0.19999999999999996,0.5,1,D
2021-06-14,Paraguay,Bolivia,33.561651570530785,0.19999999999999996,0.5,1,H
2021-06-15,Canada,Haiti,36.59266422743917,0.75,1.0,1,H
2021-06-15,Curaçao,Panama,-26.58510483772443,-1.0,0.0,0,D
2021-06-15,El Salvador,Saint Kitts and Nevis,13.926913590668846,0.8,1.0,0,H
2021-06-15,Tunisia,Mali,18.966323827943143,0.6000000000000001,0.5,0,H
2021-06-15,Kuwait,Taiwan,-16.565653078697324,0.4,0.5,0,H
2021-06-15,Hungary,Portugal,-5.754269392944707,0.0,0.5,0,A
2021-06-15,Germany,France,-40.971097638902165,-0.6000000000000001,0.5,0,A
2021-06-15,United Arab Emirates,Vietnam,19.58820737495057,0.6666666666666665,0.5,0,H
2021-06-15,Djibouti,Somalia,0.0,0.0,0.5,0,H
2021-06-15,Thailand,Malaysia,8.575816950169155,0.5,0.5,1,A
2021-06-15,Sierra Leone,Benin,-26.627387812908864,-1.0,0.5,1,H
2021-06-15,Tajikistan,Myanmar,4.139492602282189,1.6,0.5,1,H
2021-06-15,Philippines,Maldives,19.660162601978527,1.5,0.5,1,D
2021-06-15,China,Syria,26.97810049253576,1.8,0.5,0,H
2021-06-15,Australia,Jordan,12.271027569114267,1.4,0.5,1,H
2021-06-15,Bahrain,Hong Kong,51.396710986438165,1.4,0.5,0,H
2021-06-15,Japan,Kyrgyzstan,56.73700332791827,1.5,0.5,0,H
2021-06-15,Palestine,Yemen,29.380736269915587,2.0,0.5,1,H
2021-06-15,Saudi Arabia,Uzbekistan,34.675261465818494,0.5999999999999999,0.5,0,H
2021-06-15,Bangladesh,Oman,-40.79689674694896,-1.6,0.5,1,A
2021-06-15,India,Afghanistan,-8.600759484422952,-0.25,0.5,1,D
2021-06-15,Iran,Iraq,2.588319394800237,0.3999999999999999,0.5,0,H
2021-06-16,Turkey,Wales,-16.85918956255159,0.0,0.5,1,A
2021-06-16,Italy,Switzerland,65.04152510454924,0.3999999999999999,0.5,0,H
2021-06-16,Russia,Finland,3.430822708806545,0.5999999999999999,0.5,0,H
2021-06-17,Denmark,Belgium,-29.876809266165537,-0.20000000000000018,0.0,0,A
2021-06-17,Ukraine,North Macedonia,-52.932588803134195,-0.3999999999999999,0.5,1,H
2021-06-17,Netherlands,Austria,-4.236153469058763,1.2000000000000002,0.5,0,H
2021-06-17,Colombia,Venezuela,45.27491527865641,0.5999999999999999,1.0,1,D
2021-06-17,Brazil,Peru,90.71227470840199,2.4,1.0,0,H
2021-06-17,Algeria,Liberia,57.73236348549813,1.1,0.5,0,H
2021-06-18,Argentina,Uruguay,25.9382695273639,0.3999999999999999,0.5,1,H
2021-06-18,Chile,Bolivia,42.68678716844829,0.3999999999999999,1.0,1,H
2021-06-18,Sweden,Slovakia,27.230620805233684,0.8,0.5,1,H
2021-06-18,England,Scotland,64.18218635768653,1.4,0.5,0,D
2021-06-18,Croatia,Czech Republic,-57.76916423111925,0.0,0.5,1,D
2021-06-19,Spain,Poland,46.79463163857872,1.2000000000000002,0.5,0,D
2021-06-19,Hungary,France,-39.17446399753885,-1.0,0.5,0,D
2021-06-19,Germany,Portugal,-44.87207698591624,-0.8000000000000003,0.5,0,H
2021-06-19,Libya,Sudan,-49.25812495980517,-1.8,0.5,1,A
2021-06-20,Italy,Wales,53.34191157657597,1.4,0.5,0,H
2021-06-20,Switzerland,Turkey,7.890801873228384,0.6000000000000001,0.5,1,H
2021-06-20,Venezuela,Ecuador,-30.57416409209509,-0.19999999999999996,0.5,1,D
2021-06-20,Colombia,Peru,42.557291429212,1.0,1.0,1,A
2021-06-20,Oman,Somalia,38.116239840373055,2.4,0.5,1,H
2021-06-21,Argentina,Paraguay,26.073797630125455,0.6000000000000001,0.5,1,H
2021-06-21,Uruguay,Chile,-18.2027461470027,-0.8,1.0,1,D
2021-06-21,Ukraine,Austria,-41.40648752331731,1.2,0.5,1,A
2021-06-21,Denmark,Russia,31.707566870530627,0.0,0.5,0,H
2021-06-21,Finland,Belgium,-103.10209058573673,-2.0,0.5,1,A
2021-06-21,Netherlands,North Macedonia,27.50527216518526,1.2000000000000002,0.5,0,H
2021-06-22,Scotland,Croatia,42.84177496408938,0.6000000000000001,0.5,0,A
2021-06-22,England,Czech Republic,48.896784225431475,1.2000000000000002,0.5,0,H
2021-06-22,Mauritania,Yemen,39.318954375534986,1.4,0.5,1,H
2021-06-23,Ecuador,Peru,18.351582618485054,-0.3999999999999999,0.0,1,D
2021-06-23,Lebanon,Djibouti,-38.388467224349824,-2.2,0.5,1,H
2021-06-23,Portugal,France,-23.913017812157932,-0.6000000000000001,0.0,1,D
2021-06-23,Brazil,Colombia,74.26747875584124,1.4,0.5,0,H
2021-06-23,Sweden,Poland,43.0238086870113,2.0,0.5,1,H
2021-06-23,Spain,Slovakia,46.759580380492025,0.19999999999999996,0.5,0,H
2021-06-23,Germany,Hungary,-9.287408564294537,-0.20000000000000018,0.5,0,D
2021-06-24,Bolivia,Uruguay,-42.562520339929506,0.20000000000000007,0.5,1,A
2021-06-24,Chile,Paraguay,8.55613638875684,0.3999999999999999,0.5,1,A
2021-06-24,Palestine,Comoros,19.148675075095753,1.0,0.5,1,H
2021-06-25,Bahrain,Kuwait,68.0508472115705,1.0,0.5,1,H
2021-06-26,Italy,Austria,67.38517667329711,1.6,0.5,1,H
2021-06-26,Wales,Denmark,-12.742733884204654,-0.3999999999999999,0.5,1,A
2021-06-27,El Salvador,Guatemala,-23.671330979259665,0.0,0.5,1,D
2021-06-27,Venezuela,Peru,-10.994830489687956,-0.7999999999999999,0.5,1,A
2021-06-27,Brazil,Ecuador,84.4576656559343,2.6,1.0,0,D
2021-06-27,Netherlands,Czech Republic,36.74914962494404,1.2000000000000002,0.5,1,A
2021-06-27,Belgium,Portugal,36.49485480271392,1.0,0.5,1,H
2021-06-28,Croatia,Spain,-64.90834476689247,-0.8,0.5,1,A
2021-06-28,France,Switzerland,54.72351692780262,0.20000000000000018,0.5,1,D
2021-06-28,Argentina,Bolivia,104.51897795126911,1.0,1.0,1,H
2021-06-28,Uruguay,Paraguay,-10.064904875378033,-0.19999999999999996,0.5,1,H
2021-06-29,England,Germany,48.95265990331245,1.0,0.5,0,H
2021-06-29,Sweden,Ukraine,67.96437453945896,0.8,0.5,1,A
2021-06-30,Mexico,Panama,-22.17203827049275,-1.0,0.5,1,H
2021-07-02,Bermuda,Barbados,7.542336645092519,0.0,0.5,1,H
2021-07-02,Trinidad and Tobago,Montserrat,-7.877197946653951,-0.3999999999999999,0.5,1,H
2021-07-02,Brazil,Chile,79.3599904273708,1.4000000000000001,0.5,0,H
2021-07-02,Haiti,Saint Vincent and the Grenadines,29.058819746045856,1.05,0.5,1,H
2021-07-02,Belgium,Italy,-10.495579893395643,0.0,0.5,1,A
2021-07-02,Switzerland,Spain,-29.167910463415183,-0.6000000000000001,0.0,1,D
2021-07-02,Peru,Paraguay,-11.972762591937226,0.8,0.5,1,D
2021-07-03,Czech Republic,Denmark,-28.75761984072028,0.19999999999999996,0.5,1,A
2021-07-03,Ukraine,England,-101.45802476896665,-0.8,0.5,1,A
2021-07-03,Mexico,Nigeria,32.35170990513211,0.0,0.5,1,H
2021-07-03,Uruguay,Colombia,20.473145161357024,0.6000000000000001,1.0,1,D
2021-07-03,Argentina,Ecuador,53.67449638477092,1.6,1.0,1,H
2021-07-03,Guatemala,Guyana,74.02580560378146,1.4500000000000002,0.5,1,H
2021-07-03,Cuba,French Guiana,1.3864851796022322,0.5,0.5,1,A
2021-07-03,Guadeloupe,Bahamas,28.571254522823892,0.75,0.5,1,H
2021-07-04,Qatar,El Salvador,-5.03942010630135,0.0,0.5,1,H
2021-07-05,Brazil,Peru,97.09634959578398,1.0,1.0,0,H
2021-07-06,Argentina,Colombia,69.53590108073786,1.6,0.5,1,D
2021-07-06,Italy,Spain,67.93422326104223,1.2,0.5,1,D
2021-07-06,Haiti,Bermuda,19.590058049782556,0.40000000000000013,0.5,1,H
2021-07-06,Guatemala,Guadeloupe,53.35277076578677,-0.7999999999999998,0.5,1,D
2021-07-06,Trinidad and Tobago,French Guiana,10.943964326364267,-0.7999999999999998,0.5,1,D
2021-07-06,Eswatini,Lesotho,9.781627016639504,0.19999999999999996,0.5,1,H
2021-07-06,South Africa,Botswana,27.528538013883917,1.25,0.5,0,H
2021-07-07,England,Denmark,32.87525664393229,0.8,0.0,0,H
2021-07-07,Mozambique,Zimbabwe,-26.77170237297355,-0.19999999999999996,0.5,1,D
2021-07-07,Senegal,Namibia,26.874552929411266,0.8000000000000003,0.5,1,A
2021-07-08,Zambia,Lesotho,57.858716012340665,1.2000000000000002,0.5,1,A
2021-07-08,South Africa,Eswatini,28.521921099187466,0.8,0.5,0,H
2021-07-09,Senegal,Mozambique,52.95701660757982,0.6000000000000001,0.5,1,H
2021-07-09,Peru,Colombia,-11.509045978068343,1.0,0.5,1,A
2021-07-09,Malawi,Zimbabwe,-7.159886611346792,0.3999999999999999,0.5,1,D
2021-07-10,Brazil,Argentina,34.553396573110376,0.0,0.5,0,A
2021-07-10,Lesotho,Botswana,-0.1433630857843582,0.20000000000000007,0.5,1,A
2021-07-10,Zambia,Eswatini,26.17084607529341,0.3999999999999999,0.5,1,A
2021-07-10,Mexico,Trinidad and Tobago,21.76199354903565,-0.19999999999999996,0.5,1,D
2021-07-11,Canada,Martinique,64.94163038629972,2.0,0.5,1,H
2021-07-11,El Salvador,Guatemala,-38.83321363670734,0.19999999999999996,0.5,1,H
2021-07-11,United States,Haiti,38.94330356027717,0.5999999999999999,0.5,0,H
2021-07-11,Namibia,Zimbabwe,22.598816041935834,0.6000000000000001,0.5,1,H
2021-07-11,England,Italy,-12.6647549492302,0.0,0.5,0,D
2021-07-11,Mozambique,Malawi,-26.76727428602635,-0.3999999999999999,0.5,1,H
2021-07-12,Jamaica,Suriname,-26.863268794621263,-1.25,0.5,1,H
2021-07-12,Costa Rica,Guadeloupe,-61.07247215454913,-1.4,0.5,1,H
2021-07-13,Botswana,Zambia,-13.66747876260888,0.3999999999999999,0.5,1,A
2021-07-13,South Africa,Lesotho,65.26732489494634,1.4,0.5,0,H
2021-07-13,Senegal,Zimbabwe,45.767362697661156,1.0,0.5,1,H
2021-07-13,Malawi,Namibia,-49.465977728019425,-1.0,0.5,1,D
2021-07-13,Qatar,Panama,3.1691589687147825,0.6000000000000001,0.5,1,D
2021-07-13,Honduras,Grenada,-6.504582961872302,-0.15000000000000002,0.5,1,H
2021-07-14,Guatemala,Mexico,8.090103041985458,-0.40000000000000013,0.5,1,A
2021-07-14,Senegal,Malawi,61.209659001546925,1.4,0.5,1,H
2021-07-14,Trinidad and Tobago,El Salvador,-11.993954503480609,-0.19999999999999996,0.5,1,A
2021-07-14,Eswatini,Botswana,18.607125966053673,1.0,0.5,1,D
2021-07-14,South Africa,Zambia,30.00115991748271,1.0,0.0,0,D
2021-07-14,Mozambique,Namibia,-53.28124256934029,-1.0,0.5,1,H
2021-07-15,Haiti,Canada,-52.92775144103598,-1.8,0.0,1,A
2021-07-15,United States,Martinique,85.02936303792967,2.4,0.5,0,H
2021-07-16,Senegal,Eswatini,52.89681539633489,0.7999999999999998,0.5,1,D
2021-07-16,South Africa,Mozambique,55.63995095274322,1.0,0.5,0,H
2021-07-16,Guadeloupe,Jamaica,-4.315609757884658,-0.06666666666666665,0.5,1,A
2021-07-16,Suriname,Costa Rica,47.228204181758656,0.8,0.5,1,A
2021-07-17,Grenada,Qatar,-67.18700276709274,-1.6,0.5,1,A
2021-07-17,Panama,Honduras,50.33046300212072,0.6000000000000001,0.5,1,A
2021-07-18,United States,Canada,2.895220145681151,0.0,0.5,0,H
2021-07-18,Martinique,Haiti,-27.430558418461032,-1.2,0.5,1,A
2021-07-18,Mexico,El Salvador,9.094840187538466,0.20000000000000018,0.5,1,H
2021-07-18,South Africa,Senegal,0.9749632531295447,0.6000000000000001,0.5,0,D
2021-07-18,Eswatini,Mozambique,21.6140562126468,0.20000000000000018,0.5,1,D
2021-07-18,Guatemala,Trinidad and Tobago,28.0231247311674,-0.6000000000000001,0.5,1,D
2021-07-20,Suriname,Guadeloupe,8.160345986314724,0.19999999999999996,0.5,1,H
2021-07-20,Costa Rica,Jamaica,-40.43300263306787,-0.3999999999999999,0.5,1,H
2021-07-20,Panama,Grenada,60.851644591063405,0.4,0.5,1,H
2021-07-20,Honduras,Qatar,-49.96856997249006,-1.0,0.5,1,A
2021-07-24,Mexico,Honduras,74.89193360593913,1.0,0.5,1,H
2021-07-24,Qatar,El Salvador,20.791302643833887,1.2000000000000002,1.0,1,H
2021-07-25,United States,Jamaica,92.39800222611575,1.6,1.0,0,H
2021-07-25,Costa Rica,Canada,-87.78538315034666,-0.3999999999999999,0.5,1,A
2021-07-29,United States,Qatar,38.396948782262825,0.3999999999999999,0.5,0,H
2021-07-29,Mexico,Canada,-9.537568020487015,0.20000000000000018,0.5,1,H
2021-08-01,United States,Mexico,30.76679079856558,0.3999999999999999,1.0,0,H
2021-08-21,El Salvador,Costa Rica,47.44841729922973,-0.6000000000000001,0.5,1,D
2021-08-22,Niger,Sudan,-33.137723811326396,-2.1999999999999997,0.5,1,H
2021-08-26,Sudan,Niger,11.235926459698021,1.0,0.0,1,H
2021-08-26,Ethiopia,Sierra Leone,17.528696626223336,0.6000000000000001,0.5,0,D
2021-08-29,Ethiopia,Uganda,29.181347285018546,1.2,0.5,0,H
2021-09-01,Faroe Islands,Israel,-16.5430515177477,-0.5999999999999999,0.5,0,A
2021-09-01,Denmark,Scotland,54.18626177508622,0.8,0.5,0,H
2021-09-01,Moldova,Austria,-104.46166459569667,-0.5999999999999999,0.5,0,A
2021-09-01,Norway,Netherlands,-34.828246699938745,-0.5999999999999999,0.5,0,D
2021-09-01,Malta,Cyprus,38.904337969409426,-0.6000000000000001,0.5,0,H
2021-09-01,Turkey,Montenegro,-18.454424852880038,-0.5999999999999999,0.5,0,D
2021-09-01,France,Bosnia and Herzegovina,136.9905260444159,1.2000000000000002,1.0,0,D
2021-09-01,Slovenia,Slovakia,48.03600750940336,0.3999999999999999,0.5,0,D
2021-09-01,Russia,Croatia,23.089144768497363,0.5999999999999999,0.5,0,D
2021-09-01,Latvia,Gibraltar,19.215979748408017,0.6000000000000001,0.5,0,H
2021-09-01,Kazakhstan,Ukraine,-30.58760627630795,-1.0,0.5,0,D
2021-09-01,Luxembourg,Azerbaijan,7.219780933288121,0.0,1.0,0,H
2021-09-01,Finland,Wales,-48.77130575836236,-0.4,0.0,0,D
2021-09-01,Guinea-Bissau,Guinea,-24.143516170659723,0.10000000000000009,0.5,1,D
2021-09-01,Senegal,Togo,67.72703224326119,1.4000000000000001,0.5,0,H
2021-09-01,Libya,Gabon,-46.88097700155413,-1.2,0.5,0,H
2021-09-01,Egypt,Angola,29.5629800136644,1.1,0.5,0,H
2021-09-01,Mali,Rwanda,-19.161051884084827,-1.4000000000000001,0.5,1,H
2021-09-01,Central African Republic,Cape Verde,-53.325332749552445,-1.4000000000000001,0.5,1,D
2021-09-01,Switzerland,Greece,-12.477298910015634,-0.6000000000000001,0.5,0,H
2021-09-01,Qatar,Serbia,43.46769258556492,0.3999999999999999,0.5,1,A
2021-09-01,Portugal,Republic of Ireland,92.00525445797712,0.3999999999999999,0.5,0,H
2021-09-01,Comoros,Seychelles,-9.464687276881705,0.0,0.5,0,H
2021-09-01,Bahrain,Haiti,29.45880140810891,0.5999999999999999,0.5,0,H
2021-09-02,Liechtenstein,Germany,-78.37943698942377,-1.4,0.5,1,A
2021-09-02,Iceland,Romania,-11.859385809420928,0.7999999999999999,1.0,0,A
2021-09-02,North Macedonia,Armenia,-23.619662396839658,-1.2,0.5,0,D
2021-09-02,Hungary,England,-65.3810506093605,-1.4000000000000001,0.5,0,A
2021-09-02,Andorra,San Marino,-8.164695259102473,0.2,0.5,0,H
2021-09-02,Poland,Albania,-33.86423642525574,-0.7999999999999999,0.5,0,H
2021-09-02,Bolivia,Colombia,-69.25290521556349,-0.8,0.5,0,D
2021-09-02,Estonia,Belgium,-129.6768125143842,-0.5999999999999999,0.5,0,A
2021-09-02,Peru,Uruguay,-38.49878591437414,-0.6000000000000001,0.5,0,D
2021-09-02,Venezuela,Argentina,-111.51670400741841,-2.0,0.5,0,A
2021-09-02,Chile,Brazil,-91.15412149136523,-1.0,0.0,0,A
2021-09-02,Canada,Honduras,89.90948442152148,0.40000000000000013,0.5,0,D
2021-09-02,El Salvador,United States,-97.36617478924063,-1.6,0.0,0,D
2021-09-02,Panama,Costa Rica,53.46411719069238,-1.0,1.0,0,D
2021-09-02,Mexico,Jamaica,76.21685560571223,1.0,0.5,0,H
2021-09-02,Ecuador,Paraguay,-10.098969657437692,-0.7999999999999999,0.5,0,H
2021-09-02,Lithuania,Northern Ireland,15.705082611731541,-0.8,0.5,0,A
2021-09-02,Czech Republic,Belarus,40.377773727283284,0.5999999999999999,0.5,0,H
2021-09-02,Sweden,Spain,-22.165557856982332,0.19999999999999996,0.5,0,H
2021-09-02,Kyrgyzstan,Palestine,-37.48841689273081,-1.4,0.5,0,H
2021-09-02,Niger,Burkina Faso,-37.335109877059494,-0.4,0.5,1,A
2021-09-02,Algeria,Djibouti,66.38723767653823,1.5,0.5,0,H
2021-09-02,Kenya,Uganda,56.99416082302582,1.8,0.5,0,D
2021-09-02,Namibia,Congo,9.251457197078025,0.3999999999999999,0.5,1,D
2021-09-02,Morocco,Sudan,47.00977097536361,0.8,0.5,0,H
2021-09-02,DR Congo,Tanzania,9.225476096220518,0.0,0.5,0,D
2021-09-02,Madagascar,Benin,-24.527455600503572,-0.6,0.5,0,A
2021-09-02,Nepal,India,-7.831147951605772,0.19999999999999996,0.5,0,D
2021-09-02,Iran,Syria,73.12230490059073,1.8,1.0,0,H
2021-09-02,United Arab Emirates,Lebanon,65.15934665585542,1.6,0.5,0,D
2021-09-02,Japan,Oman,27.5705378009186,0.6000000000000001,0.5,0,A
2021-09-02,Australia,China,-0.5628429085875268,0.0,0.5,1,H
2021-09-02,Saudi Arabia,Vietnam,36.5843080427187,1.25,0.5,0,H
2021-09-02,Georgia,Kosovo,5.974189456826025,-1.0,0.5,0,A
2021-09-02,Italy,Bulgaria,189.51729413327666,1.8000000000000003,1.0,0,D
2021-09-02,South Korea,Iraq,-23.689406792121872,0.3999999999999999,0.5,0,D
2021-09-03,Ghana,Ethiopia,-17.99623554113009,-1.0,0.5,0,H
2021-09-03,Zimbabwe,South Africa,-70.84022786620903,-1.8000000000000003,0.5,0,D
2021-09-03,Cameroon,Malawi,51.837731839998014,1.2000000000000002,0.5,0,H
2021-09-03,Mozambique,Ivory Coast,-58.87488518169084,-0.8000000000000003,0.5,0,D
2021-09-03,Tunisia,Equatorial Guinea,27.196898802147643,0.1499999999999999,1.0,0,H
2021-09-03,Mauritania,Zambia,13.091268288819492,0.6000000000000001,0.5,0,A
2021-09-03,Nigeria,Liberia,1.0886874821801484,0.3999999999999999,0.5,0,H
2021-09-04,Israel,Austria,-27.524880522648573,0.19999999999999996,0.5,0,H
2021-09-04,Slovakia,Croatia,9.687813033262955,0.0,0.5,0,A
2021-09-04,Cyprus,Russia,-65.55948915811018,-0.7999999999999999,0.5,0,A
2021-09-04,Slovenia,Malta,42.09950278932888,0.19999999999999996,0.5,0,H
2021-09-04,Netherlands,Montenegro,26.522943792424712,1.0,0.5,0,H
2021-09-04,Gibraltar,Turkey,-50.0745781424755,-0.6000000000000001,0.5,0,A
2021-09-04,Latvia,Norway,-23.04961674795277,0.0,0.5,0,A
2021-09-04,Scotland,Moldova,76.57142430791919,0.20000000000000007,0.5,0,H
2021-09-04,Haiti,Jordan,5.794738115991322,0.19999999999999996,0.5,1,H
2021-09-04,Ukraine,France,-91.89245103497797,0.0,0.0,0,D
2021-09-04,Finland,Kazakhstan,24.05199758849062,0.4,0.5,0,H
2021-09-04,Serbia,Luxembourg,49.70646047622154,0.40000000000000013,0.5,0,H
2021-09-04,Republic of Ireland,Azerbaijan,5.769376823323682,0.4,0.5,0,D
2021-09-04,Qatar,Portugal,-15.109644856865998,0.40000000000000013,0.5,1,A
2021-09-04,Burundi,Seychelles,19.40561102233869,1.6,0.5,1,H
2021-09-04,Bosnia and Herzegovina,Kuwait,-18.523702690424443,-0.4,0.5,0,H
2021-09-04,Faroe Islands,Denmark,-92.15663086575137,-1.7999999999999998,0.0,0,A
2021-09-05,Iceland,North Macedonia,-58.63792632092873,0.5999999999999999,0.5,0,D
2021-09-05,Germany,Armenia,2.5643346882143305,-0.20000000000000018,0.5,0,H
2021-09-05,Romania,Liechtenstein,41.65518047746809,0.6,0.5,0,H
2021-09-05,Ecuador,Chile,16.683545363461235,0.3999999999999999,0.5,0,D
2021-09-05,Paraguay,Colombia,-10.94150409935719,-0.3999999999999999,0.5,0,D
2021-09-05,El Salvador,Honduras,43.63793958431302,-0.3999999999999999,0.5,0,D
2021-09-05,Peru,Venezuela,21.76156306066582,0.6,1.0,0,H
2021-09-05,Costa Rica,Mexico,-99.41380808434496,-0.7999999999999998,0.0,0,A
2021-09-05,Jamaica,Panama,-42.89524195668673,0.19999999999999996,0.5,0,A
2021-09-05,United States,Canada,50.69512912338246,1.2000000000000002,1.0,0,D
2021-09-05,San Marino,Poland,-85.87696786185506,-1.0,0.5,0,A
2021-09-05,Uruguay,Bolivia,73.83407198553164,1.6,1.0,0,H
2021-09-05,Albania,Hungary,-26.152252986710437,0.20000000000000007,0.5,0,H
2021-09-05,Sweden,Uzbekistan,54.70772194484198,0.19999999999999996,0.5,0,H
2021-09-05,Belgium,Czech Republic,71.33047760506747,1.0,0.5,0,H
2021-09-05,Belarus,Wales,-53.74847149517586,-0.19999999999999996,0.5,1,A
2021-09-05,Switzerland,Italy,-77.80172707044085,-0.19999999999999996,0.0,0,D
2021-09-05,Bulgaria,Lithuania,-8.905993096349903,0.6,0.5,0,H
2021-09-05,Spain,Georgia,78.25290082709785,0.8,1.0,0,H
2021-09-05,Kosovo,Greece,-47.2150967994703,0.7999999999999998,0.0,0,D
2021-09-05,Togo,Namibia,-42.66859126614304,-0.8,0.5,0,A
2021-09-05,Gabon,Egypt,-59.08193003193628,-1.4000000000000001,0.5,0,D
2021-09-05,Rwanda,Kenya,-10.262872792703547,-0.20000000000000018,0.5,0,D
2021-09-05,Nepal,India,-7.380427164488765,-0.19999999999999996,0.5,0,A
2021-09-05,Estonia,Northern Ireland,6.736674992215285,0.40000000000000013,0.5,0,A
2021-09-05,Bangladesh,Palestine,-47.85091401242585,-1.4,0.5,1,A
2021-09-05,England,Andorra,193.3062298971829,1.8,0.5,0,H
2021-09-06,Benin,DR Congo,13.012445447088567,0.0,0.5,0,D
2021-09-06,Uganda,Mali,-45.420386162086515,-0.9999999999999999,0.5,0,D
2021-09-06,South Africa,Ghana,30.29756360814531,0.19999999999999996,0.5,0,H
2021-09-06,Liberia,Central African Republic,24.012996786004123,0.35,0.5,1,H
2021-09-06,Djibouti,Niger,21.493216177790828,0.4,0.5,1,A
2021-09-06,Ivory Coast,Cameroon,2.183091559930972,0.6000000000000001,0.5,0,H
2021-09-07,Vietnam,Australia,-47.063670082369754,-1.6,0.5,0,A
2021-09-07,Oman,Saudi Arabia,-7.129273758479485,-0.6000000000000001,0.5,0,A
2021-09-07,Republic of Ireland,Serbia,-79.4863759563923,-0.8,0.0,0,D
2021-09-07,Azerbaijan,Portugal,-121.99814985029457,-0.5999999999999999,0.0,0,A
2021-09-07,Bosnia and Herzegovina,Kazakhstan,11.075845451991881,0.6,0.5,0,D
2021-09-07,France,Finland,84.77811644807366,-0.3999999999999999,0.0,0,H
2021-09-07,Russia,Malta,25.814653620062018,0.7999999999999999,1.0,0,H
2021-09-07,Austria,Scotland,23.430145625298564,0.3999999999999999,0.5,0,A
2021-09-07,Montenegro,Latvia,29.456195761859817,-0.7999999999999999,1.0,0,D
2021-09-07,Netherlands,Turkey,44.58549724144768,1.2,0.0,0,H
2021-09-07,Norway,Gibraltar,79.06674763756428,1.8,1.0,0,H
2021-09-07,Croatia,Slovenia,-53.491540491035494,0.0,0.0,0,H
2021-09-07,Slovakia,Cyprus,51.34168419979255,0.20000000000000007,0.5,0,H
2021-09-07,China,Japan,-25.749481158809658,0.0,0.5,1,A
2021-09-07,Denmark,Israel,53.18260169200312,0.0,1.0,0,H
2021-09-07,Iraq,Iran,-31.04601238963528,-1.0,0.0,1,A
2021-09-07,Faroe Islands,Moldova,55.92996652373972,0.0,0.5,0,H
2021-09-07,Syria,United Arab Emirates,-61.30277386810576,-1.4000000000000001,0.5,1,D
2021-09-07,South Korea,Lebanon,35.74932277158291,0.6000000000000001,1.0,0,H
2021-09-07,Kyrgyzstan,Bangladesh,41.14355041208,1.3,0.5,0,H
2021-09-07,Bahrain,Jordan,63.395036229020434,1.4,0.0,0,A
2021-09-07,Luxembourg,Qatar,-69.69855695678893,-0.6,0.0,0,D
2021-09-07,Burkina Faso,Algeria,-48.91057451313327,-1.6,0.5,1,D
2021-09-07,Zambia,Tunisia,-37.540128403513336,-1.0,0.5,0,A
2021-09-07,Equatorial Guinea,Mauritania,-0.4324117295002452,0.0,0.5,0,H
2021-09-07,Comoros,Burundi,-17.76764354480315,-0.20000000000000018,0.5,0,H
2021-09-07,Malawi,Mozambique,-15.540904960291982,-1.2000000000000002,0.0,1,H
2021-09-07,Angola,Libya,35.41518793469322,0.20000000000000007,0.5,0,A
2021-09-07,Ethiopia,Zimbabwe,33.48157325039506,0.7999999999999999,0.5,0,H
2021-09-07,Congo,Senegal,-49.92742909771073,-1.0000000000000002,0.5,0,A
2021-09-07,Sudan,Guinea-Bissau,-1.1269276007417375,-0.19999999999999996,0.5,0,A
2021-09-07,Tanzania,Madagascar,21.41089741033238,0.9999999999999999,0.5,0,H
2021-09-07,Cape Verde,Nigeria,5.240544137255483,0.20000000000000018,0.5,0,A
2021-09-08,Hungary,Andorra,105.8408386646247,-0.4,1.0,0,H
2021-09-08,Honduras,United States,-132.8432334470656,-1.2000000000000002,0.0,0,A
2021-09-08,Canada,El Salvador,43.90675089800311,0.4,0.5,0,H
2021-09-08,Costa Rica,Jamaica,-5.9579424061803365,0.4,1.0,0,D
2021-09-08,North Macedonia,Romania,16.982286364194124,-0.7999999999999999,0.0,0,D
2021-09-08,Armenia,Liechtenstein,90.25881867198564,1.0,1.0,0,D
2021-09-08,Iceland,Germany,-91.71866003528476,-1.0,0.0,0,A
2021-09-08,Poland,England,-117.10421289043825,-1.2000000000000002,0.0,0,D
2021-09-08,Albania,San Marino,116.12667447493959,1.4,1.0,0,H
2021-09-08,Panama,Mexico,-47.44591275842595,-0.7999999999999998,0.0,0,D
2021-09-08,Wales,Estonia,85.55360082852962,-0.40000000000000013,0.5,0,D
2021-09-08,Czech Republic,Ukraine,34.957905777794394,0.19999999999999996,0.5,0,D
2021-09-08,Belarus,Belgium,-145.83485805863438,-1.7999999999999998,0.0,1,A
2021-09-08,Guatemala,Nicaragua,37.79714185015109,-0.3999999999999999,1.0,0,D
2021-09-08,Bulgaria,Georgia,-13.90642353229282,0.19999999999999996,0.5,0,H
2021-09-08,Greece,Sweden,-25.565717890455062,-1.2,0.5,0,H
2021-09-08,Northern Ireland,Switzerland,-79.67754393188079,0.19999999999999996,0.5,0,D
2021-09-08,Italy,Lithuania,178.72254365032973,1.4,1.0,0,H
2021-09-08,Kosovo,Spain,-70.31759523722053,0.3999999999999999,0.0,0,A
2021-09-09,Colombia,Chile,16.348199335058325,0.9999999999999999,0.5,0,H
2021-09-09,Paraguay,Venezuela,48.285275729503155,0.6,1.0,0,H
2021-09-09,Uruguay,Ecuador,17.361138607098155,1.0000000000000002,0.0,0,H
2021-09-09,Argentina,Bolivia,148.9961865849491,2.4,1.0,0,H
2021-09-09,Brazil,Peru,107.2826604431068,1.0,1.0,0,H
2021-09-24,El Salvador,Guatemala,-22.589799259721303,0.0,1.0,1,A
2021-09-30,Egypt,Liberia,46.39440127077751,1.0000000000000002,0.5,0,H
2021-10-01,Sri Lanka,Bangladesh,27.55445076456931,-0.2,0.5,1,A
2021-10-01,Maldives,Nepal,7.547995135614428,-0.46666666666666673,0.5,0,A
2021-10-04,Sri Lanka,Nepal,-14.600219125685726,-0.8,0.5,1,A
2021-10-04,Bangladesh,India,-37.3102503137186,-1.0,0.0,1,D
2021-10-06,Sudan,Guinea,-33.8504285884037,-0.40000000000000013,0.5,1,D
2021-10-06,Morocco,Guinea-Bissau,53.22557277905639,0.6000000000000001,0.5,0,H
2021-10-06,Bahrain,Curaçao,27.861800229615028,0.19999999999999996,0.5,0,H
2021-10-06,Jordan,Malaysia,25.51491309618541,0.6499999999999999,0.5,0,H
2021-10-06,Sierra Leone,South Sudan,21.309316055856698,0.7999999999999999,0.5,1,D
2021-10-06,Italy,Spain,56.64961052786134,-0.20000000000000018,0.5,0,A
2021-10-07,Mali,Kenya,-9.326646331115853,-0.8,0.5,1,H
2021-10-07,DR Congo,Madagascar,39.86431422463056,0.7999999999999999,0.5,0,H
2021-10-07,Tanzania,Benin,-11.948108189729965,1.0,0.5,0,A
2021-10-07,Ecuador,Bolivia,68.74126729160889,0.8,1.0,0,H
2021-10-07,Venezuela,Brazil,-163.41897232896258,-2.1999999999999997,0.0,0,A
2021-10-07,Paraguay,Argentina,-83.73553022721876,-1.6,0.0,0,D
2021-10-07,India,Sri Lanka,39.84889687914347,1.8,0.5,1,D
2021-10-07,Uruguay,Colombia,16.707753833889,0.40000000000000013,1.0,0,D
2021-10-07,Indonesia,Taiwan,-6.766881875508034,0.2,0.5,1,H
2021-10-07,Belgium,France,33.94195927417218,1.0,0.5,1,A
2021-10-07,Maldives,Bangladesh,6.615625065102677,-0.55,0.5,0,H
2021-10-07,Peru,Chile,0.7846727468381687,0.6000000000000001,0.0,0,H
2021-10-07,Rwanda,Uganda,42.474952578143984,1.2000000000000002,0.5,0,A
2021-10-07,South Korea,Syria,42.82857470786939,1.2000000000000002,0.5,0,H
2021-10-07,Liberia,Cape Verde,-15.47833209621308,-0.19999999999999996,0.5,1,A
2021-10-07,Iraq,Lebanon,57.94304004992841,0.5999999999999999,0.5,1,D
2021-10-07,Saudi Arabia,Japan,1.6771081787571802,0.6000000000000001,0.5,0,H
2021-10-07,China,Vietnam,26.987512569108276,0.6000000000000001,0.5,1,H
2021-10-07,Australia,Oman,18.155304321535823,0.6000000000000001,0.5,1,H
2021-10-07,Honduras,Costa Rica,4.2402102443275,-0.19999999999999996,0.5,0,D
2021-10-07,United Arab Emirates,Iran,-38.526485445892604,-0.7999999999999998,0.5,0,A
2021-10-07,El Salvador,Panama,-33.94401330829828,-1.0,0.5,0,H
2021-10-07,Mexico,Canada,7.93219932217562,0.3999999999999999,1.0,0,D
2021-10-07,Equatorial Guinea,Zambia,10.841758305459507,0.40000000000000013,0.5,0,H
2021-10-07,Tunisia,Mauritania,64.13823694460325,1.2,0.5,0,H
2021-10-07,United States,Jamaica,144.1734413049537,2.0,1.0,0,H
2021-10-07,Nigeria,Central African Republic,64.4997869395329,1.2,0.5,0,A
2021-10-08,Germany,Romania,60.33818731948418,0.6000000000000001,1.0,0,H
2021-10-08,Egypt,Libya,79.25289797328787,1.0000000000000002,0.5,0,H
2021-10-08,Angola,Gabon,-1.4834890089912278,-0.20000000000000007,1.0,0,H
2021-10-08,Cameroon,Mozambique,53.844592834444256,0.6000000000000001,1.0,0,H
2021-10-08,Malawi,Ivory Coast,-70.54891192028776,-1.4000000000000001,0.5,1,A
2021-10-08,Djibouti,Burkina Faso,-45.717316083564356,-0.6499999999999999,0.5,1,A
2021-10-08,Algeria,Niger,92.08836761996963,1.4000000000000001,0.5,0,H
2021-10-08,Liechtenstein,North Macedonia,-73.22167351904545,-0.39999999999999997,0.0,0,A
2021-10-08,Russia,Slovakia,31.213487720206786,1.2,0.0,0,H
2021-10-08,Cyprus,Croatia,-82.27189238831056,-2.0,0.0,0,A
2021-10-08,Malta,Slovenia,-57.418651458814566,-1.0,0.0,0,A
2021-10-08,Turkey,Norway,-28.341388759765778,-1.2,1.0,0,D
2021-10-08,Latvia,Netherlands,-82.33324763055975,-1.2,0.0,0,A
2021-10-08,Gibraltar,Montenegro,-73.7151990474174,-0.39999999999999997,0.0,0,A
2021-10-08,Estonia,Belarus,-6.428021602510171,1.4,0.0,0,H
2021-10-08,Czech Republic,Wales,-10.714100454505797,0.3999999999999999,0.0,0,D
2021-10-08,Iceland,Armenia,-74.18077224253034,0.4,0.0,0,D
2021-10-09,Ghana,Zimbabwe,36.42948402188631,0.9999999999999999,0.5,0,H
2021-10-09,Togo,Congo,-34.15481752100868,-0.4,0.5,0,D
2021-10-09,Senegal,Namibia,41.00315015503975,0.6000000000000001,0.0,0,H
2021-10-09,Morocco,Guinea-Bissau,70.18540845897155,1.0,1.0,0,H
2021-10-09,Guinea,Sudan,31.90798360343979,0.8,0.5,1,D
2021-10-09,Uzbekistan,Malaysia,11.739019794468959,0.6,0.5,1,H
2021-10-09,Gambia,Sierra Leone,23.390831799531952,0.40000000000000013,0.5,1,A
2021-10-09,Portugal,Qatar,42.846160914718894,1.2,1.0,0,H
2021-10-09,Guam,Cambodia,-3.8033403015199383,0.0,0.5,1,A
2021-10-09,Ethiopia,South Africa,-33.42722398730393,-0.40000000000000013,0.5,0,A
2021-10-09,Curaçao,New Zealand,10.636680684881185,0.0,0.5,1,A
2021-10-09,Poland,San Marino,111.05695478574967,1.6,1.0,0,H
2021-10-09,Finland,Ukraine,-6.665410671793325,-0.3999999999999999,0.5,0,A
2021-10-09,Andorra,England,-206.9965778577075,-1.4000000000000001,0.0,0,A
2021-10-09,Azerbaijan,Republic of Ireland,-14.312148715494232,-0.3999999999999999,0.5,0,A
2021-10-09,Luxembourg,Serbia,-62.636183610093894,-0.8,0.0,0,A
2021-10-09,Sweden,Kosovo,67.3482743151078,0.40000000000000013,1.0,0,H
2021-10-09,Georgia,Greece,-89.1537092124961,-1.0,0.5,0,A
2021-10-09,Lithuania,Bulgaria,-27.27290907349402,-1.4,0.0,0,H
2021-10-09,Hungary,Albania,4.917414551569209,-0.3999999999999999,0.0,0,A
2021-10-09,Kazakhstan,Bosnia and Herzegovina,-10.438484429956588,-0.6,0.5,0,A
2021-10-09,Scotland,Israel,1.668061386757472,-0.40000000000000013,0.0,0,H
2021-10-09,Faroe Islands,Austria,-40.65648076788216,0.0,0.0,0,A
2021-10-09,Moldova,Denmark,-179.78773907350592,-1.7999999999999998,0.0,0,A
2021-10-09,Switzerland,Northern Ireland,75.16968651021489,-0.6000000000000001,0.5,0,H
2021-10-10,Spain,France,-16.816253481994863,0.19999999999999996,0.5,1,A
2021-10-10,Italy,Belgium,4.606642680824734,-0.6000000000000001,1.0,0,H
2021-10-10,Nepal,India,-4.9466990456542135,0.0,0.0,1,A
2021-10-10,Maldives,Sri Lanka,19.961473688544174,0.6000000000000001,0.5,0,H
2021-10-10,Chile,Paraguay,-36.52716819479383,-1.0,0.0,0,H
2021-10-10,Argentina,Uruguay,53.921236930526675,0.40000000000000013,1.0,0,H
2021-10-10,Venezuela,Ecuador,-70.75324532902619,-1.4,0.5,0,H
2021-10-10,Colombia,Brazil,-91.80750348859897,-0.5999999999999999,0.0,0,D
2021-10-10,Bolivia,Peru,-71.79725488962254,-1.2,0.5,0,H
2021-10-10,Benin,Tanzania,31.26059079991751,-0.3999999999999999,1.0,0,A
2021-10-10,Madagascar,DR Congo,-57.57955729905734,-1.0,0.0,0,H
2021-10-10,Jamaica,Canada,-105.06793533372593,-1.0,0.5,0,D
2021-10-10,Kenya,Mali,-11.21010966410563,-0.40000000000000013,0.0,0,A
2021-10-10,Cape Verde,Liberia,34.58791667530227,0.7999999999999999,1.0,0,H
2021-10-10,Central African Republic,Nigeria,-40.828954906728995,-0.5999999999999999,1.0,1,A
2021-10-10,Mauritania,Tunisia,-80.48752011602983,-1.2,0.0,0,D
2021-10-10,Zambia,Equatorial Guinea,-30.217859024796553,-0.40000000000000013,0.0,0,D
2021-10-10,Mexico,Honduras,107.96723443901033,1.0,1.0,0,H
2021-10-10,Panama,United States,-99.25342621080881,-0.6000000000000001,0.0,0,H
2021-10-10,Uganda,Rwanda,-20.042006423547264,-0.3999999999999999,1.0,0,H
2021-10-10,Costa Rica,El Salvador,-44.489956750833926,-0.19999999999999996,0.5,0,H
2021-10-11,Romania,Armenia,-34.13807488426892,0.7999999999999999,0.0,0,H
2021-10-11,Burkina Faso,Djibouti,63.100700316178745,0.7999999999999999,1.0,1,H
2021-10-11,Mozambique,Cameroon,-70.7696276865679,-1.6,0.0,1,A
2021-10-11,North Macedonia,Germany,-44.69011322167353,-1.2,1.0,0,A
2021-10-11,Gabon,Angola,-18.601906963989904,-0.3999999999999999,0.0,0,H
2021-10-11,Taiwan,Indonesia,-13.622601910131152,-0.8,0.0,1,A
2021-10-11,Ivory Coast,Malawi,86.54270041032328,1.4000000000000001,1.0,1,H
2021-10-11,Iceland,Liechtenstein,21.022542864677234,0.39999999999999997,1.0,0,H
2021-10-11,Libya,Egypt,-94.76824968754636,-1.4000000000000001,0.0,0,A
2021-10-11,Croatia,Slovakia,30.643673258958188,1.2,1.0,0,D
2021-10-11,Cyprus,Malta,-54.602734499360395,-0.6,0.0,0,D
2021-10-11,Latvia,Turkey,-28.78787110445046,-0.19999999999999996,0.5,0,A
2021-10-11,Norway,Montenegro,12.153572569006428,0.6000000000000001,1.0,0,H
2021-10-11,Netherlands,Gibraltar,143.86705777110546,1.8,1.0,0,H
2021-10-11,Estonia,Wales,-70.23265282280818,0.19999999999999996,0.5,0,A
2021-10-11,Belarus,Czech Republic,-74.07707299091498,-1.0,0.0,1,A
2021-10-11,Slovenia,Russia,12.345508945008532,0.0,0.0,0,A
2021-10-12,England,Hungary,101.86779624659061,1.4000000000000001,1.0,0,D
2021-10-12,Albania,Poland,21.85662854934094,-0.19999999999999996,0.0,0,A
2021-10-12,Niger,Algeria,-106.90807983845025,-1.4000000000000001,0.0,0,A
2021-10-12,Zimbabwe,Ghana,-54.34008572278708,-1.2,0.0,0,A
2021-10-12,South Africa,Ethiopia,51.508913664175,0.8000000000000003,1.0,0,H
2021-10-12,Namibia,Senegal,-58.65371654674209,-1.2000000000000002,0.5,1,A
2021-10-12,Jordan,Uzbekistan,22.647519179863366,-0.40000000000000013,0.0,0,H
2021-10-12,Bahrain,New Zealand,46.592003338078484,-0.6000000000000001,0.5,0,A
2021-10-12,Israel,Moldova,104.93344007614746,0.6,1.0,0,H
2021-10-12,Republic of Ireland,Qatar,-59.730838085613186,1.0,0.5,0,H
2021-10-12,South Sudan,Gambia,-32.802793911825574,-0.3999999999999999,0.5,1,A
2021-10-12,Cambodia,Guam,23.584411179488825,0.75,1.0,1,H
2021-10-12,Morocco,Guinea,58.81109248890925,1.2,0.5,0,H
2021-10-12,Congo,Togo,32.195017262412875,0.19999999999999996,0.5,0,A
2021-10-12,Denmark,Austria,62.80077354475634,1.2,1.0,0,H
2021-10-12,San Marino,Andorra,-16.916256871946644,-0.8,0.0,0,A
2021-10-12,Ukraine,Bosnia and Herzegovina,31.079244964705822,-0.40000000000000013,0.5,0,D
2021-10-12,Faroe Islands,Scotland,-57.3601561490475,-0.6000000000000001,0.0,0,A
2021-10-12,Iran,South Korea,53.630124228735895,0.3999999999999999,0.5,0,D
2021-10-12,United Arab Emirates,Iraq,3.493918040518338,0.6000000000000001,0.5,0,D
2021-10-12,Japan,Australia,-12.543127904287076,-1.2,0.5,0,H
2021-10-12,Oman,Vietnam,45.96248516366586,1.2000000000000002,0.5,0,H
2021-10-12,Saudi Arabia,China,46.673971891652855,1.2,0.5,0,H
2021-10-12,Syria,Lebanon,0.4441397593352576,-0.19999999999999996,0.5,1,A
2021-10-12,Serbia,Azerbaijan,107.10587652447475,1.8,1.0,0,H
2021-10-12,Kosovo,Georgia,25.305468130376767,1.4,1.0,0,A
2021-10-12,Sweden,Greece,4.693341410347102,-0.19999999999999996,0.0,0,H
2021-10-12,Bulgaria,Northern Ireland,-8.809617913622105,0.0,0.5,0,H
2021-10-12,Lithuania,Switzerland,-105.42463682934681,-1.2000000000000002,0.0,0,A
2021-10-12,Portugal,Luxembourg,125.57498416750173,1.5999999999999999,1.0,0,H
2021-10-12,Kazakhstan,Finland,-34.635256807258656,-0.4,0.0,0,A
2021-10-13,Maldives,India,-18.03508041825262,-0.40000000000000013,0.5,0,A
2021-10-13,El Salvador,Mexico,-85.73574930086875,-1.4000000000000001,0.0,0,A
2021-10-13,Bangladesh,Nepal,-29.034056051747257,-0.5999999999999999,0.5,1,D
2021-10-13,United States,Costa Rica,131.68455845821086,0.40000000000000013,1.0,0,H
2021-10-13,Canada,Panama,32.28486723397555,-0.20000000000000018,0.5,0,H
2021-10-13,Honduras,Jamaica,-5.347563363957761,0.19999999999999996,0.5,0,A
2021-10-14,Bolivia,Paraguay,-64.4998703697413,-0.19999999999999996,0.0,0,H
2021-10-14,Colombia,Ecuador,26.679810273844623,0.0,0.5,0,D
2021-10-14,Argentina,Peru,115.29213344492791,1.2000000000000002,1.0,0,H
2021-10-14,Brazil,Uruguay,81.93854750420701,0.3999999999999999,1.0,0,H
2021-10-14,Chile,Venezuela,36.01468617108344,0.20000000000000007,0.0,0,H
2021-10-16,India,Nepal,34.97706525610147,0.8000000000000003,1.0,1,H
2021-10-27,Mexico,Ecuador,112.68565268900488,1.2000000000000002,0.5,1,A
2021-11-05,El Salvador,Bolivia,61.50715653767725,-0.6,0.5,1,A
2021-11-09,Sri Lanka,Maldives,-29.332287169857864,-1.2,0.0,0,D
2021-11-10,Bangladesh,Seychelles,-25.19591794501025,1.0,0.5,1,D
2021-11-10,Kosovo,Jordan,-66.96991595145596,-1.0,0.5,0,A
2021-11-10,Nicaragua,Cuba,10.797796839608964,0.19999999999999996,0.5,0,A
2021-11-11,Azerbaijan,Luxembourg,-28.512849601371727,-0.6000000000000001,0.0,0,A
2021-11-11,Brazil,Colombia,95.09309459741303,1.2000000000000002,1.0,0,H
2021-11-11,Peru,Bolivia,17.336353033896557,-0.6000000000000001,0.0,0,H
2021-11-11,Paraguay,Chile,-6.370320919357255,-0.3999999999999999,0.5,0,A
2021-11-11,Ecuador,Venezuela,69.6034735920482,0.7999999999999999,0.0,0,H
2021-11-11,Romania,Iceland,37.419997356467775,1.0,0.5,0,D
2021-11-11,Armenia,North Macedonia,-0.3298171969777286,-0.6,0.5,0,A
2021-11-11,Germany,Liechtenstein,151.87454464461234,2.8,1.0,0,H
2021-11-11,Slovakia,Slovenia,-50.53212370589972,-0.3999999999999999,0.5,0,D
2021-11-11,Malta,Croatia,-43.69885027284522,-1.4000000000000001,0.0,0,A
2021-11-11,Russia,Cyprus,125.19676234469966,2.4,1.0,0,H
2021-11-11,Greece,Spain,-27.548518918458285,-0.40000000000000013,0.5,0,A
2021-11-11,Georgia,Sweden,-107.96256201734604,-1.7999999999999998,0.0,0,H
2021-11-11,Republic of Ireland,Portugal,-114.95578743150304,-1.4,0.0,0,D
2021-11-11,Australia,Saudi Arabia,-28.06294086156163,-0.6000000000000001,0.5,0,D
2021-11-11,Vietnam,Japan,-89.576128955988,-1.8,0.5,0,A
2021-11-11,South Korea,United Arab Emirates,4.3196586291855965,1.0000000000000002,0.5,0,H
2021-11-11,Czech Republic,Kuwait,74.35386231280359,0.8,0.5,0,H
2021-11-11,Kyrgyzstan,Singapore,39.56440410998266,1.55,0.5,1,H
2021-11-11,Serbia,Qatar,32.60007516317978,2.4,1.0,0,H
2021-11-11,Ukraine,Bulgaria,38.910047401607244,-0.6000000000000001,0.5,0,D
2021-11-11,Uganda,Kenya,-10.408692275266503,0.6000000000000001,0.5,0,D
2021-11-11,Rwanda,Mali,-42.08414619708992,-1.2,0.0,0,A
2021-11-11,China,Oman,-17.87477724034966,-0.6000000000000001,0.5,1,D
2021-11-11,Ethiopia,Ghana,-19.842284193523028,-0.8,0.0,1,D
2021-11-11,Congo,Namibia,-20.820800046631575,0.19999999999999996,0.5,0,D
2021-11-11,Togo,Senegal,-106.47686072433225,-1.8,0.0,0,D
2021-11-11,Tanzania,DR Congo,4.341364964531067,0.8,0.5,0,A
2021-11-11,Benin,Madagascar,48.10231890119667,0.5999999999999999,1.0,0,H
2021-11-11,Lebanon,Iran,-102.9056017550522,-1.0,0.5,0,A
2021-11-11,Iraq,Syria,64.30735716992399,0.39999999999999997,0.5,1,D
2021-11-11,South Africa,Zimbabwe,119.96035048120348,2.0,0.5,0,H
2021-11-12,Moldova,Scotland,-141.9377351119383,-2.4,0.0,0,A
2021-11-12,Denmark,Faroe Islands,137.70326382513645,2.4,1.0,0,H
2021-11-12,England,Albania,94.27965048722672,0.40000000000000013,1.0,0,H
2021-11-12,Austria,Israel,7.258360236116232,-0.6000000000000001,0.0,0,H
2021-11-12,Hungary,San Marino,143.72844379706362,0.8,1.0,0,H
2021-11-12,Uruguay,Argentina,-85.32464772079788,-1.2000000000000002,0.0,0,A
2021-11-12,Northern Ireland,Lithuania,11.317738786580094,0.7999999999999999,1.0,0,H
2021-11-12,Andorra,Poland,-109.07169325460177,-1.4000000000000001,0.0,0,A
2021-11-12,United States,Mexico,35.94043642255451,0.3999999999999999,1.0,0,H
2021-11-12,Italy,Switzerland,64.24288694131315,-0.6000000000000001,1.0,0,D
2021-11-12,Honduras,Panama,-73.03296852962421,-0.9999999999999999,1.0,0,A
2021-11-12,El Salvador,Jamaica,1.682076690181475,-0.4,0.5,0,D
2021-11-12,Djibouti,Algeria,-123.15240874637288,-2.6,0.0,1,A
2021-11-12,Gabon,Libya,30.45496176376537,-0.3999999999999999,0.0,0,H
2021-11-12,Angola,Egypt,-81.4572558754187,-1.4000000000000001,0.0,0,D
2021-11-12,Burkina Faso,Niger,77.29644338607386,1.4,1.0,1,D
2021-11-12,Morocco,Sudan,97.21071619070494,2.0,1.0,0,H
2021-11-12,Canada,Costa Rica,105.73385511569313,0.8,1.0,0,H
2021-11-12,Guinea,Guinea-Bissau,19.06492933195068,-0.19999999999999996,0.5,0,D
2021-11-13,Ivory Coast,Mozambique,107.9115962932749,1.8000000000000003,0.5,1,H
2021-11-13,Turkey,Gibraltar,90.22836673309439,1.6,1.0,0,H
2021-11-13,Norway,Latvia,74.32505159540642,1.4000000000000001,1.0,0,D
2021-11-13,Montenegro,Netherlands,-70.0636968330864,-1.6,0.0,0,D
2021-11-13,Wales,Belarus,100.07987032634014,1.8,1.0,0,H
2021-11-13,France,Kazakhstan,173.9325413084198,1.8000000000000003,1.0,0,H
2021-11-13,Bosnia and Herzegovina,Finland,-12.911731261037403,0.40000000000000013,0.5,0,A
2021-11-13,Malawi,Cameroon,-80.50106665569297,-1.4,0.0,1,A
2021-11-13,Belgium,Estonia,141.3079343450188,1.0,1.0,0,H
2021-11-13,Cape Verde,Central African Republic,64.99604378122467,0.5999999999999999,0.5,0,H
2021-11-13,Equatorial Guinea,Tunisia,-41.623856070549664,-1.2000000000000002,0.0,0,H
2021-11-13,Zambia,Mauritania,5.828820575901091,0.19999999999999996,1.0,0,H
2021-11-13,Sri Lanka,Seychelles,-27.616188789943408,0.06666666666666671,0.5,0,A
2021-11-13,Bangladesh,Maldives,-23.779658022860986,-0.19999999999999996,0.0,1,H
2021-11-13,Sierra Leone,Comoros,-8.568302914286733,0.40000000000000013,0.5,1,A
2021-11-13,Nicaragua,Cuba,-9.823574268306857,-0.40000000000000013,0.0,0,H
2021-11-13,Burundi,Myanmar,37.15012083194733,1.4,0.5,1,H
2021-11-13,Liberia,Nigeria,-46.09679485236097,-1.2000000000000002,0.0,1,A
2021-11-14,Greece,Kosovo,78.57526216898145,1.2,1.0,0,D
2021-11-14,Croatia,Russia,-27.8087212379819,-0.3999999999999999,0.5,0,H
2021-11-14,Malta,Slovakia,-25.007707251144666,-0.8,0.5,0,A
2021-11-14,Armenia,Germany,-78.33933502152058,-2.6,0.0,0,A
2021-11-14,Liechtenstein,Romania,-82.04834380943521,-1.4000000000000001,0.0,0,A
2021-11-14,North Macedonia,Iceland,58.84666202012022,0.40000000000000013,0.5,0,H
2021-11-14,Spain,Sweden,25.34519167472149,0.5999999999999999,0.0,0,H
2021-11-14,Slovenia,Cyprus,121.9324626587802,1.2,0.0,0,H
2021-11-14,Luxembourg,Republic of Ireland,-17.701514424794823,-1.0,1.0,0,A
2021-11-14,Senegal,Congo,92.55911869019383,2.0,1.0,0,H
2021-11-14,Madagascar,Tanzania,-37.135726830338626,-0.7999999999999999,0.0,0,D
2021-11-14,DR Congo,Benin,-12.306626599276797,-0.3999999999999999,0.5,0,H
2021-11-14,Ghana,South Africa,-55.97178590293606,-0.6000000000000001,0.0,0,H
2021-11-14,Zimbabwe,Ethiopia,-58.64370737568515,-0.6000000000000001,0.0,0,D
2021-11-14,Mali,Uganda,49.46883363594543,0.8,0.5,1,H
2021-11-14,Nicaragua,Cuba,10.741765478145226,-0.40000000000000013,0.5,0,H
2021-11-14,Azerbaijan,Qatar,-88.64518584844541,0.0,0.0,0,D
2021-11-14,Portugal,Serbia,33.772322640555785,0.0,0.5,0,A
2021-11-15,Scotland,Denmark,-63.719436849339445,0.0,0.0,0,H
2021-11-15,Austria,Moldova,142.24743158904153,1.2,1.0,0,H
2021-11-15,San Marino,England,-253.32986227162337,-2.2,0.0,0,A
2021-11-15,Albania,Andorra,109.2805825869957,1.2000000000000002,1.0,0,H
2021-11-15,Poland,Hungary,2.1623433469110296,1.2000000000000002,0.5,0,A
2021-11-15,Israel,Faroe Islands,47.66110593936219,0.6,1.0,0,H
2021-11-15,Switzerland,Bulgaria,97.23342334811855,-0.19999999999999996,1.0,0,H
2021-11-15,Guinea-Bissau,Sudan,10.509194950519486,0.6,1.0,1,D
2021-11-15,Namibia,Togo,27.59707706358904,0.0,1.0,1,A
2021-11-15,Georgia,Uzbekistan,-16.46447540815234,0.0,0.5,0,H
2021-11-15,Lithuania,Kuwait,-21.597883941713235,-0.20000000000000007,0.5,0,D
2021-11-15,Northern Ireland,Italy,-160.95806415778407,-0.20000000000000018,0.0,0,D
2021-11-15,Kenya,Rwanda,20.01423212290024,0.39999999999999997,0.5,0,H
2021-11-15,Niger,Djibouti,10.996824504278948,0.8,1.0,0,H
2021-11-16,Bahrain,Kyrgyzstan,25.708337123578303,-0.5999999999999999,0.5,0,H
2021-11-16,Jamaica,United States,-146.05935985403426,-1.2,0.0,0,D
2021-11-16,Canada,Mexico,13.243386787230293,0.8000000000000003,0.0,0,H
2021-11-16,Costa Rica,Honduras,18.611879861591433,0.8,0.5,0,H
2021-11-16,Panama,El Salvador,54.28791376749723,0.5999999999999999,0.0,0,H
2021-11-16,Bosnia and Herzegovina,Ukraine,-37.80821558622756,0.20000000000000018,0.5,0,A
2021-11-16,Finland,France,-117.0298991063687,-0.8,0.5,0,A
2021-11-16,Wales,Belgium,-54.010618195083225,0.40000000000000013,0.0,0,D
2021-11-16,Oman,Japan,-34.23559229326497,-0.40000000000000013,1.0,0,A
2021-11-16,Czech Republic,Estonia,90.07555716212573,0.8,1.0,0,H
2021-11-16,Montenegro,Turkey,-9.733852131457752,-1.0,0.5,0,A
2021-11-16,Netherlands,Norway,38.7269582710137,0.3999999999999999,0.5,0,H
2021-11-16,Bolivia,Uruguay,-62.80948721507616,1.0,0.0,0,H
2021-11-16,Venezuela,Peru,-53.36242126644947,-0.6,0.0,0,A
2021-11-16,Colombia,Paraguay,36.52498859028378,0.3999999999999999,0.5,0,D
2021-11-16,Argentina,Brazil,-11.71967235871989,0.0,1.0,0,D
2021-11-16,Chile,Ecuador,-13.860926201829216,-0.19999999999999996,0.5,0,A
2021-11-16,Gibraltar,Latvia,-52.66094531868612,-0.4,0.0,0,A
2021-11-16,Vietnam,Saudi Arabia,-116.13194487019314,-2.6,0.0,0,A
2021-11-16,China,Australia,-36.232248366230806,-1.2,0.0,1,D
2021-11-16,Tunisia,Zambia,49.08202745273297,0.6000000000000001,1.0,0,H
2021-11-16,Belarus,Jordan,-101.71030417216707,-2.4,0.5,0,H
2021-11-16,Kazakhstan,Tajikistan,-71.47774541738636,-1.4000000000000001,0.5,0,H
2021-11-16,New Zealand,Gambia,7.783757335540258,1.2,0.5,1,H
2021-11-16,Indonesia,Afghanistan,-15.968871809057873,0.19999999999999996,0.0,1,A
2021-11-16,Maldives,Seychelles,-19.85858232208625,0.3999999999999999,0.5,1,D
2021-11-16,Sri Lanka,Bangladesh,-23.75830599197957,-0.7999999999999999,0.0,0,H
2021-11-16,Algeria,Burkina Faso,52.43017623046717,0.3999999999999999,0.5,0,D
2021-11-16,Mauritania,Equatorial Guinea,-55.33615336242565,-1.8,0.0,0,D
2021-11-16,Syria,Iran,-127.7787798954489,-2.2,0.0,1,A
2021-11-16,Nigeria,Cape Verde,-5.97645982444169,0.3999999999999999,1.0,0,D
2021-11-16,Mozambique,Malawi,-5.5167920718854475,-0.39999999999999997,0.5,1,H
2021-11-16,Cameroon,Ivory Coast,-20.427010809687545,-0.20000000000000018,0.0,0,H
2021-11-16,Egypt,Gabon,67.56120493892672,0.8000000000000003,0.5,0,H
2021-11-16,Libya,Angola,-39.41524698991134,0.3999999999999999,1.0,0,D
2021-11-16,Morocco,Guinea,83.2786517622751,2.2,1.0,0,H
2021-11-16,Lebanon,United Arab Emirates,-45.26486695102767,0.4,0.5,0,A
2021-11-16,Iraq,South Korea,-19.318197475377247,-1.4000000000000001,0.5,1,A
2021-11-16,Liberia,Central African Republic,11.862443169649396,-0.20000000000000007,1.0,1,H
2021-11-19,Sri Lanka,Seychelles,-34.77610321719226,0.0,0.0,0,D
2021-11-25,Indonesia,Myanmar,11.360554878604944,1.2,0.5,1,H
2021-11-30,United Arab Emirates,Syria,71.07845316079352,0.6,0.5,1,H
2021-11-30,Tunisia,Mauritania,81.59260421349632,1.6,1.0,1,H
2021-11-30,Iraq,Oman,-6.988012814095555,-0.20000000000000007,0.5,1,D
2021-11-30,Qatar,Bahrain,-55.153976710952065,-1.4,0.5,0,H
2021-12-01,Morocco,Palestine,78.0695387749106,0.6000000000000001,0.5,1,H
2021-12-01,Saudi Arabia,Jordan,67.54859038393556,0.20000000000000018,0.5,1,A
2021-12-01,Algeria,Sudan,106.41885271596993,1.6,0.5,1,H
2021-12-01,Egypt,Lebanon,94.69858632098612,1.8,0.5,1,H
2021-12-03,Mauritania,United Arab Emirates,-64.68844327708302,-0.9999999999999999,0.5,1,A
2021-12-03,Syria,Tunisia,-119.33478593523887,-1.8,0.5,1,H
2021-12-03,Bahrain,Iraq,22.343455928529693,0.3999999999999999,0.5,1,D
2021-12-03,Qatar,Oman,-16.24781083510493,-0.19999999999999996,1.0,0,H
2021-12-04,El Salvador,Ecuador,-39.22158275181778,-1.8,0.5,1,D
2021-12-04,Jordan,Morocco,-78.30091482476746,-0.6000000000000001,0.5,1,A
2021-12-04,Palestine,Saudi Arabia,-59.057163854932014,-0.19999999999999996,0.0,1,D
2021-12-04,Lebanon,Algeria,-134.46508824797115,-1.8,0.5,1,A
2021-12-04,Sudan,Egypt,-95.39085033034712,-2.0,0.5,1,A
2021-12-05,Timor-Leste,Thailand,29.520083254378505,0.6,0.5,1,A
2021-12-05,Singapore,Myanmar,10.253675242021473,0.2,0.5,0,H
2021-12-06,Cambodia,Malaysia,29.89735089088208,0.6,0.5,1,A
2021-12-06,Tunisia,United Arab Emirates,10.82671239969477,-0.6000000000000001,0.5,1,H
2021-12-06,Laos,Vietnam,40.35862169142706,1.0,0.5,1,A
2021-12-06,Qatar,Iraq,0.16309157190630685,0.5999999999999999,0.5,0,H
2021-12-06,Oman,Bahrain,-25.582748944866125,-0.3999999999999999,0.5,1,H
2021-12-06,Syria,Mauritania,-0.8894649138342174,0.4,0.5,1,A
2021-12-07,Jordan,Palestine,5.881387157037125,0.40000000000000013,0.5,1,H
2021-12-07,Morocco,Saudi Arabia,44.05980266302868,1.4,0.5,1,H
2021-12-07,Algeria,Egypt,24.077392534131377,0.0,0.5,1,D
2021-12-07,Lebanon,Sudan,-12.97824916059244,0.19999999999999996,0.5,1,H
2021-12-08,Mexico,Chile,83.26814368151781,-0.6000000000000001,0.5,1,D
2021-12-08,Myanmar,Timor-Leste,-46.55103199093287,0.0,0.5,1,H
2021-12-08,Singapore,Philippines,-27.163105412282448,-0.7333333333333333,0.5,0,H
2021-12-09,Malaysia,Laos,-14.51671319679508,1.2,0.5,1,H
2021-12-09,Indonesia,Cambodia,0.5057078554195868,0.6000000000000001,0.5,1,H
2021-12-09,Tanzania,Uganda,-2.991759268740907,-0.20000000000000018,0.5,0,A
2021-12-10,Tunisia,Oman,42.99842846674301,0.8,0.5,1,H
2021-12-10,Qatar,United Arab Emirates,-8.84763994566083,0.19999999999999996,0.5,0,H
2021-12-11,Egypt,Jordan,45.736702283089926,0.40000000000000013,0.5,1,H
2021-12-11,Morocco,Algeria,24.345915655261024,0.7999999999999998,0.5,1,D
2021-12-11,El Salvador,Chile,-7.385808679861611,-1.6,0.5,1,A
2021-12-11,Timor-Leste,Philippines,-10.827328963191803,-1.0,0.5,1,A
2021-12-11,Thailand,Myanmar,27.394297927304933,0.4,0.5,1,H
2021-12-12,Laos,Indonesia,-14.572577325490784,-2.4,0.5,1,A
2021-12-12,Vietnam,Malaysia,-13.94665448732394,-1.2000000000000002,1.0,1,H
2021-12-14,Philippines,Thailand,7.795597736072068,0.0,0.5,1,A
2021-12-14,Singapore,Timor-Leste,14.913144785824443,1.2,0.5,0,H
2021-12-15,Indonesia,Vietnam,21.38039355149499,1.2,0.0,1,D
2021-12-15,Cambodia,Laos,3.676793629602571,1.2,0.5,1,H
2021-12-15,Qatar,Algeria,-62.911037544447254,0.8,0.5,0,A
2021-12-15,Tunisia,Egypt,-10.643589610668869,-0.20000000000000018,0.5,1,H
2021-12-18,Qatar,Egypt,-46.111550078510845,0.3999999999999999,0.5,0,D
2021-12-18,Tunisia,Algeria,-23.248190837740367,0.19999999999999973,0.0,1,A
2021-12-18,United States,Bosnia and Herzegovina,176.75047917428628,1.0,0.5,0,H
2021-12-18,Singapore,Thailand,-8.148826060566535,0.0,0.5,0,A
2021-12-18,Myanmar,Philippines,-43.39187519497909,-0.7999999999999999,0.5,1,A
2021-12-19,Vietnam,Cambodia,-0.6025590072963496,-0.40000000000000013,0.5,1,H
2021-12-19,Malaysia,Indonesia,-27.621540513316404,-0.8,0.5,1,A
2021-12-22,Singapore,Indonesia,-28.320744840596944,-0.8,0.5,0,D
2021-12-23,Vietnam,Thailand,-18.699589322093516,-0.3999999999999999,0.5,1,A
2021-12-25,Singapore,Indonesia,-26.69407291763946,-0.20000000000000018,0.5,0,A
2021-12-26,Thailand,Vietnam,37.62419262710614,1.0,1.0,1,D
2021-12-29,Indonesia,Thailand,0.6771683730391942,-0.3999999999999999,0.5,1,A
2021-12-30,Mauritania,Burkina Faso,-62.87834023835103,-1.0,0.5,1,D
2021-12-30,Sudan,Ethiopia,-37.84153521856342,-0.8,0.5,1,A
2021-12-31,Malawi,Comoros,-86.53762732640689,-1.2000000000000002,0.5,1,H
2022-01-01,Thailand,Indonesia,19.361812522631,1.0,1.0,1,D
2022-01-02,Gabon,Burkina Faso,-57.8925747686103,-0.40000000000000013,0.5,1,A
2022-01-02,Sudan,Zimbabwe,8.542947227501827,0.0,0.5,1,D
2022-01-03,Rwanda,Guinea,-29.3778102130118,-0.39999999999999997,0.5,0,H
2022-01-04,Mauritania,Gabon,6.9437660557462095,-0.19999999999999996,0.5,1,D
2022-01-05,Algeria,Ghana,92.22067133677729,0.20000000000000018,0.5,1,H
2022-01-06,Rwanda,Guinea,-7.690706385816156,0.19999999999999996,1.0,0,A
2022-01-09,Ethiopia,Cape Verde,-16.396438654884378,-1.0,0.5,1,A
2022-01-09,Cameroon,Burkina Faso,2.5789429231183476,0.5999999999999999,0.5,0,H
2022-01-10,Senegal,Zimbabwe,137.33952234670187,2.2,1.0,1,H
2022-01-10,Guinea,Malawi,57.59462646787324,0.20000000000000007,0.5,1,H
2022-01-10,Morocco,Ghana,105.03304832168715,0.6000000000000001,1.0,1,H
2022-01-10,Comoros,Gabon,34.37249242930329,0.40000000000000013,0.5,1,A
2022-01-11,Nigeria,Egypt,-60.64371835937641,0.3999999999999999,0.5,1,H
2022-01-11,Sudan,Guinea-Bissau,-43.78949228130932,-0.8,0.0,1,D
2022-01-11,Algeria,Sierra Leone,136.8250474097713,0.6000000000000001,0.5,1,D
2022-01-12,Mauritania,Gambia,-23.27617371475253,-0.19999999999999996,0.5,1,A
2022-01-12,Tunisia,Mali,26.563443077078773,-0.8,1.0,1,A
2022-01-12,Iceland,Uganda,-45.81281334454343,-1.0,0.5,1,D
2022-01-12,Equatorial Guinea,Ivory Coast,-13.212294803847726,-0.19999999999999973,0.5,1,A
2022-01-13,Cameroon,Ethiopia,63.54338460282361,2.0,0.5,0,H
2022-01-13,Cape Verde,Burkina Faso,-5.659610987165252,1.4000000000000001,0.5,1,A
2022-01-14,Senegal,Guinea,73.82412591946877,1.2000000000000002,0.5,1,D
2022-01-14,Malawi,Zimbabwe,1.6878255408641962,0.19999999999999996,0.5,1,H
2022-01-14,Morocco,Comoros,137.2419958847072,0.8,0.5,1,H
2022-01-14,Gabon,Ghana,-30.477722801198524,0.0,0.5,1,D
2022-01-15,Nigeria,Sudan,77.15581069904442,1.6,0.5,1,H
2022-01-15,South Korea,Iceland,106.20281113075998,1.4000000000000001,0.5,1,H
2022-01-15,Guinea-Bissau,Egypt,-73.06159186642844,-0.4,0.5,1,A
2022-01-16,Peru,Panama,-65.37875540381015,0.0,0.5,0,D
2022-01-16,Tunisia,Mauritania,98.26852879023818,0.8,1.0,1,H
2022-01-16,Gambia,Mali,-51.292937470735524,-1.8,0.5,1,D
2022-01-16,Colombia,Honduras,60.84985115747895,0.6000000000000001,0.5,1,H
2022-01-16,Ivory Coast,Sierra Leone,63.357769416335486,1.2,0.5,1,D
2022-01-16,Algeria,Equatorial Guinea,98.4265043453106,0.6000000000000001,0.5,1,A
2022-01-17,Burkina Faso,Ethiopia,59.141210052194765,0.6000000000000001,0.5,1,D
2022-01-17,Cameroon,Cape Verde,46.118415959199865,1.0,0.0,0,D
2022-01-18,Moldova,Uganda,-115.943726765468,-1.6,0.5,1,A
2022-01-18,Malawi,Senegal,-136.0885389341563,-1.0000000000000002,0.0,1,D
2022-01-18,Zimbabwe,Guinea,-88.04191693230064,-0.9999999999999999,0.5,1,H
2022-01-18,Gabon,Morocco,-155.01055386703956,-1.6,0.5,1,D
2022-01-18,Ghana,Comoros,23.445715030749852,-0.19999999999999996,0.5,1,A
2022-01-19,Guinea-Bissau,Nigeria,-51.616435083864644,-2.0,0.5,1,A
2022-01-19,Egypt,Sudan,130.0862754021323,0.9999999999999999,1.0,1,H
2022-01-20,Peru,Jamaica,-3.1682910064689622,0.19999999999999996,0.5,0,H
2022-01-20,Ivory Coast,Algeria,-55.018525947635,0.0,0.5,1,H
2022-01-20,Sierra Leone,Equatorial Guinea,-41.86154703566649,-0.40000000000000013,0.5,1,A
2022-01-20,Gambia,Tunisia,-62.10923085331001,-0.40000000000000013,0.5,1,H
2022-01-20,Mali,Mauritania,99.0102203822878,1.6,0.5,1,H
2022-01-20,South Korea,Moldova,192.77222789812413,2.6,0.5,1,H
2022-01-21,Bolivia,Trinidad and Tobago,-61.959750868981246,1.2,0.5,0,H
2022-01-21,Iraq,Uganda,8.87125878705956,-1.0,0.5,0,H
2022-01-23,Nigeria,Tunisia,-19.244778051377807,1.4000000000000001,0.5,1,A
2022-01-23,Burkina Faso,Gabon,56.567635293133435,0.40000000000000013,1.0,1,D
2022-01-24,Guinea,Gambia,-24.105837221892443,-0.6000000000000001,0.5,1,A
2022-01-24,Cameroon,Comoros,65.95000822996599,1.4000000000000001,0.5,0,H
2022-01-25,Morocco,Malawi,184.64613416499083,0.8000000000000003,0.5,1,H
2022-01-25,Senegal,Cape Verde,56.38246307877853,0.19999999999999996,1.0,1,H
2022-01-26,Ivory Coast,Egypt,-11.300412589384905,0.6000000000000001,0.5,1,D
2022-01-26,Mali,Equatorial Guinea,21.253194474908014,0.6000000000000001,0.5,1,D
2022-01-27,Ecuador,Brazil,-97.59787837695421,0.0,0.0,0,D
2022-01-27,Saudi Arabia,Oman,47.99073678587138,0.19999999999999996,1.0,0,H
2022-01-27,Australia,Vietnam,71.6125033499195,0.0,1.0,0,H
2022-01-27,Japan,China,59.061035005795475,1.4,1.0,0,H
2022-01-27,United Arab Emirates,Syria,71.92789880548958,1.0,1.0,0,H
2022-01-27,Iran,Iraq,82.46291341814072,1.6,1.0,0,H
2022-01-27,Lebanon,South Korea,-102.75716292596053,-2.0,0.0,0,A
2022-01-27,Honduras,Canada,-165.79051514031494,-2.2,0.5,0,A
2022-01-27,Paraguay,Uruguay,-21.21196078628668,0.2,0.0,0,A
2022-01-27,United States,El Salvador,162.92535403072657,1.6,1.0,0,H
2022-01-27,Jamaica,Mexico,-86.32824770932325,0.3999999999999999,0.0,0,A
2022-01-27,Uzbekistan,South Sudan,11.774155816730172,0.39999999999999997,0.5,1,H
2022-01-27,Indonesia,Timor-Leste,51.56751216475345,1.6,0.5,0,H
2022-01-27,Bahrain,Uganda,38.93531532708198,-0.5999999999999999,0.5,0,H
2022-01-27,Costa Rica,Panama,-67.40321123429612,-0.6000000000000001,0.0,0,H
2022-01-27,Chile,Argentina,-106.35267805321996,-0.20000000000000018,0.5,0,A
2022-01-28,Venezuela,Bolivia,-49.052311409346885,-1.7999999999999998,0.0,0,H
2022-01-28,Colombia,Peru,15.739278236944756,-0.8,0.6666666666666666,0,A
2022-01-28,Jordan,New Zealand,-4.361186607603713,-1.8,0.5,1,H
2022-01-28,Suriname,Barbados,34.09803084824216,0.19999999999999996,0.5,0,H
2022-01-29,Kuwait,Libya,4.209363215671829,0.0,0.5,0,H
2022-01-29,Nepal,Mauritius,-26.54037315412279,0.3999999999999999,0.5,0,H
2022-01-29,Nicaragua,Belize,21.79051112835532,0.3999999999999999,1.0,0,H
2022-01-29,Burkina Faso,Tunisia,-29.401926954779583,0.40000000000000013,0.5,1,H
2022-01-29,Cameroon,Gambia,40.198057616496726,0.6000000000000001,0.5,0,H
2022-01-30,Honduras,El Salvador,-35.15304728464662,-0.4,0.5,0,A
2022-01-30,Panama,Jamaica,64.23108368500584,0.3999999999999999,1.0,0,H
2022-01-30,Canada,United States,-32.42078986303068,0.0,0.0,0,H
2022-01-30,Mexico,Costa Rica,80.79864184692906,-1.0,1.0,0,D
2022-01-30,Egypt,Morocco,-61.23525634634257,-0.6000000000000001,0.5,1,H
2022-01-30,Indonesia,Timor-Leste,68.62065505065243,1.6,1.0,0,H
2022-01-30,Senegal,Equatorial Guinea,39.50026662618234,0.6000000000000001,0.5,1,H
2022-02-01,Japan,Saudi Arabia,12.67138629341548,1.0,0.0,0,H
2022-02-01,Brazil,Paraguay,151.54495264819252,1.6,1.0,0,H
2022-02-01,Peru,Ecuador,-12.621905973386674,0.3999999999999999,1.0,0,D
2022-02-01,Argentina,Colombia,108.63423951997152,1.6,0.5,0,H
2022-02-01,Uruguay,Venezuela,74.50809204486382,-0.6,0.5,0,H
2022-02-01,Bolivia,Chile,-38.12179713618093,0.40000000000000013,0.0,0,A
2022-02-01,Oman,Australia,-52.661290384224,-0.8,0.0,0,D
2022-02-01,Vietnam,China,-37.10967692211193,0.0,0.0,0,H
2022-02-01,Suriname,Guyana,43.3302748298629,0.6,0.5,0,H
2022-02-01,Iran,United Arab Emirates,73.17217756479022,0.8,1.0,0,H
2022-02-01,Lebanon,Iraq,-52.60461265290246,-0.4,0.5,0,D
2022-02-01,Nicaragua,Belize,40.53779059764929,1.25,1.0,0,D
2022-02-01,Nepal,Mauritius,-5.015551257799416,1.4,1.0,0,H
2022-02-01,Kuwait,Libya,23.967064646104745,0.6000000000000001,1.0,0,A
2022-02-01,Bahrain,DR Congo,29.12333028591206,-0.6000000000000001,0.5,0,H
2022-02-01,Syria,South Korea,-127.61860702759782,-2.4,0.0,1,A
2022-02-02,Mexico,Panama,26.770922471440144,-1.0,1.0,0,H
2022-02-02,Burkina Faso,Senegal,-42.08315245054155,-0.6000000000000001,0.5,1,A
2022-02-02,United States,Honduras,207.39280911376568,2.0,1.0,0,H
2022-02-02,Jamaica,Costa Rica,-31.116550866852776,-0.9999999999999999,0.0,0,A
2022-02-02,El Salvador,Canada,-143.6965595297977,-2.2,0.0,0,A
2022-02-03,Cameroon,Egypt,-7.589215404112338,0.6000000000000001,0.5,0,D
2022-02-05,Cameroon,Burkina Faso,37.90601673898777,0.6000000000000001,1.0,0,D
2022-02-06,Senegal,Egypt,14.613998154279216,0.0,0.5,1,D
2022-03-17,Cook Islands,Solomon Islands,0.0,0.0,0.5,1,A
2022-03-18,Papua New Guinea,New Zealand,-21.28958143405839,-1.25,0.5,1,A
2022-03-18,New Caledonia,Fiji,0.0,0.0,0.5,1,A
2022-03-18,Iraq,Zambia,11.718807554103932,0.19999999999999996,0.5,0,H
2022-03-19,Mauritius,Seychelles,-8.106692248373747,-1.2,0.5,0,D
2022-03-21,Papua New Guinea,New Caledonia,0.6119976280606352,0.0,0.5,1,H
2022-03-21,New Zealand,Fiji,20.677583805997756,-0.6000000000000001,0.5,1,H
2022-03-23,Somalia,Eswatini,-10.667178843446663,-1.2,0.5,1,A
2022-03-23,Seychelles,Lesotho,32.83992475537434,0.7999999999999999,0.5,1,D
2022-03-23,Chad,Gambia,-64.07516077006198,-1.8,0.5,1,A
2022-03-23,Tanzania,Central African Republic,41.6427263675489,0.20000000000000007,0.5,0,H
2022-03-23,Mozambique,Niger,-28.022875965637468,-0.7999999999999999,0.5,1,D
2022-03-23,Djibouti,South Sudan,-6.279955143636926,-0.2,0.5,1,A
2022-03-23,Laos,Mongolia,-31.978076553563824,-1.0,0.5,0,H
2022-03-23,Guadeloupe,Cape Verde,-36.8333394458175,-0.19999999999999996,0.5,1,A
2022-03-23,Guinea-Bissau,Equatorial Guinea,-63.64752920270212,-0.7999999999999999,0.5,1,H
2022-03-23,Gibraltar,Grenada,-49.32862386157558,0.0,0.5,0,D
2022-03-23,Bahrain,India,23.492657739196602,-0.8000000000000003,0.5,0,H
2022-03-23,Malaysia,Philippines,-31.732897472872082,-0.19999999999999996,0.5,1,H
2022-03-24,Portugal,Turkey,47.87534013103755,0.0,0.5,0,H
2022-03-24,Sweden,Czech Republic,-3.9561612805696313,-1.0000000000000002,0.5,0,H
2022-03-24,Wales,Austria,14.482477514887705,0.0,0.5,0,H
2022-03-24,Armenia,Montenegro,-8.17664717491084,-0.6,0.5,0,H
2022-03-24,Guatemala,Cuba,65.4413412314907,-0.19999999999999996,1.0,0,H
2022-03-24,Hungary,Serbia,-20.92375291109215,-0.6000000000000001,1.0,0,A
2022-03-24,Kosovo,Burkina Faso,-94.71103143317646,-1.0,0.5,0,H
2022-03-24,Scotland,Poland,27.104352173451616,1.0,0.5,0,D
2022-03-24,Maldives,Bangladesh,13.666633809248424,0.0,0.5,0,H
2022-03-24,Thailand,Nepal,34.01053715423973,0.8000000000000003,0.5,0,H
2022-03-24,Togo,Sierra Leone,-6.372968725594319,0.6000000000000001,0.5,1,H
2022-03-24,Estonia,Cyprus,42.194599901780975,0.6000000000000001,0.5,0,D
2022-03-24,Mauritius,São Tomé and Príncipe,18.138265738018163,0.3333333333333333,0.5,0,H
2022-03-24,Italy,North Macedonia,86.54816668462809,-0.3999999999999999,0.5,0,A
2022-03-24,Liberia,Benin,-39.30266034095939,-0.7999999999999999,0.5,1,A
2022-03-24,Uruguay,Peru,0.716958362733294,-1.0000000000000002,0.5,0,H
2022-03-24,Moldova,Kazakhstan,-67.14736616382834,-0.8,0.5,0,A
2022-03-24,Brazil,Chile,118.67969300216237,0.8000000000000003,1.0,0,H
2022-03-24,Jamaica,El Salvador,-12.71467927132744,-0.6000000000000001,0.5,0,D
2022-03-24,Paraguay,Ecuador,-64.95413238138781,-1.6,0.0,0,H
2022-03-24,Panama,Honduras,119.43926995672132,1.4,0.5,0,D
2022-03-24,Costa Rica,Canada,-119.2507607725563,-1.0,0.0,0,H
2022-03-24,Lebanon,Syria,18.59617748760502,0.20000000000000007,1.0,0,A
2022-03-24,Iraq,United Arab Emirates,-8.54621629570238,0.19999999999999996,0.5,1,H
2022-03-24,South Korea,Iran,-34.84007104927832,0.3999999999999999,0.5,0,H
2022-03-24,Mexico,United States,-52.02348250420778,-0.3999999999999999,0.0,0,D
2022-03-24,Vietnam,Oman,-25.326422193195413,0.5999999999999999,0.0,0,A
2022-03-24,Australia,Japan,-36.3953621953292,-1.8,0.0,0,A
2022-03-24,Solomon Islands,Tahiti,10.0,2.0,0.5,1,H
2022-03-24,Fiji,Papua New Guinea,6.408226954590646e-05,0.0,0.5,1,A
2022-03-24,New Zealand,New Caledonia,60.065522095667575,2.4,0.5,1,H
2022-03-24,Colombia,Bolivia,51.83822802122427,-0.3999999999999999,0.5,0,H
2022-03-24,China,Saudi Arabia,-64.45080562198405,-0.4,0.0,1,D
2022-03-25,Malta,Azerbaijan,28.75038047118437,0.0,0.5,0,H
2022-03-25,Norway,Slovakia,38.497300975383496,0.0,0.5,0,H
2022-03-25,Romania,Greece,-25.13520499243282,0.20000000000000018,0.5,0,A
2022-03-25,San Marino,Lithuania,-53.55351231237569,-0.8,0.5,0,A
2022-03-25,Uzbekistan,Kyrgyzstan,-26.22463895142073,-0.6000000000000001,0.5,0,H
2022-03-25,Tajikistan,Uganda,-1.2689103331972547,-0.3999999999999999,0.5,1,D
2022-03-25,Trinidad and Tobago,Barbados,36.786540140911484,-0.4,0.5,0,H
2022-03-25,Alderney,Jersey,0.0,0.0,0.5,0,A
2022-03-25,Luxembourg,Northern Ireland,-10.228413890319871,-0.19999999999999996,0.5,0,A
2022-03-25,South Africa,Guinea,69.7405126113731,1.0,0.5,1,D
2022-03-25,Latvia,Kuwait,27.804995453881247,0.19999999999999996,0.5,1,D
2022-03-25,Andorra,Saint Kitts and Nevis,-93.41623102752828,-0.6,0.5,0,H
2022-03-25,Congo,Zambia,-17.589379325408117,-0.4,0.5,1,A
2022-03-25,Cameroon,Algeria,-17.615403497578882,0.40000000000000013,0.5,0,A
2022-03-25,DR Congo,Morocco,-127.86205405816804,-0.19999999999999996,0.5,0,D
2022-03-25,France,Ivory Coast,44.57862157055206,1.4,0.5,0,H
2022-03-25,Ghana,Nigeria,-32.350931488559354,-1.2,0.5,0,D
2022-03-25,Mali,Tunisia,6.032762909059329,1.0000000000000002,0.5,0,A
2022-03-25,Egypt,Senegal,-13.773244573089869,-0.40000000000000013,0.5,0,H
2022-03-25,Bosnia and Herzegovina,Georgia,-34.59903373283237,-1.0,0.5,0,A
2022-03-25,Cape Verde,Liechtenstein,119.8316013488834,1.2,0.5,1,H
2022-03-25,Comoros,Ethiopia,2.845869453289879,-0.4,0.5,0,H
2022-03-25,Argentina,Venezuela,199.6429671098681,2.0,1.0,0,H
2022-03-26,Libya,Niger,-32.83225685589946,-0.19999999999999996,0.5,1,H
2022-03-26,Singapore,Malaysia,-1.616556636160567,-0.40000000000000013,0.5,0,H
2022-03-26,Republic of Ireland,Belgium,-112.26339940152297,0.8000000000000003,0.5,0,D
2022-03-26,Spain,Albania,56.988032501451926,0.5999999999999999,0.5,0,H
2022-03-26,Netherlands,Denmark,-8.831025600455632,0.20000000000000018,0.5,0,H
2022-03-26,Mauritania,Mozambique,6.862453665212797,-0.4,0.5,0,H
2022-03-26,Gibraltar,Faroe Islands,-39.31497919531421,-0.39999999999999997,0.5,0,D
2022-03-26,Qatar,Bulgaria,82.398638883908,0.6000000000000001,0.5,0,H
2022-03-26,Finland,Iceland,38.55774292305091,0.19999999999999996,0.5,1,D
2022-03-26,Angola,Guinea-Bissau,-9.049485470111904,0.0,0.5,1,H
2022-03-26,Bahrain,Burundi,42.24839217548856,0.6000000000000001,0.5,1,H
2022-03-26,Belarus,India,-71.34430990227565,-1.4,0.5,1,H
2022-03-26,Germany,Israel,74.25825152466086,1.8,0.5,0,H
2022-03-26,Croatia,Slovenia,-7.283912702470616,1.2000000000000002,0.5,1,D
2022-03-26,England,Switzerland,69.63595784196514,0.0,0.5,0,H
2022-03-26,Central African Republic,Sudan,-14.294560698826444,0.19999999999999996,0.5,1,D
2022-03-27,Eswatini,Somalia,30.05331954145663,1.8,1.0,1,H
2022-03-27,Lesotho,Seychelles,-30.95511647031026,-0.5999999999999999,0.5,1,H
2022-03-27,South Sudan,Djibouti,25.918491230131167,0.8,1.0,1,H
2022-03-27,Thailand,Suriname,12.607178549038053,0.40000000000000013,0.5,0,H
2022-03-27,Liberia,Sierra Leone,-24.504722503352014,0.19999999999999996,0.5,1,A
2022-03-27,Laos,Brunei,-30.1311772849499,-0.4,0.5,0,H
2022-03-27,Guatemala,Haiti,33.69431893211322,0.40000000000000013,0.5,1,H
2022-03-27,Benin,Zambia,11.867584152998461,0.40000000000000013,0.5,1,H
2022-03-27,Belize,Cuba,8.259381167738638,0.20000000000000007,0.5,0,A
2022-03-27,Solomon Islands,Papua New Guinea,9.117871533656626,1.0,0.5,1,H
2022-03-27,Mauritius,São Tomé and Príncipe,37.09509077567009,1.0,1.0,0,D
2022-03-27,United States,Panama,99.07854797526397,1.0,0.5,0,H
2022-03-27,Honduras,Mexico,-162.85001829013618,-1.6,0.0,0,A
2022-03-27,Canada,Jamaica,154.9114873498918,2.1999999999999997,0.5,0,H
2022-03-27,El Salvador,Costa Rica,-50.28481828319673,-1.8,0.0,0,A
2022-03-27,Barbados,Guyana,-8.997050152206157,-0.19999999999999996,0.5,1,A
2022-03-27,New Zealand,Tahiti,58.08358885317239,2.4,0.5,1,H
2022-03-28,Vanuatu,Fiji,9.405554823578996,0.0,0.5,1,A
2022-03-28,Montenegro,Greece,-48.67412061198115,-0.5999999999999999,0.5,0,H
2022-03-28,Andorra,Grenada,-34.65725442965072,1.0,0.5,0,H
2022-03-28,Cape Verde,San Marino,167.0409136996766,1.4,0.5,1,H
2022-03-29,England,Ivory Coast,80.64279979280741,1.0,0.5,0,H
2022-03-29,Faroe Islands,Liechtenstein,45.475261916948284,0.2,1.0,1,H
2022-03-29,Finland,Slovakia,3.682864375981808,0.3999999999999999,0.5,1,A
2022-03-29,France,South Africa,62.504016298281385,1.0,0.5,0,H
2022-03-29,Israel,Romania,8.82712890693415,-0.19999999999999996,0.5,0,D
2022-03-29,Liberia,Burundi,-62.44717053155023,-0.6,0.5,1,A
2022-03-29,Malta,Kuwait,6.837770733772231,-0.19999999999999996,0.5,0,H
2022-03-29,Mauritania,Libya,12.141794997826537,-0.5999999999999999,0.5,0,H
2022-03-29,Netherlands,Germany,1.3256275734465817,-0.3999999999999999,0.5,0,D
2022-03-29,Northern Ireland,Hungary,-62.702542980200406,0.0,0.5,0,A
2022-03-29,Qatar,Slovenia,9.622907832630972,0.3999999999999999,0.5,0,D
2022-03-29,Republic of Ireland,Lithuania,55.48067838787938,0.8000000000000003,0.5,0,H
2022-03-29,Singapore,Philippines,-1.4812963262452286,0.19999999999999996,1.0,0,H
2022-03-29,Switzerland,Kosovo,90.08477997354021,1.2,0.5,0,D
2022-03-29,Tanzania,Sudan,45.37362958136032,0.7999999999999999,0.5,0,D
2022-03-29,Togo,Benin,-28.209804788340307,0.40000000000000013,0.5,1,D
2022-03-29,Trinidad and Tobago,Guyana,35.938662451511846,0.4,1.0,0,D
2022-03-29,Turkey,Italy,-81.80352535896463,1.0,0.0,0,A
2022-03-29,Wales,Czech Republic,23.28355782770973,0.20000000000000018,1.0,0,D
2022-03-29,Tajikistan,Kyrgyzstan,-17.018677532089896,-0.8,0.5,1,H
2022-03-29,Uzbekistan,Uganda,11.104923447317105,0.8,0.5,0,H
2022-03-29,Cyprus,Estonia,-39.77755488482421,-0.4,0.5,0,H
2022-03-29,Kazakhstan,Moldova,83.32946996846704,1.2,1.0,0,A
2022-03-29,Gambia,Chad,80.42795403320201,1.8,1.0,1,D
2022-03-29,Denmark,Serbia,8.657884049015593,-1.2,0.5,0,H
2022-03-29,Spain,Iceland,146.8677639557925,1.7999999999999998,0.5,0,H
2022-03-29,Croatia,Bulgaria,81.25477899647399,1.4000000000000001,0.5,1,H
2022-03-29,Norway,Armenia,35.02513241983638,0.8,0.5,0,H
2022-03-29,Bosnia and Herzegovina,Luxembourg,-5.617755474256683,-0.39999999999999997,0.5,0,H
2022-03-29,Algeria,Cameroon,36.60224735522979,-0.20000000000000018,1.0,0,A
2022-03-29,Nigeria,Ghana,30.494025605203888,1.6,0.5,0,D
2022-03-29,Senegal,Egypt,-7.019192047466731,0.19999999999999996,0.0,0,H
2022-03-29,Tunisia,Mali,14.314475943009711,0.19999999999999996,0.6666666666666666,0,D
2022-03-29,Iran,Lebanon,156.36496672155863,1.5999999999999999,1.0,0,H
2022-03-29,Syria,Iraq,-77.5695879243035,-0.8,0.5,1,D
2022-03-29,United Arab Emirates,South Korea,-75.42652880798596,-2.4,0.0,0,H
2022-03-29,Japan,Vietnam,129.60325803790488,2.2,1.0,0,D
2022-03-29,Oman,China,17.783145023569887,0.7999999999999999,0.5,0,H
2022-03-29,Saudi Arabia,Australia,11.575294858832422,-0.19999999999999996,0.5,0,H
2022-03-29,Ecuador,Argentina,-114.84126917825574,-1.4000000000000001,0.0,0,D
2022-03-29,Peru,Paraguay,31.23106838723811,0.8,0.5,0,H
2022-03-29,Morocco,DR Congo,120.81694178497014,0.20000000000000018,0.5,0,H
2022-03-29,Venezuela,Colombia,-90.39760983539895,-0.7999999999999999,0.0,0,A
2022-03-29,Belgium,Burkina Faso,60.99541271216003,0.0,0.5,0,H
2022-03-29,Bolivia,Brazil,-189.84579695368143,-1.0000000000000002,0.0,0,A
2022-03-29,Bangladesh,Mongolia,-33.80388715207937,0.25,0.5,0,D
2022-03-29,Bahrain,Belarus,110.25156022256715,1.2,0.5,0,A
2022-03-29,Austria,Scotland,-26.444201412888333,-0.8,0.0,0,D
2022-03-29,Azerbaijan,Latvia,-66.4691916824413,-0.8,0.5,1,A
2022-03-29,Albania,Georgia,31.714018010619156,-1.2,0.5,0,D
2022-03-29,Portugal,North Macedonia,44.99981139752731,-0.3999999999999999,0.5,0,H
2022-03-29,Poland,Sweden,-25.740343965922648,0.19999999999999996,0.0,0,H
2022-03-29,Chile,Uruguay,-25.81009012001573,-0.40000000000000013,0.0,0,A
2022-03-29,Congo,Sierra Leone,-25.19606991014257,-0.6,0.5,1,A
2022-03-29,Angola,Equatorial Guinea,-38.81320484752541,0.20000000000000018,0.5,1,D
2022-03-30,Jamaica,Honduras,35.85899806708335,0.0,1.0,0,H
2022-03-30,Mexico,El Salvador,129.01233904339256,1.4000000000000001,1.0,0,H
2022-03-30,Costa Rica,United States,-112.24786040502931,0.6000000000000001,0.0,0,H
2022-03-30,Panama,Canada,-91.17288366055504,-1.5999999999999999,0.0,0,H
2022-03-30,Solomon Islands,New Zealand,-27.265071762052912,0.6000000000000001,0.5,1,A
2022-04-22,Elba Island,Vatican City,0.0,0.0,0.5,0,H
2022-04-23,Alderney,Guernsey,-10.0,-1.0,0.5,0,A
2022-04-24,El Salvador,Guatemala,-113.35440782652859,-1.4000000000000001,0.5,1,A
2022-04-27,Mexico,Guatemala,21.706451495246483,-0.3999999999999999,1.0,1,D
2022-05-12,Bahamas,Turks and Caicos Islands,-8.356210299290296,0.2,0.5,0,H
2022-05-12,Dominica,Saint Vincent and the Grenadines,17.78652108896813,0.4,0.5,0,H
2022-05-13,Guernsey,Jersey,-0.28774368332005906,0.0,0.5,0,A
2022-05-14,Bahamas,Turks and Caicos Islands,12.124719103889447,0.8,1.0,0,A
2022-05-15,Dominica,Saint Vincent and the Grenadines,36.76354015018751,0.7999999999999999,1.0,0,H
2022-05-21,Jersey,Guernsey,20.271179829211633,1.5,1.0,0,H
2022-05-21,Yoruba Nation,Matabeleland,0.0,0.0,0.5,1,D
2022-05-22,Biafra,Matabeleland,0.0,0.0,0.5,1,A
2022-05-23,Yoruba Nation,Biafra,10.0,1.0,0.5,1,A
2022-05-24,Mozambique,Eswatini,-70.25260916298339,-1.0,0.5,0,A
2022-05-24,Thailand,Bahrain,-7.928155230397351,-0.19999999999999973,0.5,0,H
2022-05-25,Biafra,Matabeleland,-9.712256316679941,-0.5,0.0,1,H
2022-05-27,Thailand,Turkmenistan,57.50817653069066,1.1,0.5,0,H
2022-05-27,Bahrain,Myanmar,108.7758934891549,1.2000000000000002,0.5,1,H
2022-05-27,Malaysia,Brunei,-23.134045451034808,1.2,0.5,0,H
2022-05-28,Mexico,Nigeria,57.506438154219495,0.6000000000000001,1.0,1,H
2022-05-28,Ethiopia,Lesotho,15.23001939076039,-0.5999999999999999,0.5,0,D
2022-05-28,India,Jordan,-32.09933286224373,0.0,0.5,1,A
2022-05-29,United Arab Emirates,Gambia,-0.7778711467180983,-0.8,0.5,0,D
2022-05-30,Ethiopia,Lesotho,14.353870117525275,-0.6,0.5,0,D
2022-05-30,Trinidad and Tobago,Saint Lucia,8.594162939317584,0.0,0.5,0,H
2022-05-31,Thailand,Bahrain,13.920265694403042,0.8,1.0,0,A
2022-06-01,Malaysia,Hong Kong,2.8424203462752757,1.2,0.5,0,H
2022-06-01,Vietnam,Afghanistan,-27.552366415014603,-0.19999999999999996,0.5,0,H
2022-06-01,United States,Morocco,-9.5417543295232,-0.20000000000000018,0.5,0,H
2022-06-01,Syria,Tajikistan,-36.649633363385874,-0.5999999999999999,0.5,1,H
2022-06-01,Kuwait,Singapore,-57.214077874570194,-0.3999999999999999,0.5,1,H
2022-06-01,Malta,Venezuela,59.30621346870953,0.7999999999999999,0.5,0,A
2022-06-01,Indonesia,Bangladesh,79.52802985264884,1.0,0.5,0,D
2022-06-01,Australia,Jordan,-3.358232348386764,-0.8,1.0,1,H
2022-06-01,Libya,Botswana,-28.32081730582331,0.5999999999999999,0.5,0,H
2022-06-01,Ghana,Madagascar,56.675897041087865,-0.20000000000000007,0.5,0,H
2022-06-01,Angola,Central African Republic,67.08432631992241,1.0,0.5,0,H
2022-06-01,Scotland,Ukraine,45.00434942427137,0.40000000000000013,0.5,0,A
2022-06-01,Italy,Argentina,-9.28955362423494,-0.6000000000000001,0.5,1,A
2022-06-01,Poland,Wales,-21.343670615498695,-0.20000000000000018,0.5,0,H
2022-06-02,Cyprus,Kosovo,-58.3897250054888,0.0,0.5,0,A
2022-06-02,Georgia,Gibraltar,82.10957508895513,2.2,0.5,0,H
2022-06-02,Bulgaria,North Macedonia,-93.32002378577249,-1.0,0.5,0,D
2022-06-02,Estonia,San Marino,68.78245756507226,0.2,0.5,0,H
2022-06-02,French Guiana,Guatemala,-61.41424043304346,-0.6000000000000001,0.5,0,H
2022-06-02,Ecuador,Nigeria,-16.84523347073582,-0.19999999999999996,0.5,1,H
2022-06-02,Japan,Paraguay,147.34388596073723,1.8,0.5,0,H
2022-06-02,South Korea,Brazil,-44.90842784266647,0.19999999999999973,0.5,0,A
2022-06-02,Mexico,Uruguay,74.35408235195541,-0.19999999999999973,0.5,1,A
2022-06-02,Northern Ireland,Greece,-63.0716857950315,0.5999999999999999,0.5,0,A
2022-06-02,Cambodia,Timor-Leste,30.41460985987669,1.2,0.5,0,H
2022-06-02,Slovenia,Sweden,-7.36091958628549,0.0,0.5,0,A
2022-06-02,Barbados,Antigua and Barbuda,-63.96191734442573,-1.55,0.5,1,A
2022-06-02,Israel,Iceland,61.199767769440086,0.9999999999999999,0.5,0,D
2022-06-02,Spain,Portugal,6.613030847646769,0.3999999999999999,0.5,0,D
2022-06-02,Czech Republic,Switzerland,-17.99699683834092,0.3999999999999999,0.5,0,H
2022-06-02,Anguilla,Dominica,-47.56808320025925,-2.0,0.0,0,D
2022-06-02,Belize,Dominican Republic,-28.704870431413838,-0.8,0.5,0,A
2022-06-02,Guadeloupe,Cuba,-13.404469547692315,-1.0,0.5,0,H
2022-06-02,Panama,Costa Rica,-1.8343090619173381,-1.2000000000000002,0.6666666666666666,0,H
2022-06-02,Mozambique,Rwanda,-44.98907096918197,0.20000000000000007,0.0,1,D
2022-06-02,Tunisia,Equatorial Guinea,45.55254737053815,0.3999999999999999,0.6666666666666666,0,H
2022-06-02,Serbia,Norway,18.78323563947697,0.3999999999999999,1.0,0,A
2022-06-03,Nepal,Oman,-45.289059540985136,0.0,0.5,1,A
2022-06-03,France,Denmark,40.04065291630104,1.2,0.5,0,A
2022-06-03,Belgium,Netherlands,11.431455009670572,-0.6000000000000001,0.5,0,A
2022-06-03,Croatia,Austria,8.338643197124156,0.8000000000000003,0.5,0,A
2022-06-03,Belarus,Slovakia,-18.695864241579557,0.19999999999999996,0.5,1,A
2022-06-03,Liechtenstein,Moldova,17.406252606916496,-0.6,0.5,0,A
2022-06-03,Latvia,Andorra,52.708557618271016,-0.19999999999999996,1.0,0,H
2022-06-03,Kazakhstan,Azerbaijan,32.3661372263532,1.0,0.5,0,H
2022-06-03,British Virgin Islands,Cayman Islands,-8.91505668111813,-0.25,0.5,0,D
2022-06-03,Bahamas,Saint Vincent and the Grenadines,8.351903366026136,0.8,0.5,0,H
2022-06-03,Turks and Caicos Islands,Bonaire,-29.28617496397692,-0.4,0.5,0,A
2022-06-03,Togo,Eswatini,-24.22854879913234,0.0,0.5,0,D
2022-06-03,Burkina Faso,Cape Verde,-9.837374108887616,-1.2,1.0,1,H
2022-06-03,Comoros,Lesotho,37.061093755698266,0.0,0.5,0,H
2022-06-03,Saint Martin,Aruba,18.622991821795722,0.25,0.5,1,D
2022-06-03,Curaçao,Honduras,97.00584164612269,0.2,0.5,0,A
2022-06-03,Nicaragua,Trinidad and Tobago,1.6725667169653207,0.3999999999999999,0.5,0,H
2022-06-03,Sint Maarten,United States Virgin Islands,38.83213504202149,1.0,0.5,1,D
2022-06-03,Ivory Coast,Zambia,63.16783413515509,-0.19999999999999996,0.5,0,H
2022-06-04,Montserrat,Guyana,33.690748946354006,0.8,0.5,1,A
2022-06-04,Turkey,Faroe Islands,58.74797229956971,1.0,0.5,0,H
2022-06-04,Lithuania,Luxembourg,-4.223219145161011,0.20000000000000007,0.5,0,A
2022-06-04,Montenegro,Romania,6.154553932058661,-0.8,0.5,0,H
2022-06-04,Finland,Bosnia and Herzegovina,27.276382171358136,0.7999999999999999,1.0,0,D
2022-06-04,Armenia,Republic of Ireland,-7.41567745687712,-1.6,0.5,0,H
2022-06-04,Italy,Germany,6.641081527518963,-1.6,0.5,0,D
2022-06-04,Hungary,England,-108.07142348902835,-0.6000000000000001,0.0,0,H
2022-06-04,El Salvador,Grenada,2.706710874558894,0.0,1.0,0,H
2022-06-04,Bermuda,Haiti,-21.949460885065946,0.19999999999999996,0.0,0,D
2022-06-04,Senegal,Benin,85.41254538003341,0.0,0.5,0,H
2022-06-04,DR Congo,Gabon,7.41676134111367,0.0,0.0,0,A
2022-06-04,Mauritania,Sudan,37.32919443096216,0.6,0.5,0,H
2022-06-04,Mali,Congo,105.70346883789989,1.0,0.5,0,H
2022-06-04,Gambia,South Sudan,60.635023696004964,0.20000000000000018,1.0,1,H
2022-06-04,Algeria,Uganda,125.85071756827438,0.0,0.5,0,H
2022-06-04,Niger,Tanzania,-16.29184963125408,0.0,0.5,1,D
2022-06-04,Namibia,Burundi,-27.046083882146377,-1.0,0.5,1,D
2022-06-04,Suriname,Jamaica,58.02978993660827,1.0,0.0,0,D
2022-06-05,Serbia,Slovenia,29.363128860577945,0.6000000000000001,0.5,0,H
2022-06-05,Sweden,Norway,-4.722836620525413,-0.8,0.5,0,A
2022-06-05,Cyprus,Northern Ireland,-52.26569483998696,-0.5999999999999999,0.5,0,D
2022-06-05,Kosovo,Greece,-56.68621379535011,0.20000000000000018,0.0,0,A
2022-06-05,Gibraltar,North Macedonia,-128.6774873268846,-1.6,0.5,0,A
2022-06-05,Peru,New Zealand,-60.52918923209086,-1.0,0.5,1,H
2022-06-05,San Marino,Malta,-100.8965762359835,-1.2,0.5,0,A
2022-06-05,Argentina,Estonia,191.67304311087105,1.8,0.5,1,H
2022-06-05,Mexico,Ecuador,68.47877330065694,0.8,0.0,1,D
2022-06-05,Saudi Arabia,Colombia,64.05697785432108,-0.40000000000000013,0.5,1,A
2022-06-05,United States,Uruguay,95.85924449930462,-1.0,0.5,0,D
2022-06-05,Czech Republic,Spain,-53.05160469807106,-0.6000000000000001,0.5,0,D
2022-06-05,Bulgaria,Georgia,-56.86520877683279,-2.2,1.0,0,A
2022-06-05,Dominica,Anguilla,44.846826221403035,2.0,1.0,1,D
2022-06-05,Portugal,Switzerland,49.85727252647462,0.6000000000000001,0.5,0,H
2022-06-05,Wales,Ukraine,30.398253823013647,-0.6000000000000001,0.5,0,H
2022-06-05,Egypt,Guinea,97.77126328979307,0.6000000000000001,0.5,0,H
2022-06-05,Central African Republic,Ghana,-98.09817758691429,-1.0,0.5,1,D
2022-06-05,Madagascar,Angola,-58.613753525282846,-1.0,0.5,0,D
2022-06-05,Malawi,Ethiopia,-33.17464008982006,0.7999999999999999,0.0,0,H
2022-06-05,Costa Rica,Martinique,52.83580441171034,2.4,0.5,0,H
2022-06-05,Cuba,Barbados,36.36989541322373,0.6,0.5,0,H
2022-06-05,Antigua and Barbuda,Guadeloupe,36.584346480446584,1.4,0.5,1,H
2022-06-05,Guatemala,Belize,97.62829517304317,1.8,0.5,0,H
2022-06-05,Dominican Republic,French Guiana,-12.656741540999292,-0.3333333333333335,0.5,0,A
2022-06-05,Botswana,Tunisia,-119.75713312604626,-1.2,0.5,0,D
2022-06-06,Croatia,France,-96.84643635379143,-0.3999999999999999,0.0,0,D
2022-06-06,Japan,Brazil,-27.698064091002834,0.0,0.5,0,A
2022-06-06,South Korea,Chile,92.75896843617443,0.6000000000000001,0.5,0,H
2022-06-06,Latvia,Liechtenstein,110.53411693287376,2.2,0.5,0,H
2022-06-06,Slovakia,Kazakhstan,58.83994187500866,0.19999999999999996,0.5,0,A
2022-06-06,Belarus,Azerbaijan,71.72762409469647,1.6,0.0,1,D
2022-06-06,Iceland,Albania,-76.48517873170931,-0.20000000000000007,0.5,0,D
2022-06-06,Austria,Denmark,-66.95928263479414,0.19999999999999996,0.0,0,A
2022-06-06,Andorra,Moldova,37.24174860961739,0.0,0.5,0,D
2022-06-06,Aruba,Saint Martin,-17.551991737249182,-0.19999999999999996,0.5,1,H
2022-06-06,United States Virgin Islands,Turks and Caicos Islands,0.7261545675173693,-0.39999999999999997,0.5,0,H
2022-06-06,Bonaire,Sint Maarten,10.272114645561942,2.0,0.5,1,D
2022-06-06,Trinidad and Tobago,Bahamas,36.49446186117166,0.0,0.5,0,H
2022-06-06,Saint Vincent and the Grenadines,Nicaragua,-85.94197038872676,-2.6,0.5,0,D
2022-06-06,Honduras,Curaçao,-71.56245429475416,0.6000000000000001,1.0,0,A
2022-06-06,Equatorial Guinea,Libya,63.50601968388264,-1.4,1.0,0,H
2022-06-06,Cayman Islands,British Virgin Islands,8.401977367094787,0.2,0.5,0,D
2022-06-07,United Arab Emirates,Australia,-20.746002464811454,0.0,0.5,1,A
2022-06-07,Lithuania,Turkey,-102.89318609745465,-1.0,0.5,0,A
2022-06-07,Faroe Islands,Luxembourg,3.515029925643603,-0.3999999999999999,0.5,0,A
2022-06-07,Bosnia and Herzegovina,Romania,-37.30163564483473,-0.19999999999999996,0.5,0,H
2022-06-07,Finland,Montenegro,-37.39249669787864,-0.3999999999999999,0.5,0,H
2022-06-07,Italy,Hungary,43.98974965875664,-1.4,0.5,0,H
2022-06-07,Haiti,Montserrat,14.46392742247508,0.0,0.5,1,H
2022-06-07,Germany,England,-44.31258719540597,-0.19999999999999973,0.0,0,D
2022-06-07,Grenada,El Salvador,-22.550903223895375,-0.6000000000000001,0.0,0,D
2022-06-07,Jamaica,Suriname,-54.72004663056987,-1.0,1.0,0,H
2022-06-07,Senegal,Rwanda,137.9248609743065,1.2,0.5,0,H
2022-06-07,Zambia,Comoros,-30.42721746985103,-1.2000000000000002,0.5,0,H
2022-06-07,Cape Verde,Togo,31.966328526197685,0.0,0.5,1,H
2022-06-07,Eswatini,Burkina Faso,-19.858990052323634,1.4000000000000001,0.5,1,A
2022-06-07,Guyana,Bermuda,-5.533710353914785,0.3999999999999999,0.5,0,H
2022-06-08,Tanzania,Algeria,-125.28325673286145,0.0,0.5,0,A
2022-06-08,Congo,Gambia,-93.91775162303861,-1.4000000000000001,0.0,0,H
2022-06-08,Sudan,DR Congo,-58.927982199441885,-0.4,0.5,0,H
2022-06-08,Benin,Mozambique,79.74601509456215,0.3999999999999999,0.5,0,A
2022-06-08,Republic of Ireland,Ukraine,-18.785810329731476,0.0,0.5,0,A
2022-06-08,Belgium,Poland,47.55226474188339,-0.3999999999999999,0.5,0,H
2022-06-08,Scotland,Armenia,37.33004914725893,0.40000000000000013,0.5,0,H
2022-06-08,Uganda,Niger,1.7307323376667227,-1.0,0.5,0,D
2022-06-08,Wales,Netherlands,-47.534752733690766,-0.6000000000000001,0.5,0,A
2022-06-08,Kyrgyzstan,Singapore,6.464467822253255,-0.19999999999999996,1.0,0,H
2022-06-08,Gabon,Mauritania,16.749515262910336,0.0,0.5,0,D
2022-06-08,Malaysia,Turkmenistan,-4.814736148771544,0.8,0.5,0,H
2022-06-08,Kuwait,Indonesia,-75.51750726234013,-0.20000000000000018,0.5,0,A
2022-06-08,Jordan,Nepal,59.5231389866326,0.6000000000000001,1.0,1,H
2022-06-08,Mongolia,Palestine,-31.160819140588274,0.0,0.5,0,A
2022-06-08,Thailand,Maldives,76.13816306745389,1.4,0.5,1,H
2022-06-08,Philippines,Yemen,13.34921725833533,1.2,0.5,1,D
2022-06-08,Tajikistan,Myanmar,53.26677109272396,0.7999999999999999,1.0,1,H
2022-06-08,Hong Kong,Afghanistan,-33.69377809352159,-1.0,0.5,1,H
2022-06-08,India,Cambodia,14.475730472507848,0.0,0.5,0,H
2022-06-08,Bahrain,Bangladesh,112.67936930497694,0.8,0.5,1,H
2022-06-08,Uzbekistan,Sri Lanka,50.385448941048026,0.8,0.5,0,H
2022-06-09,Kosovo,Northern Ireland,15.904455550085459,0.6000000000000001,0.5,0,H
2022-06-09,Portugal,Czech Republic,53.878776255165576,0.3999999999999999,0.5,0,H
2022-06-09,Switzerland,Spain,-63.14924439582569,-1.4000000000000001,0.0,0,A
2022-06-09,Norway,Slovenia,50.68103285301572,1.4,0.5,0,D
2022-06-09,Sweden,Serbia,-21.44681633086452,-0.6000000000000001,0.5,0,A
2022-06-09,Greece,Cyprus,138.63572952106233,1.0,1.0,0,H
2022-06-09,San Marino,Iceland,-100.69646858160718,-0.6,0.5,0,A
2022-06-09,North Macedonia,Georgia,29.28760030044623,-0.6000000000000001,1.0,0,A
2022-06-09,Malta,Estonia,28.17978499065407,1.0,0.5,0,A
2022-06-09,New Zealand,Oman,14.872011467860148,0.3999999999999999,0.5,1,D
2022-06-09,Cayman Islands,Puerto Rico,-38.86797407836457,-0.7999999999999999,0.5,0,A
2022-06-09,Saudi Arabia,Venezuela,145.85153254296097,0.19999999999999996,0.5,1,A
2022-06-09,Gibraltar,Bulgaria,-38.682989024625385,0.2,0.0,0,D
2022-06-09,Dominica,Saint Lucia,15.552480912389,1.8,0.5,0,A
2022-06-09,Antigua and Barbuda,Cuba,43.94501274183517,1.2,0.5,1,A
2022-06-09,Belize,French Guiana,-76.61057291485122,-2.3,0.5,0,D
2022-06-09,Guinea-Bissau,São Tomé and Príncipe,26.08267900511578,0.6000000000000001,0.5,1,H
2022-06-09,Nigeria,Sierra Leone,17.742356951058582,-0.9999999999999999,0.5,0,H
2022-06-09,Burundi,Cameroon,-70.03225877328373,-0.20000000000000018,0.5,1,A
2022-06-09,Aruba,Saint Kitts and Nevis,6.528501126608944,0.7999999999999999,0.5,1,A
2022-06-09,Guinea,Malawi,29.840563447620298,-0.9999999999999999,1.0,0,H
2022-06-09,South Sudan,Mali,-103.06157672840209,-0.40000000000000013,0.5,1,A
2022-06-09,Ethiopia,Egypt,-130.85692967078216,-1.0,0.5,1,H
2022-06-09,Morocco,South Africa,70.42174278824314,0.0,0.5,0,H
2022-06-09,Panama,Martinique,79.59796460747293,1.4,0.5,0,H
2022-06-09,Canada,Curaçao,106.55344464309542,1.0,0.5,0,H
2022-06-09,Barbados,Guadeloupe,-43.74277138934235,-0.6,0.5,1,A
2022-06-09,Lesotho,Ivory Coast,-104.07966762951264,-0.19999999999999996,0.5,1,D
2022-06-10,Belarus,Kazakhstan,7.5060698744948695,-0.3999999999999999,1.0,1,D
2022-06-10,Chile,Tunisia,-104.44616758111124,-1.0,0.5,1,A
2022-06-10,South Korea,Paraguay,132.0888111564725,1.2000000000000002,0.5,0,D
2022-06-10,Andorra,Liechtenstein,46.69055949556309,1.4,0.5,0,H
2022-06-10,Moldova,Latvia,-112.79313907080495,-1.2000000000000002,0.5,0,A
2022-06-10,Azerbaijan,Slovakia,-95.6351148134222,-1.4,0.5,0,A
2022-06-10,Japan,Ghana,88.48996401847057,0.8,0.5,0,H
2022-06-10,Denmark,Croatia,84.47938187135264,0.19999999999999996,0.5,0,A
2022-06-10,Austria,France,-90.08398449860488,-0.6000000000000001,0.5,0,D
2022-06-10,Dominican Republic,Guatemala,-67.46965710578502,-0.6000000000000001,0.5,0,D
2022-06-10,Bahamas,Nicaragua,-64.59983725988764,-1.0000000000000002,0.5,0,A
2022-06-10,Saint Vincent and the Grenadines,Trinidad and Tobago,-70.8947722254702,-1.8,0.5,0,A
2022-06-10,United States,Grenada,199.3962646998648,1.2000000000000002,0.5,0,H
2022-06-10,Albania,Israel,16.605828628830295,0.0,0.5,0,A
2022-06-11,Sint Maarten,Turks and Caicos Islands,47.60686275276976,0.4,0.5,1,H
2022-06-11,England,Italy,28.04460694090244,0.6000000000000001,0.5,0,D
2022-06-11,Hungary,Germany,-47.740056520452754,0.0,0.5,0,D
2022-06-11,Wales,Belgium,-55.588529120099565,-0.20000000000000018,0.0,0,D
2022-06-11,Netherlands,Poland,74.05875128942967,1.2000000000000002,1.0,0,D
2022-06-11,Ukraine,Armenia,24.164169504525034,0.8,0.5,1,H
2022-06-11,Romania,Finland,-10.549437210558153,-0.19999999999999996,0.5,0,H
2022-06-11,United States Virgin Islands,Bonaire,-36.60348536750007,-1.2,0.5,0,A
2022-06-11,Faroe Islands,Lithuania,24.516128170565935,0.0,0.0,0,H
2022-06-11,Luxembourg,Turkey,-75.93403817911894,-0.6000000000000001,0.5,0,A
2022-06-11,Ecuador,Cape Verde,-14.165256663876562,-1.2,0.5,1,H
2022-06-11,Uruguay,Panama,-12.858141393884353,0.6000000000000001,0.5,0,H
2022-06-11,Montenegro,Bosnia and Herzegovina,40.96031449922498,-0.19999999999999996,0.5,0,D
2022-06-11,Montserrat,Bermuda,6.799023690843569,0.19999999999999996,0.5,1,H
2022-06-11,Republic of Ireland,Scotland,-68.73068520150127,-0.20000000000000018,0.5,0,H
2022-06-11,Mexico,Suriname,84.5938081595923,0.20000000000000018,0.5,0,H
2022-06-11,Guyana,Haiti,-25.64601250085002,0.6000000000000001,0.5,0,A
2022-06-11,Kuwait,Nepal,-27.257076295573597,-0.3999999999999999,0.5,0,H
2022-06-11,Indonesia,Jordan,-12.149362660127508,0.40000000000000013,0.5,1,A
2022-06-11,Yemen,Palestine,-56.35686095176811,-1.2,0.0,1,A
2022-06-11,Sri Lanka,Thailand,-117.20968931776224,-1.4,0.5,1,A
2022-06-11,Uzbekistan,Maldives,42.11964000678017,1.4,0.5,0,H
2022-06-11,Mongolia,Philippines,-5.596143920443183,0.0,0.5,0,A
2022-06-11,India,Afghanistan,18.952810454539758,0.3999999999999999,0.5,0,H
2022-06-11,Bangladesh,Turkmenistan,-38.69892268833496,-0.35,0.5,1,A
2022-06-11,Malaysia,Bahrain,-72.24993382409025,0.5999999999999999,0.0,0,A
2022-06-11,Singapore,Tajikistan,-17.666433946344796,-0.19999999999999996,0.5,1,A
2022-06-11,Kyrgyzstan,Myanmar,78.65024217852124,0.6,1.0,0,H
2022-06-11,Cambodia,Hong Kong,-2.929845864829076,0.6,0.5,1,A
2022-06-12,Slovenia,Serbia,-55.61189978727498,-1.2000000000000002,0.0,0,D
2022-06-12,Iran,Algeria,0.8788141818531585,0.5999999999999999,0.5,1,A
2022-06-12,Malta,San Marino,111.6173816621606,1.8,1.0,0,H
2022-06-12,Georgia,Bulgaria,85.57048606301714,2.2,0.5,0,D
2022-06-12,North Macedonia,Gibraltar,129.64151160911752,0.7999999999999999,1.0,0,H
2022-06-12,Greece,Kosovo,70.1180400953449,0.3999999999999999,1.0,0,H
2022-06-12,Northern Ireland,Cyprus,45.945828777717,-0.19999999999999996,0.5,0,D
2022-06-12,Norway,Sweden,32.38602067274633,1.4000000000000001,1.0,0,H
2022-06-12,Saint Lucia,Anguilla,37.17433493943963,1.1,0.5,0,H
2022-06-12,Spain,Czech Republic,66.68495381078719,1.2000000000000002,0.5,0,H
2022-06-12,Puerto Rico,British Virgin Islands,55.67232247630204,1.6,0.5,0,H
2022-06-12,Saint Kitts and Nevis,Saint Martin,7.1169055927180125,0.09999999999999998,0.5,0,D
2022-06-12,Guadeloupe,Barbados,61.23795592458532,1.2,1.0,0,H
2022-06-12,Cuba,Antigua and Barbuda,-21.428738772519182,0.0,1.0,0,H
2022-06-12,Martinique,Panama,-84.72453745430266,-1.8,0.0,0,D
2022-06-12,Switzerland,Portugal,-83.67052619837045,-2.4,0.0,0,H
2022-06-13,Denmark,Austria,68.23087659462499,0.8,1.0,0,H
2022-06-13,Albania,Estonia,64.49501775887438,-0.3999999999999999,0.5,0,D
2022-06-13,Kazakhstan,Slovakia,-42.58372436525042,0.19999999999999996,1.0,0,H
2022-06-13,Azerbaijan,Belarus,-74.75519459438033,-1.4000000000000001,1.0,0,H
2022-06-13,Iceland,Israel,-58.84363439471804,-0.40000000000000013,0.5,0,D
2022-06-13,France,Croatia,76.49060310149639,0.0,1.0,0,A
2022-06-13,Guatemala,Dominican Republic,63.63388759316308,0.6000000000000001,0.5,0,H
2022-06-13,Australia,Peru,45.27279508374136,-0.6000000000000001,0.5,1,D
2022-06-13,Nicaragua,Bahamas,80.92344018050085,1.0000000000000002,1.0,0,H
2022-06-13,São Tomé and Príncipe,Nigeria,-81.84387174733934,-0.8,0.5,1,A
2022-06-13,Sierra Leone,Guinea-Bissau,0.5379065071163041,0.0,0.5,1,D
2022-06-13,Trinidad and Tobago,Saint Vincent and the Grenadines,86.86945406019686,1.8,1.0,0,H
2022-06-13,Honduras,Canada,-201.07952965540585,-1.0,0.0,0,H
2022-06-13,Morocco,Liberia,193.65327249145412,0.7999999999999999,0.5,0,H
2022-06-14,England,Hungary,87.34462171399764,0.20000000000000018,0.5,0,A
2022-06-14,Germany,Italy,-15.901811167731012,-0.20000000000000018,0.5,0,H
2022-06-14,Netherlands,Wales,61.12905201577678,1.2000000000000002,1.0,0,H
2022-06-14,Poland,Belgium,-61.14557459524576,0.0,0.0,0,A
2022-06-14,Armenia,Scotland,-52.542187945514115,0.19999999999999996,0.0,0,A
2022-06-14,Ukraine,Republic of Ireland,35.05826278053087,1.0,1.0,1,D
2022-06-14,Bosnia and Herzegovina,Finland,-14.234985710067122,0.6000000000000001,0.0,0,H
2022-06-14,Romania,Montenegro,-14.320676354255056,-0.5999999999999999,0.0,0,A
2022-06-14,Turkey,Lithuania,134.28159813946309,1.2000000000000002,1.0,0,H
2022-06-14,Moldova,Andorra,-50.63327713274771,-0.6000000000000001,0.5,0,H
2022-06-14,Liechtenstein,Latvia,-139.90474711711067,-2.6,0.0,0,A
2022-06-14,Chile,Ghana,-36.67038530202899,-0.6,0.5,1,D
2022-06-14,Japan,Tunisia,21.565253022735533,-0.20000000000000018,0.5,0,A
2022-06-14,South Korea,Egypt,-8.215537506838928,0.0,0.5,0,H
2022-06-14,Luxembourg,Faroe Islands,-0.45682267220331596,-0.19999999999999996,1.0,0,D
2022-06-14,Bonaire,United States Virgin Islands,54.50418058269997,1.5333333333333334,1.0,1,H
2022-06-14,Turks and Caicos Islands,Sint Maarten,-64.8834148040637,-1.0666666666666669,0.0,0,H
2022-06-14,Haiti,Guyana,44.17238481783238,0.0,1.0,1,H
2022-06-14,Costa Rica,New Zealand,-17.417377113996963,0.3999999999999999,0.5,1,H
2022-06-14,Kuwait,Jordan,-102.25446158511545,-1.0,0.5,0,A
2022-06-14,Indonesia,Nepal,65.11294356021085,1.4,0.5,1,H
2022-06-14,Palestine,Philippines,42.32876197599012,0.0,0.5,1,H
2022-06-14,Maldives,Sri Lanka,23.34079475725116,0.0,1.0,1,H
2022-06-14,Uzbekistan,Thailand,-47.65973861410589,0.6000000000000001,0.5,0,H
2022-06-14,Afghanistan,Cambodia,15.15075136718724,-0.3999999999999999,0.5,1,D
2022-06-14,Mongolia,Yemen,5.538062022116492,0.6000000000000001,0.5,0,H
2022-06-14,Bahrain,Turkmenistan,86.77154517788904,1.2,0.5,1,H
2022-06-14,Malaysia,Bangladesh,55.10212053980058,1.4,0.5,0,H
2022-06-14,Myanmar,Singapore,-50.840055093874525,-1.2,0.0,1,A
2022-06-14,Kyrgyzstan,Tajikistan,6.708151123919151,-0.8,0.0,0,D
2022-06-14,Jamaica,Mexico,-123.80189919135705,0.0,0.0,0,D
2022-06-14,El Salvador,United States,-182.9594361660636,-1.2,0.0,0,D
2022-06-14,India,Hong Kong,30.252436885319185,0.0,0.5,0,H
2022-06-14,French Guiana,Belize,72.27062522110145,1.8000000000000003,0.5,0,H
2022-06-17,Mapuche,Maule Sur,0.0,0.0,0.5,1,A
2022-06-18,Mapuche,Aymara,-10.0,-1.0,0.5,1,H
2022-06-19,Aymara,Maule Sur,-20.28774368332006,-3.0,0.5,1,A
2022-07-05,Angola,Comoros,-4.072001320320396,0.0,0.5,1,H
2022-07-05,Seychelles,Botswana,9.299100885971484,-0.19999999999999996,0.5,1,A
2022-07-06,Lesotho,Malawi,11.809673631848,-0.19999999999999996,0.5,1,H
2022-07-06,Mauritius,Eswatini,-20.728616171027852,-1.0,0.5,1,A
2022-07-07,Comoros,Botswana,15.712283039122894,0.19999999999999996,0.5,1,A
2022-07-07,Angola,Seychelles,43.11074482983304,1.6,0.5,1,H
2022-07-08,Malawi,Eswatini,-78.56335948866263,-1.2,0.5,1,D
2022-07-08,Lesotho,Mauritius,-7.896448744639429,0.19999999999999996,0.5,1,H
2022-07-10,Seychelles,Comoros,-25.261928014755085,-0.7999999999999999,0.0,1,A
2022-07-10,Botswana,Angola,-30.188248596095264,-0.6000000000000001,0.5,1,H
2022-07-10,Mauritius,Malawi,26.575858524142404,0.19999999999999996,0.5,1,A
2022-07-10,Eswatini,Lesotho,34.9825375332091,0.0,1.0,1,H
2022-07-12,Madagascar,Namibia,-47.57145496148564,0.6,0.5,1,A
2022-07-12,Zambia,Botswana,-4.169306361966619,-0.8,0.6666666666666666,1,D
2022-07-13,Senegal,Eswatini,95.5379688191415,0.3999999999999999,0.5,1,D
2022-07-13,South Africa,Mozambique,98.89510528468873,-0.19999999999999996,1.0,0,D
2022-07-15,South Africa,Madagascar,108.04804199520822,0.0,0.5,0,H
2022-07-15,Botswana,Eswatini,-30.02681915092876,0.6000000000000001,0.5,1,H
2022-07-15,Namibia,Mozambique,50.15313459998629,0.0,0.0,1,H
2022-07-15,Zambia,Senegal,-124.12904183320916,-0.6000000000000001,0.0,1,H
2022-07-16,Elba Island,Raetia,10.0,2.0,0.5,0,H
2022-07-17,South Africa,Botswana,40.8208346663846,-1.6,1.0,0,H
2022-07-17,Mozambique,Senegal,-163.99294784033327,-1.0,0.0,1,D
2022-07-17,Namibia,Zambia,0.5658900199375694,0.20000000000000018,0.5,1,A
2022-07-19,Japan,Hong Kong,121.33096909880419,0.19999999999999996,0.5,0,H
2022-07-20,China,South Korea,-94.79393022467616,-0.9999999999999999,0.5,1,A
2022-07-24,South Korea,Hong Kong,126.98923081754742,0.8,0.5,1,H
2022-07-24,Japan,China,117.09673254330778,1.6,1.0,0,D
2022-07-27,China,Hong Kong,27.26830356209007,-0.7999999999999999,0.5,1,H
2022-07-27,Japan,South Korea,-2.1196238203258417,-1.2000000000000002,1.0,0,H
2022-08-07,Raetia,Tibet,-9.712256316679941,-1.0,0.5,0,D
2022-08-31,Mexico,Paraguay,137.12905158398166,0.8,0.5,1,A
2022-09-17,Fiji,New Caledonia,29.135673755169137,1.5,1.0,1,H
2022-09-21,Scotland,Ukraine,19.271566867025058,-0.6000000000000001,0.0,0,H
2022-09-21,Vietnam,Singapore,19.500143920275832,0.19999999999999996,0.5,0,H
2022-09-21,San Marino,Seychelles,-116.91408903043794,-0.2,0.5,0,D
2022-09-21,Libya,Uganda,-20.126951055733116,1.4,0.5,0,D
2022-09-21,Hong Kong,Myanmar,49.1017488757318,0.6,0.5,0,H
2022-09-21,Brunei,Maldives,6.689725986598887,-1.4,0.5,0,A
2022-09-21,Solomon Islands,New Caledonia,57.666977197649885,2.25,0.5,1,H
2022-09-22,Latvia,Moldova,121.24963087077867,1.0,1.0,0,A
2022-09-22,Slovakia,Azerbaijan,86.92628085022011,1.0,1.0,0,A
2022-09-22,Kazakhstan,Belarus,16.264532167731886,1.0,0.0,0,H
2022-09-22,Turkey,Luxembourg,97.93473456506877,1.0,1.0,0,D
2022-09-22,Liechtenstein,Andorra,-58.74940382808359,-1.4,0.0,0,A
2022-09-22,Lithuania,Faroe Islands,-49.410721808985954,-1.4,0.5,0,D
2022-09-22,Poland,Netherlands,-86.37553616694845,-0.8000000000000003,0.0,0,A
2022-09-22,Belgium,Wales,68.93215832503552,1.2,1.0,0,H
2022-09-22,Suriname,Nicaragua,-49.093257995619524,-1.4000000000000001,0.5,1,H
2022-09-22,Croatia,Denmark,-55.60431949073654,-0.3999999999999999,1.0,0,H
2022-09-22,Trinidad and Tobago,Tajikistan,32.46084571639676,0.3999999999999999,0.5,1,A
2022-09-22,Thailand,Malaysia,61.2547294530375,-0.5999999999999999,0.0,0,D
2022-09-22,Iceland,Venezuela,23.440315429092607,0.0,0.5,1,H
2022-09-22,Comoros,Tunisia,-106.02297402998579,-1.0000000000000002,0.5,1,A
2022-09-22,Cambodia,Bangladesh,37.21892649474648,0.4,0.5,0,A
2022-09-22,Australia,New Zealand,17.82606921980164,0.0,0.5,0,H
2022-09-22,France,Austria,80.90583459737695,0.0,0.5,0,H
2022-09-23,Paraguay,United Arab Emirates,-55.496141547233265,0.5999999999999999,0.5,1,H
2022-09-23,Rwanda,Equatorial Guinea,-57.71669210094046,0.0,0.5,1,D
2022-09-23,Saudi Arabia,Ecuador,15.664544540774614,-0.8,0.5,1,D
2022-09-23,Germany,Hungary,43.00413167532383,-0.6000000000000001,0.5,0,A
2022-09-23,Italy,England,-24.428774444509372,0.0,0.5,0,H
2022-09-23,Bulgaria,Gibraltar,45.31233247134196,0.19999999999999996,1.0,0,H
2022-09-23,Finland,Romania,-10.879086304008752,0.0,0.0,0,D
2022-09-23,Georgia,North Macedonia,-16.452611994109247,0.8000000000000003,0.5,0,H
2022-09-23,Mali,Zambia,57.43781457147497,-0.3999999999999999,0.5,0,H
2022-09-23,Estonia,Malta,-11.619426968247808,-0.40000000000000013,1.0,0,H
2022-09-23,Bosnia and Herzegovina,Montenegro,-37.79187706646826,0.20000000000000018,0.5,0,H
2022-09-23,South Korea,Costa Rica,45.57784226398098,-0.3999999999999999,0.5,0,D
2022-09-23,Morocco,Chile,167.64854443511058,1.8,0.5,1,H
2022-09-23,Iraq,Oman,-9.922734966267853,-0.6000000000000001,0.5,1,D
2022-09-23,Jordan,Syria,93.54032798724393,1.0,1.0,0,H
2022-09-23,Algeria,Guinea,126.18761888010704,1.5999999999999999,0.5,0,H
2022-09-23,Argentina,Honduras,209.39703910184608,1.4000000000000001,0.5,1,H
2022-09-23,Bahrain,Cape Verde,58.77134781394466,1.2,0.5,0,A
2022-09-23,Brazil,Ghana,143.15525982039685,1.8,0.5,1,H
2022-09-23,Japan,United States,-21.056392477272084,0.3999999999999999,0.5,1,H
2022-09-23,Canada,Qatar,51.46998777818976,-0.40000000000000013,0.5,1,H
2022-09-23,DR Congo,Burkina Faso,-69.74225763323466,-1.2,0.0,1,A
2022-09-23,Egypt,Niger,110.2780776312095,0.0,0.5,0,H
2022-09-23,Iran,Uruguay,52.71140890534957,-0.8,0.5,1,H
2022-09-23,Cameroon,Uzbekistan,60.17629348018636,-1.4,0.5,1,A
2022-09-24,Kyrgyzstan,Russia,-25.51303820431349,-1.0,0.5,0,A
2022-09-24,Vanuatu,Papua New Guinea,-11.127405507785852,-1.5,0.5,0,A
2022-09-24,Czech Republic,Portugal,-66.54303852365479,-1.0,0.0,0,A
2022-09-24,Armenia,Ukraine,-40.82301013348683,-0.7999999999999999,0.0,0,A
2022-09-24,Scotland,Republic of Ireland,61.76442338527863,0.40000000000000013,0.0,0,H
2022-09-24,Slovenia,Norway,-55.2675541357421,-2.0,0.5,0,H
2022-09-24,Serbia,Sweden,47.69724179013292,0.7999999999999999,1.0,0,H
2022-09-24,Northern Ireland,Kosovo,-28.295531249035093,-0.9999999999999999,0.0,0,H
2022-09-24,Cyprus,Greece,-157.74745854500748,-1.4,0.0,0,H
2022-09-24,Tanzania,Uganda,7.709810087112828,0.4,0.0,1,H
2022-09-24,Israel,Albania,4.506990240390451,0.6,1.0,0,H
2022-09-24,South Africa,Sierra Leone,69.18686094729446,0.0,0.5,0,H
2022-09-24,Spain,Switzerland,75.29473874214682,1.4000000000000001,1.0,0,A
2022-09-24,Mauritania,Benin,-15.243279484104278,0.6000000000000001,0.5,1,H
2022-09-24,Bolivia,Senegal,-171.27713123349076,-1.0,0.5,1,A
2022-09-24,Colombia,Guatemala,-51.976833890668786,0.19999999999999996,0.5,1,H
2022-09-24,Grenada,Saint Vincent and the Grenadines,-3.6204085224510436,0.2,0.5,0,A
2022-09-24,Hong Kong,Myanmar,66.29389400521472,0.6,1.0,0,D
2022-09-24,India,Singapore,61.481662319352154,1.2000000000000002,0.5,1,D
2022-09-24,Fiji,Solomon Islands,-18.55985385486042,-0.5999999999999999,0.5,1,D
2022-09-24,Mexico,Peru,58.548878046250366,-0.6000000000000001,0.5,1,H
2022-09-24,Ivory Coast,Togo,73.06158242092829,-0.6000000000000001,0.5,1,H
2022-09-24,Laos,Maldives,-1.238949652494739,-0.6000000000000001,0.5,1,A
2022-09-24,Madagascar,Congo,-33.01306372885074,-0.19999999999999996,0.5,1,D
2022-09-24,Indonesia,Curaçao,42.2605438424489,1.4,0.5,0,H
2022-09-25,Faroe Islands,Turkey,-96.17042189731296,-1.6,0.0,0,H
2022-09-25,Moldova,Liechtenstein,52.69008838580817,2.0,1.0,0,H
2022-09-25,Andorra,Latvia,-71.83084211179084,-1.0,0.0,0,D
2022-09-25,Azerbaijan,Kazakhstan,-63.86287227503294,-1.2000000000000002,0.0,0,H
2022-09-25,Slovakia,Belarus,33.49034298278184,0.7999999999999999,1.0,1,D
2022-09-25,Luxembourg,Lithuania,50.31398275578499,1.4000000000000001,1.0,0,H
2022-09-25,Netherlands,Belgium,8.236181922905416,0.6000000000000001,1.0,0,H
2022-09-25,Niger,Liberia,26.600432587006935,0.0,0.5,1,D
2022-09-25,Denmark,France,-15.85235375045636,0.8,1.0,0,H
2022-09-25,Austria,Croatia,-48.04803438138697,-1.2,1.0,0,A
2022-09-25,New Zealand,Australia,-36.80081767686602,-1.2,0.0,0,A
2022-09-25,Malaysia,Tajikistan,-12.412287242353159,0.0,0.5,1,D
2022-09-25,Thailand,Trinidad and Tobago,34.75475517459904,-0.40000000000000013,0.5,0,H
2022-09-25,Wales,Poland,8.251782239626664,0.0,0.0,0,A
2022-09-26,Romania,Bosnia and Herzegovina,-7.101392325359029,-1.4000000000000001,0.0,0,H
2022-09-26,North Macedonia,Bulgaria,78.01816452014964,0.19999999999999996,0.5,0,A
2022-09-26,San Marino,Estonia,-120.87579327055164,-1.8,0.0,0,A
2022-09-26,Gibraltar,Georgia,-145.2305675905427,-2.4,0.0,0,A
2022-09-26,Montenegro,Finland,32.979373889869066,0.3999999999999999,0.0,0,A
2022-09-26,Iraq,Syria,69.78253306391707,0.40000000000000013,0.5,1,H
2022-09-26,England,Germany,19.945358060280114,-0.7999999999999999,1.0,0,D
2022-09-26,Jordan,Oman,29.14792602770467,0.19999999999999973,0.5,0,H
2022-09-26,Ethiopia,Sudan,41.105914296261744,0.0,1.0,0,D
2022-09-26,Hungary,Italy,-37.461684024622855,0.3999999999999999,0.0,0,A
2022-09-27,Mexico,Colombia,52.24237403027223,-0.7999999999999998,0.5,1,A
2022-09-27,Nepal,Bangladesh,13.094148961415385,-0.8,0.5,0,H
2022-09-27,Paraguay,Morocco,-162.71586928669944,-1.0,0.5,1,D
2022-09-27,Peru,El Salvador,51.89698700810186,0.3999999999999999,0.5,1,H
2022-09-27,Qatar,Chile,70.9728053395504,0.8,0.5,1,D
2022-09-27,Greece,Northern Ireland,89.36646799144137,1.4,1.0,0,H
2022-09-27,Saudi Arabia,United States,-73.32618120107531,-0.6000000000000001,0.5,1,D
2022-09-27,South Africa,Botswana,66.51630540299948,0.0,1.0,0,H
2022-09-27,United Arab Emirates,Venezuela,90.48740035181777,-0.3999999999999999,0.5,1,A
2022-09-27,Portugal,Spain,3.891998295391886,0.3999999999999999,0.5,0,A
2022-09-27,Switzerland,Czech Republic,27.839646448659096,0.3999999999999999,0.0,0,H
2022-09-27,Republic of Ireland,Armenia,17.811555809820447,0.20000000000000007,0.0,0,H
2022-09-27,Ukraine,Scotland,-37.573716194265444,-0.3999999999999999,0.5,1,D
2022-09-27,Albania,Iceland,31.784711996942406,-1.2000000000000002,0.5,0,D
2022-09-27,Norway,Serbia,-17.38329766266338,0.0,0.5,0,A
2022-09-27,Sweden,Slovenia,-15.472726385523174,-0.4,1.0,0,D
2022-09-27,Kosovo,Cyprus,46.547110763093315,0.19999999999999996,1.0,0,H
2022-09-27,Mauritania,Congo,37.27542688160156,1.8,0.5,1,H
2022-09-27,Vietnam,India,-21.35151784895811,0.0,0.5,0,H
2022-09-27,Malta,Israel,-73.91660931921933,-0.6000000000000001,0.5,0,H
2022-09-27,Equatorial Guinea,Togo,47.82522440574098,0.0,0.5,1,D
2022-09-27,Libya,Tanzania,-36.457585257518986,-0.20000000000000018,0.0,0,H
2022-09-27,Madagascar,Benin,-62.76017299092791,-0.4,0.0,1,H
2022-09-27,Fiji,Papua New Guinea,0.025553843828902245,-0.40000000000000013,0.0,1,A
2022-09-27,Algeria,Nigeria,96.75157692044013,1.0,1.0,0,H
2022-09-27,Argentina,Jamaica,163.5389690383679,1.0,0.5,1,H
2022-09-27,Bahrain,Panama,31.670676315291985,0.3999999999999999,0.5,0,A
2022-09-27,Brazil,Tunisia,48.6039013951945,0.3999999999999999,0.5,1,H
2022-09-27,Brunei,Laos,-2.4920280481783266,-1.2,0.0,0,H
2022-09-27,Canada,Uruguay,59.56089599737197,-0.19999999999999996,0.5,1,A
2022-09-27,DR Congo,Sierra Leone,-11.169207928702463,-1.2,0.5,1,H
2022-09-27,Burkina Faso,Comoros,71.60724337107945,1.2000000000000002,0.5,1,H
2022-09-27,Ecuador,Japan,-88.24384164628168,-0.19999999999999996,0.5,1,D
2022-09-27,Egypt,Liberia,149.97119325722292,1.0,1.0,0,H
2022-09-27,Ghana,Nicaragua,-35.06312056938191,-1.0,0.5,1,H
2022-09-27,Honduras,Guatemala,-143.38235078369348,-0.19999999999999996,0.0,1,H
2022-09-27,Indonesia,Curaçao,59.839758315120434,1.4,1.0,0,H
2022-09-27,Iran,Senegal,7.497668019208959,0.19999999999999996,0.5,1,D
2022-09-27,Ivory Coast,Guinea,76.39133763820064,0.5999999999999999,0.5,1,H
2022-09-27,South Korea,Cameroon,9.153680514449889,0.6000000000000001,0.5,0,H
2022-09-27,Costa Rica,Uzbekistan,2.931057927892425,-1.0,0.5,1,H
2022-09-30,Fiji,Solomon Islands,-27.493213395483735,-0.6000000000000001,0.5,1,H
2022-10-01,Saint Vincent and the Grenadines,Grenada,23.412008598016428,0.6000000000000001,1.0,0,A
2022-10-22,Saudi Arabia,North Macedonia,42.28289558253505,-0.19999999999999996,0.5,1,H
2022-10-23,Qatar,Guatemala,-16.234225052064176,-0.19999999999999996,0.5,1,H
2022-10-26,Saudi Arabia,Albania,64.69542564045992,0.4,0.5,1,D
2022-10-27,Qatar,Honduras,109.79999875509225,-0.19999999999999996,1.0,1,H
2022-10-30,Saudi Arabia,Honduras,130.94430033703293,0.0,0.5,1,D
2022-11-05,Brunei,Timor-Leste,45.49187789557027,0.75,0.5,0,H
2022-11-06,Saudi Arabia,Iceland,89.21467496111859,-0.40000000000000013,0.5,1,H
2022-11-07,Qatar,Panama,-2.705116953497509,-0.3999999999999999,0.5,1,H
2022-11-08,Brunei,Timor-Leste,62.88801834666856,1.2,1.0,0,A
2022-11-09,Albania,Qatar,-63.82901567261274,-1.4,0.5,1,A
2022-11-09,Cameroon,Jamaica,104.09471463498903,-0.40000000000000013,0.5,0,D
2022-11-09,Costa Rica,Nigeria,32.31421785310249,0.8,0.5,0,H
2022-11-09,Mexico,Iraq,35.666464075329486,-0.8000000000000003,0.5,1,H
2022-11-10,Iran,Nicaragua,91.38102559590834,0.0,0.5,0,H
2022-11-10,Saudi Arabia,Panama,18.52245986439243,0.40000000000000013,0.5,1,D
2022-11-11,Bahrain,Canada,-28.880227101018818,0.6000000000000001,0.5,0,D
2022-11-11,South Korea,Iceland,144.57899306354898,0.3999999999999999,1.0,0,H
2022-11-12,Iraq,Ecuador,-6.124434276752254,-0.19999999999999996,0.5,1,D
2022-11-13,West Papua,Raetia,9.43278790047998,0.5,0.5,1,D
2022-11-13,Syria,Algeria,-184.7652991891257,-1.6,0.5,1,A
2022-11-15,Venezuela,Panama,-109.1702275512589,0.8,0.5,1,D
2022-11-16,Latvia,Estonia,33.80198400035897,0.0,0.0,0,D
2022-11-16,Lithuania,Iceland,-63.174207495472956,-0.8,0.5,0,D
2022-11-16,Uzbekistan,Kazakhstan,74.31765874130019,0.3999999999999999,0.5,0,H
2022-11-16,United Arab Emirates,Argentina,-144.1988720645022,-1.8,0.5,0,A
2022-11-16,Turkey,Scotland,-35.670704059624086,0.0,0.5,0,H
2022-11-16,Saudi Arabia,Croatia,-11.25315270931037,-0.8,0.5,0,A
2022-11-16,Poland,Chile,70.00693605207016,0.4,0.5,0,H
2022-11-16,Peru,Paraguay,35.30657405329225,0.3999999999999999,1.0,0,H
2022-11-16,Oman,Germany,-61.89319352334701,0.40000000000000013,0.5,0,A
2022-11-16,Nicaragua,El Salvador,63.90422388181469,0.19999999999999996,0.5,0,H
2022-11-16,Nepal,Pakistan,-40.972142332717794,-0.4,0.5,0,H
2022-11-16,Albania,Italy,-130.0816906357902,-1.4,0.5,0,A
2022-11-16,Mexico,Sweden,68.74647622210864,1.2,0.5,1,A
2022-11-16,Moldova,Azerbaijan,-10.291571062144385,0.0,1.0,0,A
2022-11-16,Andorra,Austria,-79.16722778291933,1.4000000000000001,0.5,1,A
2022-11-16,Cyprus,Bulgaria,-49.42238021158619,-0.6000000000000001,0.5,0,A
2022-11-16,Czech Republic,Faroe Islands,59.154426628598685,-1.4000000000000001,0.5,0,H
2022-11-16,Algeria,Mali,59.60543297964773,1.0,1.0,0,D
2022-11-16,Gibraltar,Liechtenstein,31.985287115049687,0.2,1.0,0,H
2022-11-16,Iran,Tunisia,24.72995014311573,0.0,0.5,1,A
2022-11-16,Ivory Coast,Burundi,67.16264910562904,0.6000000000000001,0.5,1,H
2022-11-16,Kosovo,Armenia,11.347529293679145,1.2,0.5,0,D
2022-11-16,Dominican Republic,Cuba,-10.687590584559985,-1.5999999999999999,0.5,0,A
2022-11-17,North Macedonia,Finland,24.717176169033564,-0.7999999999999999,0.5,0,D
2022-11-17,Syria,Belarus,8.740063365491324,0.20000000000000007,0.5,1,A
2022-11-17,Switzerland,Ghana,52.33821695949587,0.8,0.5,1,A
2022-11-17,South Africa,Mozambique,129.4795949134268,1.4000000000000001,1.0,0,H
2022-11-17,Rwanda,Sudan,28.399117930661077,-0.19999999999999996,0.5,0,D
2022-11-17,Romania,Slovenia,-45.25374148375181,0.19999999999999996,0.5,0,A
2022-11-17,Republic of Ireland,Norway,-58.01652573133788,0.0,0.5,0,A
2022-11-17,Portugal,Nigeria,79.20859483426057,0.6000000000000001,0.5,0,H
2022-11-17,Niger,Libya,-0.8208411525999963,-0.7999999999999999,0.0,1,A
2022-11-17,Jordan,Spain,-34.44834303559037,1.0,0.5,0,A
2022-11-17,Montenegro,Slovakia,14.924272065037712,0.0,0.5,0,D
2022-11-17,Malta,Greece,-92.65548635363734,-0.5999999999999999,0.5,0,D
2022-11-17,Luxembourg,Hungary,-107.67285855967339,0.20000000000000018,0.5,0,D
2022-11-17,Japan,Canada,28.619905117461713,0.8000000000000003,0.5,1,A
2022-11-17,Israel,Zambia,-1.6510507981543014,-0.3999999999999999,0.5,0,H
2022-11-17,Gabon,Guinea-Bissau,13.530776133632344,0.0,0.5,1,H
2022-11-17,Angola,Botswana,14.651751866533232,0.6000000000000001,0.0,1,H
2022-11-17,Tajikistan,Russia,-30.52759114986634,-0.19999999999999973,0.5,0,D
2022-11-17,Morocco,Georgia,107.16751332930266,-0.6000000000000001,0.5,1,H
2022-11-17,Saint Lucia,San Marino,183.1257383700722,1.8,0.5,0,D
2022-11-18,Egypt,Belgium,-18.986943196313177,-0.19999999999999996,0.5,1,H
2022-11-18,Dominican Republic,Cuba,-30.07255739733091,-1.5999999999999999,0.0,0,D
2022-11-18,Bahrain,Serbia,-25.34420638676238,-1.2000000000000002,0.5,0,A
2022-11-18,Cameroon,Panama,29.886066808771147,0.19999999999999996,0.5,1,D
2022-11-19,Latvia,Iceland,45.08854907953969,0.6000000000000001,0.5,0,D
2022-11-19,Estonia,Lithuania,72.8034103232003,1.8000000000000003,0.5,0,H
2022-11-19,United Arab Emirates,Kazakhstan,39.53365722433318,-1.2,0.5,0,H
2022-11-19,Sweden,Algeria,-114.529855284115,-1.8,0.5,0,H
2022-11-19,Rwanda,Sudan,26.76796441666488,-0.6,0.5,0,H
2022-11-19,Peru,Bolivia,104.63228819715846,2.0,0.5,0,H
2022-11-19,Turkey,Czech Republic,14.32659627351427,1.4,0.5,0,H
2022-11-19,Kosovo,Faroe Islands,21.308946552358066,-0.20000000000000018,0.5,0,D
2022-11-19,Ivory Coast,Burkina Faso,19.72231966852405,0.20000000000000018,1.0,1,A
2022-11-19,Guatemala,Nicaragua,15.929098608379718,-0.3999999999999999,1.0,1,H
2022-11-19,Gibraltar,Andorra,-37.10557177135911,-0.5999999999999999,0.5,0,H
2022-11-19,Colombia,Paraguay,70.23668784106985,1.4,0.5,1,H
2022-11-19,Albania,Armenia,23.773372066968705,0.2,0.5,0,H
2022-11-19,Kuwait,Lebanon,-1.4910870741011877,0.3999999999999999,0.5,1,H
2022-11-20,Oman,Belarus,73.37312417900284,0.0,0.5,1,H
2022-11-20,Qatar,Ecuador,32.47944473165671,1.2000000000000002,0.5,0,A
2022-11-20,Uzbekistan,Russia,2.5623035350035934,0.3999999999999999,0.5,0,D
2022-11-20,Syria,Venezuela,0.5755214387468186,-1.4,0.5,1,A
2022-11-20,Saint Lucia,San Marino,173.4628479744315,1.35,0.5,0,H
2022-11-20,South Africa,Angola,64.93986523076046,1.0,0.5,0,D
2022-11-20,Slovenia,Montenegro,52.81225583709738,0.8,0.5,0,H
2022-11-20,Slovakia,Chile,13.479863705444359,0.6,0.5,0,D
2022-11-20,Norway,Finland,85.45767072756371,0.3999999999999999,0.5,0,D
2022-11-20,Niger,Gabon,-62.80334756208072,-1.2000000000000002,0.5,1,A
2022-11-20,Moldova,Romania,-73.88493087343818,0.40000000000000013,0.5,0,A
2022-11-20,Malta,Republic of Ireland,-25.633197714565085,0.0,0.5,0,A
2022-11-20,Luxembourg,Bulgaria,-4.853074515475555,-1.0000000000000002,0.5,0,D
2022-11-20,Israel,Cyprus,121.09833635338964,1.2,0.5,0,A
2022-11-20,Hungary,Greece,12.032907283843315,-0.3999999999999999,0.5,0,H
2022-11-20,Gambia,Guinea-Bissau,50.10517129377922,0.20000000000000018,0.5,1,D
2022-11-20,Austria,Italy,-110.23828880790325,-1.2,0.0,0,H
2022-11-20,North Macedonia,Azerbaijan,67.38635786159352,-1.5999999999999999,0.5,0,A
2022-11-21,United States,Wales,96.04837135866069,1.0,0.5,1,D
2022-11-21,England,Iran,1.8953510117580663,-0.7999999999999999,0.5,1,H
2022-11-21,Senegal,Netherlands,-30.691808677923746,-1.4000000000000001,0.5,1,A
2022-11-22,Argentina,Saudi Arabia,98.71340897774849,1.8,0.5,1,A
2022-11-22,Mexico,Poland,27.832905498648415,-0.19999999999999996,0.5,1,D
2022-11-22,Denmark,Tunisia,-0.3377204595415151,-0.5999999999999999,0.5,1,D
2022-11-22,France,Australia,20.868012037180733,-1.6,0.5,1,H
2022-11-23,Germany,Japan,-7.29514845209269,0.0,0.5,1,A
2022-11-23,Spain,Costa Rica,54.0929547636747,-0.20000000000000018,0.5,1,H
2022-11-23,Morocco,Croatia,63.41209987968705,-0.3999999999999999,0.5,1,D
2022-11-23,Belgium,Canada,-3.0537828777783034,0.0,0.5,1,H
2022-11-24,Portugal,Ghana,84.20857141126407,0.40000000000000013,0.5,1,H
2022-11-24,Uruguay,South Korea,-52.33055441038823,0.0,0.5,1,D
2022-11-24,Switzerland,Cameroon,-19.675512402852746,0.8,0.5,1,H
2022-11-24,Brazil,Serbia,63.57912285189332,0.3999999999999999,0.5,1,H
2022-11-25,Qatar,Senegal,-39.54511807130007,1.4,0.5,0,A
2022-11-25,Netherlands,Ecuador,99.08995069235948,0.8,0.5,1,D
2022-11-25,Wales,Iran,-73.70298749871927,-0.9999999999999999,0.5,1,A
2022-11-25,England,United States,4.833178626492781,-0.19999999999999996,0.5,1,D
2022-11-26,France,Denmark,4.33082281328393,0.0,0.0,1,H
2022-11-26,Poland,Saudi Arabia,-19.240797470852613,-0.20000000000000018,0.5,1,H
2022-11-26,Argentina,Mexico,66.18579402064938,1.0,0.5,1,H
2022-11-26,Tunisia,Australia,35.65565205814187,0.0,0.5,1,A
2022-11-27,Croatia,Canada,-7.990982839733306,1.2000000000000002,0.5,1,H
2022-11-27,Belgium,Morocco,-34.688820172588066,-0.40000000000000013,0.5,1,A
2022-11-27,Japan,Costa Rica,58.830035746967496,0.0,0.5,1,A
2022-11-27,Spain,Germany,39.049264153992226,1.0,1.0,1,D
2022-11-28,Portugal,Uruguay,55.185560718308125,0.19999999999999996,0.5,1,H
2022-11-28,Cameroon,Serbia,-31.233399878125283,-1.6,0.5,1,D
2022-11-28,Brazil,Switzerland,109.737035911043,0.6000000000000001,0.5,1,H
2022-11-28,South Korea,Ghana,93.60905704503989,0.20000000000000018,0.5,1,A
2022-11-29,Wales,England,-103.26004908577329,-0.8,0.0,1,A
2022-11-29,Iran,United States,-9.182253625296198,0.5999999999999999,0.5,1,A
2022-11-29,Ecuador,Senegal,-56.24986845401122,-0.20000000000000018,0.5,1,A
2022-11-29,Qatar,Netherlands,-94.56429096592387,-0.8,0.5,0,A
2022-11-30,Tunisia,France,-24.91056292278222,-0.40000000000000013,0.5,1,H
2022-11-30,Australia,Denmark,-14.439352522101444,0.6000000000000001,0.5,1,H
2022-11-30,Poland,Argentina,-89.98443172108728,-0.3999999999999999,0.5,1,A
2022-11-30,Saudi Arabia,Mexico,-9.428831358293564,0.5999999999999999,0.5,1,A
2022-12-01,Japan,Spain,-22.732042304920014,-0.6000000000000001,0.5,1,H
2022-12-01,Costa Rica,Germany,-21.396722288171986,1.0,0.5,1,A
2022-12-01,Croatia,Belgium,-5.878146956558112,1.4000000000000001,0.0,1,D
2022-12-01,Canada,Morocco,-71.04566099327963,-1.4000000000000001,0.5,1,A
2022-12-02,South Korea,Portugal,-26.900606223024397,-0.7999999999999998,0.5,1,H
2022-12-02,Serbia,Switzerland,35.82346855798278,0.19999999999999996,0.5,1,A
2022-12-02,Cameroon,Brazil,-117.23888841226471,-2.4,0.5,1,H
2022-12-02,Ghana,Uruguay,-23.212530310060856,0.40000000000000013,0.5,1,A
2022-12-03,Netherlands,United States,23.71016686173607,1.4000000000000001,0.5,1,H
2022-12-03,Argentina,Australia,60.23003120150702,0.0,0.5,1,H
2022-12-04,France,Poland,62.07704551495385,-0.19999999999999996,0.5,1,H
2022-12-04,England,Senegal,14.455788950541091,-0.3999999999999999,0.5,1,H
2022-12-05,Japan,Croatia,23.422016946562735,-0.8000000000000003,0.5,1,D
2022-12-05,Brazil,South Korea,59.21312784288034,0.3999999999999999,1.0,1,H
2022-12-06,Morocco,Spain,41.54336896690302,0.20000000000000018,0.5,1,D
2022-12-06,Portugal,Switzerland,45.48476052872434,0.0,0.5,1,H
2022-12-09,Netherlands,Argentina,-1.0662157126050715,0.20000000000000018,0.5,1,D
2022-12-09,Croatia,Brazil,-77.35116007885608,-0.5999999999999999,0.5,1,D
2022-12-09,Malaysia,Cambodia,47.90687060218329,0.8,1.0,0,H
2022-12-10,England,France,20.312633730779908,0.40000000000000013,0.5,1,A
2022-12-10,Morocco,Portugal,40.648109122697406,-0.19999999999999973,0.5,1,H
2022-12-11,Thailand,Myanmar,168.22833408252245,1.8,1.0,0,H
2022-12-13,Argentina,Croatia,64.11008388327468,0.6000000000000001,0.5,1,H
2022-12-14,France,Morocco,-39.33970581146059,0.19999999999999973,0.5,1,H
2022-12-14,Malaysia,Maldives,15.994484071855368,-0.19999999999999996,0.5,0,H
2022-12-14,Thailand,Taiwan,121.17459158488373,2.0,0.5,0,A
2022-12-14,Vietnam,Philippines,35.09909861161577,1.2,0.5,0,H
2022-12-17,Croatia,Morocco,-68.22059926996712,-0.8,0.5,1,H
2022-12-17,Singapore,Maldives,-17.95608217278891,-1.0,0.5,0,H
2022-12-18,Argentina,France,29.325093219305927,0.20000000000000018,0.5,1,D
2022-12-20,Brunei,Thailand,-82.60686434005515,-0.19999999999999996,0.5,1,A
2022-12-20,Cambodia,Philippines,-24.824888380938546,-0.6000000000000001,0.5,0,H
2022-12-21,Myanmar,Malaysia,-125.49148469842066,-2.0,0.5,0,A
2022-12-21,Laos,Vietnam,-59.97773036204194,-1.4000000000000001,0.0,0,A
2022-12-23,Oman,Syria,103.07163506250572,1.0,0.5,1,H
2022-12-23,Philippines,Brunei,-10.713797751647007,-0.3999999999999999,0.5,0,H
2022-12-23,Indonesia,Cambodia,94.41818278080382,1.5999999999999999,1.0,0,H
2022-12-24,Singapore,Myanmar,89.5146941133114,1.2,1.0,0,H
2022-12-24,Malaysia,Laos,71.60180587480068,1.0000000000000002,1.0,0,H
2022-12-26,Brunei,Indonesia,-97.96178214611177,-1.2,0.5,1,A
2022-12-26,Thailand,Philippines,98.34478310954478,0.8,1.0,0,H
2022-12-27,Vietnam,Malaysia,-3.010601400491396,0.3999999999999999,1.0,0,H
2022-12-27,Laos,Singapore,-37.997230651333666,-1.4,0.5,0,A
2022-12-29,Cambodia,Brunei,-3.8983648647388236,0.20000000000000007,0.5,0,H
2022-12-29,Indonesia,Thailand,-10.275554947552791,0.6000000000000001,0.0,0,D
2022-12-30,Iraq,Kuwait,74.57817021387905,-0.6000000000000001,1.0,0,H
2022-12-30,Oman,Syria,117.30649968108173,1.4,1.0,1,H
2022-12-30,United Arab Emirates,Lebanon,65.34044693123519,0.39999999999999997,1.0,0,H
2022-12-30,Myanmar,Laos,-57.564960788182134,0.2,0.5,0,D
2022-12-30,Singapore,Vietnam,-47.705578873653394,-1.0,0.0,0,D
2023-01-02,Philippines,Indonesia,-102.85021778592454,-2.0,0.5,0,A
2023-01-02,Thailand,Cambodia,116.23353349864283,0.8,0.5,0,H
2023-01-03,Malaysia,Singapore,29.178368004789945,0.19999999999999973,0.0,0,H
2023-01-03,Vietnam,Myanmar,158.08278410367961,2.2,0.5,0,H
2023-01-06,Iraq,Oman,-6.631132653610166,-0.19999999999999996,0.5,0,D
2023-01-06,Yemen,Saudi Arabia,-98.04105536192355,-0.6000000000000001,0.0,1,A
2023-01-06,Indonesia,Vietnam,26.487529657394816,0.0,0.0,0,D
2023-01-07,Bahrain,United Arab Emirates,43.796736195238054,-0.3999999999999999,1.0,1,H
2023-01-07,Kuwait,Qatar,-93.57306660322024,0.0,0.5,1,A
2023-01-07,Malaysia,Thailand,-48.19851090434099,0.3999999999999999,1.0,0,H
2023-01-08,Iceland,Estonia,-19.870421494848188,-1.6,0.5,1,D
2023-01-09,Iraq,Saudi Arabia,-12.590435066088048,0.40000000000000013,0.5,0,H
2023-01-09,Vietnam,Indonesia,-24.965732030553,0.0,1.0,0,H
2023-01-09,Sweden,Finland,62.19593614307519,0.19999999999999996,1.0,1,H
2023-01-09,Oman,Yemen,106.20156076645799,1.8,0.5,1,H
2023-01-10,Thailand,Malaysia,25.441644266909634,-0.3999999999999999,0.0,0,H
2023-01-10,Qatar,Bahrain,-14.372451910416203,0.3999999999999999,1.0,1,A
2023-01-10,United Arab Emirates,Kuwait,61.396723966453465,0.0,0.5,1,A
2023-01-12,Finland,Estonia,-0.27035368441897845,-1.0000000000000002,0.0,1,A
2023-01-12,Sweden,Iceland,97.11089094047179,1.4,0.5,1,H
2023-01-12,Iraq,Yemen,117.34937119335018,1.4000000000000001,0.5,0,H
2023-01-12,Saudi Arabia,Oman,-11.056295994467291,-1.4000000000000001,1.0,1,A
2023-01-13,Bahrain,Kuwait,120.52317838068666,0.19999999999999996,1.0,1,D
2023-01-13,Qatar,United Arab Emirates,49.078819778777415,-0.6,1.0,1,D
2023-01-13,Vietnam,Thailand,-22.23483376146214,0.20000000000000018,0.0,0,D
2023-01-16,Bahrain,Oman,8.05886471442659,-1.0,0.0,1,A
2023-01-16,Thailand,Vietnam,20.956638365038543,-0.19999999999999996,1.0,0,H
2023-01-16,Iraq,Qatar,17.694901555101524,1.4000000000000001,0.0,0,H
2023-01-19,Iraq,Oman,-6.599686895966215,0.0,0.5,0,H
2023-01-25,United States,Serbia,39.45241626994948,-0.19999999999999996,0.5,0,A
2023-01-28,United States,Colombia,52.98564361952731,-2.0,0.5,0,D
2023-02-22,Grenada,Barbados,17.005053679635694,0.8,0.5,0,D
2023-02-26,Grenada,Barbados,16.026945017207254,0.8,0.5,0,D
2023-03-03,Grenada,Saint Lucia,-83.05949540719371,-1.0,0.5,0,A
2023-03-04,Saint Barthélemy,Sint Maarten,4.025286239104162,-0.25,0.5,0,H
2023-03-05,Grenada,Saint Lucia,-98.36725772212571,-1.6,0.0,0,H
2023-03-10,Saint Martin,Saint Barthélemy,-20.71959341196998,-2.3333333333333335,0.5,0,H
2023-03-11,Jamaica,Trinidad and Tobago,-41.89090976826651,-0.6000000000000001,0.5,0,A
2023-03-12,Guatemala,Panama,6.9260974206558785,0.0,0.5,1,D
2023-03-14,Jamaica,Trinidad and Tobago,-59.49109304972012,-0.8,0.0,0,D
2023-03-15,Bangladesh,Malawi,-25.61042320369961,-0.7999999999999999,0.5,1,D
2023-03-19,Ethiopia,Rwanda,1.9360289186615773,0.0,0.5,0,H
2023-03-20,Fiji,Vanuatu,31.30156853737344,2.0,1.0,0,A
2023-03-21,Maldives,Pakistan,-16.945298010235774,1.8,0.5,0,H
2023-03-21,Tahiti,New Caledonia,27.73335726670939,0.0,0.5,0,A
2023-03-22,Honduras,El Salvador,-12.2456122405099,0.3999999999999999,0.0,1,H
2023-03-22,India,Myanmar,137.94078549482424,1.8,0.5,0,H
2023-03-22,Nepal,Laos,36.314879182147024,1.0,0.5,0,H
2023-03-22,Republic of Ireland,Latvia,2.352454995711014,0.19999999999999996,0.5,0,H
2023-03-22,Sierra Leone,São Tomé and Príncipe,34.43753012441789,0.6000000000000001,0.5,1,D
2023-03-22,Benin,Rwanda,8.960156486263031,-0.8,0.5,0,D
2023-03-23,Portugal,Liechtenstein,277.0794418817186,1.8,0.5,0,H
2023-03-23,Bosnia and Herzegovina,Iceland,27.04395112132852,1.4,0.5,0,H
2023-03-23,Denmark,Finland,126.42403244479942,-0.19999999999999996,0.0,0,H
2023-03-23,Kazakhstan,Slovenia,-101.57692659568329,-1.0000000000000002,0.5,0,A
2023-03-23,Slovakia,Luxembourg,12.425139019866492,-0.7999999999999999,0.5,0,D
2023-03-23,North Macedonia,Malta,35.52776643616903,-1.2,0.5,0,H
2023-03-23,Barbados,Cuba,-101.04012599969701,-2.2,0.0,0,A
2023-03-23,Guadeloupe,Antigua and Barbuda,-15.608955975542813,0.6000000000000001,0.0,0,A
2023-03-23,French Guiana,Dominican Republic,52.80775840633419,1.8000000000000003,1.0,0,D
2023-03-23,Saint Martin,Saint Kitts and Nevis,3.8883710075745057,0.44999999999999996,0.5,1,A
2023-03-23,British Virgin Islands,Puerto Rico,-72.4947157876179,-2.2,0.0,0,A
2023-03-23,Suriname,Mexico,-65.91428309399362,-0.5999999999999999,0.0,0,A
2023-03-23,Italy,England,-16.0934272977006,-0.19999999999999996,1.0,0,A
2023-03-23,San Marino,Northern Ireland,-119.45336564025843,-0.6,0.5,0,A
2023-03-23,Zambia,Lesotho,26.737107529887908,0.0,0.0,0,H
2023-03-23,Argentina,Panama,126.88303093701938,1.4000000000000001,0.5,0,H
2023-03-23,Hong Kong,Singapore,-23.542143679667106,-1.2,0.5,0,D
2023-03-23,Hungary,Estonia,89.80334149510963,-0.20000000000000018,0.5,0,H
2023-03-23,Malaysia,Turkmenistan,50.56404505836554,0.6000000000000001,1.0,0,H
2023-03-23,New Zealand,China,25.84773760309281,-0.8,0.5,0,D
2023-03-23,Iran,Russia,56.61440626401691,-0.40000000000000013,0.5,0,D
2023-03-23,Madagascar,Central African Republic,20.68501335168048,0.6,0.5,0,A
2023-03-23,Ghana,Angola,-2.1735014563653294,-0.19999999999999996,0.5,0,H
2023-03-23,Algeria,Niger,187.0931100348712,1.6,1.0,0,H
2023-03-23,Gabon,Sudan,84.83680218660743,1.2000000000000002,0.5,0,H
2023-03-23,Congo,South Sudan,-6.8598218070912935,-0.3999999999999999,0.5,0,A
2023-03-23,Solomon Islands,Vanuatu,26.316938607176553,0.3999999999999999,0.5,1,H
2023-03-24,Moldova,Faroe Islands,-54.32699471088495,0.6000000000000001,0.0,0,D
2023-03-24,South Africa,Liberia,151.11660729147525,2.4,0.5,0,D
2023-03-24,Senegal,Mozambique,165.8418757102993,0.3999999999999999,1.0,0,H
2023-03-24,Gibraltar,Greece,-144.54179677109641,-0.19999999999999996,0.5,1,A
2023-03-24,France,Netherlands,-19.30278334142963,-0.20000000000000018,0.5,0,H
2023-03-24,Czech Republic,Poland,-25.8718830967116,-0.7999999999999999,0.5,0,H
2023-03-24,Austria,Azerbaijan,84.33959867655244,-1.8,0.5,0,H
2023-03-24,Belize,Guatemala,-97.6850698512335,-0.6000000000000001,0.0,0,A
2023-03-24,Bulgaria,Montenegro,-13.813347513468443,1.4000000000000001,0.5,0,A
2023-03-24,Serbia,Lithuania,207.4325821812406,0.9999999999999999,0.5,0,H
2023-03-24,Grenada,United States,-171.80400240613926,0.6000000000000001,0.0,0,A
2023-03-24,Bahamas,Trinidad and Tobago,-72.98284572360012,-0.7999999999999999,0.0,0,A
2023-03-24,Nicaragua,Saint Vincent and the Grenadines,82.08298632019978,-0.20000000000000007,0.5,0,H
2023-03-24,Tunisia,Libya,136.25109048595868,-0.6000000000000001,1.0,0,H
2023-03-24,Anguilla,Saint Lucia,-50.4916374245538,-1.6,0.0,0,A
2023-03-24,Sweden,Belgium,-43.94352914012279,1.8,0.5,0,A
2023-03-24,Equatorial Guinea,Botswana,42.86278617441485,0.3999999999999999,0.5,0,H
2023-03-24,Ivory Coast,Comoros,96.69786433046806,1.4,0.5,0,H
2023-03-24,South Korea,Colombia,41.19955746975734,-1.2000000000000002,0.5,0,D
2023-03-24,Australia,Ecuador,42.861765685378714,0.6000000000000001,0.5,0,H
2023-03-24,Japan,Uruguay,58.824267523194976,0.0,0.5,0,D
2023-03-24,DR Congo,Mauritania,-25.489828788911836,-2.0,0.5,1,H
2023-03-24,Kuwait,Philippines,1.7749155778790282,0.7999999999999999,0.5,0,H
2023-03-24,Saudi Arabia,Venezuela,83.58384675037064,-1.4,0.0,0,A
2023-03-24,Tahiti,New Caledonia,6.140279001325325,-0.6,0.0,0,H
2023-03-24,Nigeria,Guinea-Bissau,28.993263579267477,0.19999999999999996,1.0,0,A
2023-03-24,Uzbekistan,Bolivia,127.25120736996041,2.0,0.5,1,H
2023-03-24,Burkina Faso,Togo,94.32023837272368,2.4,0.5,1,H
2023-03-24,Cameroon,Namibia,74.7099897760927,-0.19999999999999996,0.5,0,D
2023-03-24,Guinea,Ethiopia,-9.007190170011427,-0.8,0.5,1,H
2023-03-24,Egypt,Malawi,148.25311013476858,0.8,0.5,0,H
2023-03-24,Uganda,Tanzania,-16.220571442281198,-0.6,0.5,1,A
2023-03-24,Mali,Gambia,57.13175003569086,1.0000000000000002,0.5,0,H
2023-03-24,Cape Verde,Eswatini,20.912361212285532,0.19999999999999996,0.5,0,D
2023-03-25,Andorra,Romania,-74.65711348815444,-0.5999999999999999,0.5,0,A
2023-03-25,Belarus,Switzerland,-113.9702170717137,-0.3999999999999999,0.5,1,A
2023-03-25,Israel,Kosovo,36.215912445352615,0.3999999999999999,0.5,0,D
2023-03-25,Martinique,Costa Rica,-99.80473941434684,-1.6,0.0,0,A
2023-03-25,Armenia,Turkey,-98.39864001514593,-1.8,0.5,0,A
2023-03-25,Bermuda,Guyana,-6.5905330300170135,-0.5999999999999999,0.0,0,A
2023-03-25,Montserrat,Haiti,-41.82607315386963,-0.8,0.0,0,A
2023-03-25,Sint Maarten,Bonaire,-40.16726688090989,-1.5,0.5,1,H
2023-03-25,Turks and Caicos Islands,United States Virgin Islands,-0.08221148884922513,0.3999999999999999,0.0,0,H
2023-03-25,Curaçao,Canada,-100.99474164661387,-0.20000000000000007,0.0,0,A
2023-03-25,Croatia,Wales,89.27081297971267,1.0,0.5,0,D
2023-03-25,Georgia,Mongolia,53.167297369296875,1.2,0.5,0,H
2023-03-25,Scotland,Cyprus,141.21713273851879,0.6000000000000001,0.5,0,H
2023-03-25,Bahrain,Palestine,21.72555958787575,-0.6000000000000001,0.5,0,A
2023-03-25,Bhutan,Laos,75.07174843548387,0.8,0.5,1,A
2023-03-25,Germany,Peru,66.48537583674783,-0.3999999999999999,0.5,0,H
2023-03-25,Indonesia,Burundi,58.885403241111135,0.8,0.5,0,H
2023-03-25,Bangladesh,Seychelles,-16.161910921020763,0.6000000000000001,0.5,0,H
2023-03-25,Myanmar,Kyrgyzstan,-129.84095105015717,-1.2,0.0,1,D
2023-03-25,Thailand,Syria,172.83918982573482,2.0,0.5,1,A
2023-03-25,United Arab Emirates,Tajikistan,-21.316440422083815,-0.40000000000000013,1.0,0,D
2023-03-25,Morocco,Brazil,-24.864127607098453,-0.6000000000000001,0.5,0,H
2023-03-25,Spain,Norway,61.50611913246598,0.20000000000000018,0.5,0,H
2023-03-26,Puerto Rico,Cayman Islands,72.99423512742078,2.4,1.0,0,H
2023-03-26,Northern Ireland,Finland,-0.1508953573159033,0.9999999999999999,0.5,0,A
2023-03-26,Cuba,Guadeloupe,40.96344890380601,0.8,0.0,0,H
2023-03-26,Antigua and Barbuda,Barbados,109.12998382396358,1.4,1.0,0,A
2023-03-26,Mexico,Jamaica,115.81429326961893,0.7999999999999999,1.0,0,D
2023-03-26,Slovakia,Bosnia and Herzegovina,-9.58049548507779,-1.2,0.5,0,H
2023-03-26,Luxembourg,Portugal,-154.18003709977438,-0.40000000000000013,0.0,0,A
2023-03-26,Liechtenstein,Iceland,-105.44706080917967,-0.6,0.0,0,A
2023-03-26,Kazakhstan,Denmark,-154.61102278764542,-0.7999999999999999,0.5,0,H
2023-03-26,Malta,Italy,-159.85318670821562,-1.0,0.5,0,A
2023-03-26,England,Ukraine,110.53591635293219,0.3999999999999999,1.0,0,H
2023-03-26,Lesotho,Zambia,-45.20102700833013,-0.40000000000000013,0.5,1,A
2023-03-26,São Tomé and Príncipe,Sierra Leone,-32.461613174799595,0.0,0.5,1,A
2023-03-26,Russia,Iraq,-31.868030419773277,-1.4000000000000001,0.5,0,H
2023-03-26,New Zealand,China,24.36256122727218,-0.6,0.5,0,H
2023-03-26,Macau,Singapore,17.12691304339546,-0.6000000000000001,0.5,0,A
2023-03-26,Fiji,Solomon Islands,-26.056356812988952,0.0,1.0,0,A
2023-03-26,Slovenia,San Marino,233.7179832460156,2.2,1.0,0,H
2023-03-27,Austria,Estonia,62.81089092365232,0.19999999999999996,0.5,0,H
2023-03-27,Sweden,Azerbaijan,111.16265453759775,0.0,0.5,0,H
2023-03-27,Saint Lucia,Dominica,18.28227482989405,0.3999999999999999,1.0,0,H
2023-03-27,Hungary,Bulgaria,123.68014934236385,0.0,1.0,0,H
2023-03-27,Montenegro,Serbia,-107.37636109569962,-0.5999999999999999,0.5,0,A
2023-03-27,Guatemala,French Guiana,18.28424070534288,-0.8000000000000003,0.0,0,H
2023-03-27,Saint Vincent and the Grenadines,Bahamas,-16.68515969932332,0.0,0.0,0,D
2023-03-27,Trinidad and Tobago,Nicaragua,8.083595985840248,0.19999999999999996,0.0,0,D
2023-03-27,Dominican Republic,Belize,44.13016395999284,0.39999999999999997,1.0,0,H
2023-03-27,Saint Kitts and Nevis,Aruba,23.754364661069758,0.0,1.0,0,H
2023-03-27,Moldova,Czech Republic,-129.10055495756683,0.19999999999999996,0.5,0,D
2023-03-27,United States,El Salvador,178.30796652236495,0.9999999999999999,1.0,0,H
2023-03-27,Poland,Albania,37.6178870282763,-0.19999999999999996,1.0,0,H
2023-03-27,Niger,Algeria,-197.25611795314944,-1.8,0.0,1,A
2023-03-27,Republic of Ireland,France,-145.79001702922687,-0.8,0.5,0,A
2023-03-27,Greece,Lithuania,167.2713878859024,0.9999999999999999,0.5,0,D
2023-03-27,North Macedonia,Faroe Islands,49.28002411803732,-0.3999999999999999,0.5,0,H
2023-03-27,Oman,Lebanon,132.3991742529936,1.8,0.5,0,H
2023-03-27,Guinea-Bissau,Nigeria,-7.328140561676719,1.0,0.5,0,A
2023-03-27,Chile,Paraguay,-8.952296557940826,-0.7999999999999999,0.6666666666666666,0,H
2023-03-27,Central African Republic,Madagascar,0.5043068572422271,0.19999999999999996,1.0,1,H
2023-03-27,Angola,Ghana,-17.95161371281506,-0.40000000000000013,0.0,0,D
2023-03-27,South Sudan,Congo,26.464990025889847,1.0,1.0,1,A
2023-03-27,Sudan,Gabon,-100.048002653293,-1.6,0.0,0,H
2023-03-27,Ethiopia,Guinea,-11.511189247327138,0.19999999999999996,0.0,1,A
2023-03-27,Netherlands,Gibraltar,261.62690986324606,0.40000000000000013,1.0,0,H
2023-03-28,Georgia,Norway,-17.780868419718445,1.2,0.5,0,D
2023-03-28,Gambia,Mali,-73.87230773742567,-1.6,0.0,1,H
2023-03-28,Comoros,Ivory Coast,-111.27089626885368,-1.7999999999999998,0.0,0,A
2023-03-28,Mauritania,DR Congo,4.025143248851691,0.8,0.0,0,D
2023-03-28,Botswana,Equatorial Guinea,-60.40784789307281,-1.0,0.0,0,A
2023-03-28,Libya,Tunisia,-148.78663625707895,-0.6000000000000001,0.0,0,A
2023-03-28,Liberia,South Africa,-142.9276356926489,-1.8000000000000003,0.5,0,A
2023-03-28,Mozambique,Senegal,-176.9598000100525,-1.4,0.0,0,A
2023-03-28,Scotland,Spain,-70.9016543871519,0.3999999999999999,0.5,0,H
2023-03-28,Costa Rica,Panama,34.19043344636157,1.0,0.25,0,A
2023-03-28,Kosovo,Andorra,68.29548877719208,0.3999999999999999,0.5,0,D
2023-03-28,Switzerland,Israel,59.12460653396465,0.40000000000000013,0.5,0,H
2023-03-28,Romania,Belarus,56.50085908092797,1.2,1.0,0,H
2023-03-28,Tanzania,Uganda,35.28751809885807,0.9999999999999999,0.6666666666666666,0,A
2023-03-28,Canada,Honduras,140.03122903614326,-0.19999999999999996,0.5,0,H
2023-03-28,Haiti,Bermuda,86.84602645346285,2.4,1.0,1,H
2023-03-28,Guyana,Montserrat,-1.204894427609588,1.2000000000000002,1.0,1,D
2023-03-28,Bonaire,Turks and Caicos Islands,50.321016667663116,0.8,1.0,0,A
2023-03-28,United States Virgin Islands,Sint Maarten,-52.37823774659296,-0.5999999999999999,0.5,0,A
2023-03-28,Turkey,Croatia,-43.66942249765384,0.8,0.5,0,A
2023-03-28,Malawi,Egypt,-160.20180164970043,-1.4,0.0,0,A
2023-03-28,Wales,Latvia,30.65637531224843,-0.19999999999999996,0.5,0,H
2023-03-28,Togo,Burkina Faso,-109.02029383233162,-2.6,0.0,0,D
2023-03-28,Namibia,Cameroon,-70.47441959014168,0.40000000000000013,0.5,1,H
2023-03-28,Argentina,Curaçao,209.59736822591321,1.6,0.5,0,H
2023-03-28,Armenia,Cyprus,37.68603722284388,-1.0,0.5,0,D
2023-03-28,Australia,Ecuador,60.40688526304325,0.8,1.0,0,A
2023-03-28,Bahrain,Syria,119.9264952970509,0.7999999999999999,1.0,0,H
2023-03-28,Bangladesh,Seychelles,4.767772974294758,1.2,1.0,0,A
2023-03-28,Germany,Belgium,1.9025223121782346,0.6000000000000001,0.5,0,A
2023-03-28,India,Kyrgyzstan,24.124160124983746,0.3999999999999999,0.5,0,H
2023-03-28,Iran,Kenya,80.60408562916882,-0.19999999999999996,0.5,0,H
2023-03-28,Japan,Colombia,58.903947286678886,-0.6000000000000001,0.5,0,A
2023-03-28,Indonesia,Burundi,75.5277753300586,0.8,1.0,0,D
2023-03-28,South Korea,Uruguay,35.405087003001654,-0.6000000000000001,0.5,0,A
2023-03-28,Kuwait,Tajikistan,-46.72064127474323,0.0,0.5,0,H
2023-03-28,Malaysia,Hong Kong,81.0324804219124,0.8,1.0,0,H
2023-03-28,Morocco,Peru,128.20428255872048,-0.40000000000000013,0.5,1,D
2023-03-28,Nepal,Bhutan,-8.712013987190403,1.8,0.5,0,D
2023-03-28,Saudi Arabia,Bolivia,108.20991577335917,0.6,0.5,0,A
2023-03-28,United Arab Emirates,Thailand,-80.12593695446458,-0.3999999999999999,1.0,0,H
2023-03-28,Uzbekistan,Venezuela,90.8900948619114,0.0,0.5,1,D
2023-03-28,Eswatini,Cape Verde,-19.71000059680796,-0.19999999999999996,0.5,1,A
2023-03-28,Jordan,Philippines,125.90632003506289,1.7999999999999998,0.5,1,H
2023-03-29,Rwanda,Benin,-8.444482736014152,1.0,0.5,0,D
2023-03-31,Nepal,Laos,42.3549775117051,1.2,1.0,0,H
2023-04-19,United States,Mexico,38.172712797379745,-0.20000000000000018,1.0,0,D
2023-06-07,Mexico,Guatemala,13.8802163796463,-0.3999999999999999,1.0,0,H
2023-06-09,Luxembourg,Malta,16.419536541297248,0.3999999999999999,0.5,0,A
2023-06-10,Panama,Nicaragua,24.85169784521895,-0.19999999999999996,0.5,0,H
2023-06-10,Mexico,Cameroon,29.30829176502789,1.2000000000000002,0.5,1,D
2023-06-11,Chile,Cuba,-61.4393249051941,-1.6,0.5,0,H
2023-06-11,Guatemala,Trinidad and Tobago,26.415763357224705,0.3999999999999999,0.5,1,A
2023-06-11,Tajikistan,Turkmenistan,25.88407993588976,0.6,0.5,1,D
2023-06-11,Uzbekistan,Oman,-19.716944971696194,-0.7999999999999998,0.5,0,H
2023-06-11,Mauritius,Pakistan,-20.992283985976428,0.8,0.5,0,H
2023-06-12,Germany,Ukraine,80.20893901880117,0.3999999999999999,1.0,0,D
2023-06-12,Morocco,Cape Verde,105.02509600997428,-0.6000000000000001,0.5,0,D
2023-06-13,Iran,Afghanistan,126.70352394791803,0.5999999999999999,0.5,1,H
2023-06-13,Curaçao,Costa Rica,-97.52583322161354,-1.2,0.5,1,D
2023-06-14,Pakistan,Kenya,-39.66386455583552,-0.8,0.5,1,A
2023-06-14,Mauritius,Djibouti,40.03062968365248,0.8,0.5,0,A
2023-06-14,Togo,Lesotho,21.376157637962706,-0.7999999999999999,0.5,1,H
2023-06-14,Guinea,Egypt,-108.80931065075697,-1.2,0.0,1,A
2023-06-14,Uzbekistan,Turkmenistan,82.8550503511126,1.4000000000000001,0.5,0,H
2023-06-14,Guinea-Bissau,São Tomé and Príncipe,53.231865805762936,0.6,1.0,0,H
2023-06-14,Oman,Tajikistan,57.04139052791015,1.0,0.5,1,D
2023-06-14,Malaysia,Solomon Islands,13.665255522996176,0.3999999999999999,0.5,0,H
2023-06-14,Uruguay,Nicaragua,58.852291790152094,0.20000000000000018,0.5,0,H
2023-06-14,Mozambique,Malawi,-12.718971243745727,-0.8,0.6666666666666666,0,D
2023-06-14,South Sudan,Gambia,-74.90800913733574,-0.19999999999999996,0.0,1,A
2023-06-14,Indonesia,Palestine,17.50669893723284,-0.7999999999999998,0.5,0,D
2023-06-14,DR Congo,Uganda,31.712621664020617,0.3999999999999999,0.5,1,H
2023-06-14,Netherlands,Croatia,46.1821388427054,0.3999999999999999,0.5,0,A
2023-06-15,Spain,Italy,8.363686756073093,-0.8,1.0,1,H
2023-06-15,Japan,El Salvador,176.60720365686234,0.8,0.5,0,H
2023-06-15,Vietnam,Hong Kong,93.1731605452278,0.6000000000000001,0.5,0,H
2023-06-15,Philippines,Nepal,-51.854531938634864,-2.0,0.5,0,H
2023-06-15,Jamaica,Qatar,-60.169370851279155,-0.20000000000000007,0.5,1,A
2023-06-15,Argentina,Australia,98.15713164799581,0.40000000000000013,1.0,1,H
2023-06-15,Costa Rica,Guatemala,11.069485644635279,0.0,0.5,1,A
2023-06-15,Cambodia,Bangladesh,21.718771000158085,-0.19999999999999996,0.0,0,A
2023-06-15,United States,Mexico,27.224971763009535,-0.19999999999999996,1.0,0,H
2023-06-15,Panama,Canada,-31.53704529145034,0.40000000000000013,0.5,1,A
2023-06-15,Honduras,Venezuela,-27.871139611109356,-0.8000000000000003,0.5,1,A
2023-06-16,Malta,England,-197.1686979946371,-1.5999999999999999,0.5,0,A
2023-06-16,North Macedonia,Ukraine,-17.750936833398328,0.3999999999999999,0.0,0,A
2023-06-16,Latvia,Turkey,-71.59935451557135,-1.2000000000000002,0.0,0,A
2023-06-16,Finland,Slovenia,-94.86814033627843,-1.8,0.5,0,H
2023-06-16,Denmark,Northern Ireland,135.42023005328883,-0.5999999999999999,0.5,0,H
2023-06-16,Andorra,Switzerland,-167.93249694103815,-1.4,0.5,0,A
2023-06-16,Greece,Republic of Ireland,40.586059599661894,-0.19999999999999996,0.5,0,H
2023-06-16,Belarus,Israel,-68.58403632876434,0.0,0.5,1,A
2023-06-16,Kosovo,Romania,-32.457691508104745,-1.0,0.5,0,D
2023-06-16,Kyrgyzstan,Iran,-125.35012351031014,-1.0,0.5,0,A
2023-06-16,San Marino,Kazakhstan,-136.13756225323596,-0.39999999999999997,0.5,1,A
2023-06-16,Gibraltar,France,-273.0985731901103,-1.4000000000000001,0.5,1,A
2023-06-16,Wales,Armenia,82.5087476648323,0.6,0.5,0,A
2023-06-16,Singapore,Papua New Guinea,-27.171690241789292,-0.7999999999999998,0.5,0,D
2023-06-16,Sweden,New Zealand,19.440063366213508,1.5999999999999999,0.5,0,H
2023-06-16,Antigua and Barbuda,Guadeloupe,30.495810109192462,0.0,1.0,1,A
2023-06-16,Martinique,Saint Lucia,-69.12545302456124,-2.1999999999999997,0.5,1,H
2023-06-16,Curaçao,Saint Kitts and Nevis,-52.87625506734139,-1.8,0.5,1,D
2023-06-16,China,Myanmar,119.22926523609681,0.6,0.5,0,H
2023-06-16,Chile,Dominican Republic,-15.590817723749979,0.6000000000000001,0.5,0,H
2023-06-16,Colombia,Iraq,3.637644309383859,-0.19999999999999973,0.5,1,H
2023-06-16,South Korea,Peru,52.98008956966214,-1.2,0.5,0,A
2023-06-16,Poland,Germany,-60.11162160868639,-0.40000000000000013,0.5,0,H
2023-06-16,Serbia,Jordan,24.70421518897183,-0.3999999999999999,0.5,1,H
2023-06-16,Taiwan,Thailand,-95.6377356088417,-0.7999999999999999,1.0,0,D
2023-06-17,Uzbekistan,Tajikistan,64.49048034219413,1.4000000000000001,0.5,0,H
2023-06-17,Portugal,Bosnia and Herzegovina,148.99741474775283,0.0,0.5,0,H
2023-06-17,Canton Ticino,Raetia,9.161357128468808,0.33333333333333337,0.5,0,A
2023-06-17,Turkmenistan,Oman,-87.47046667827385,-0.5999999999999999,0.5,1,A
2023-06-17,Djibouti,Pakistan,-19.805550319220174,0.6,0.5,1,H
2023-06-17,Benin,Senegal,-136.36549924225233,-2.0,0.0,0,D
2023-06-17,Zambia,Ivory Coast,-70.17131956315211,-0.5999999999999999,0.0,0,H
2023-06-17,Lesotho,Comoros,-17.094472450767626,0.0,0.0,1,A
2023-06-17,Botswana,Libya,7.591280291334215,-1.4,0.0,0,H
2023-06-17,South Africa,Morocco,-67.74560434805153,1.2000000000000002,0.0,0,H
2023-06-17,Iceland,Slovakia,-39.13062876561844,-0.3999999999999999,0.5,0,A
2023-06-17,Central African Republic,Angola,-68.16364189221508,0.6000000000000001,0.0,1,A
2023-06-17,Luxembourg,Liechtenstein,120.39691984799356,0.6,0.0,0,H
2023-06-17,Equatorial Guinea,Tunisia,-76.15321415260246,0.20000000000000018,0.25,0,H
2023-06-17,Lithuania,Bulgaria,-65.2815064859335,-0.9999999999999999,0.5,0,D
2023-06-17,Guyana,Grenada,60.88507489852759,0.3999999999999999,0.5,1,D
2023-06-17,Suriname,Puerto Rico,-45.31500215061442,-2.2,0.5,1,D
2023-06-17,Montenegro,Hungary,-104.24909799870125,-1.2,0.5,0,D
2023-06-17,Brazil,Guinea,162.5001585267305,0.19999999999999996,0.5,1,H
2023-06-17,Ecuador,Bolivia,120.96466722850096,0.7999999999999999,1.0,1,H
2023-06-17,French Guiana,Sint Maarten,20.791672205458553,-0.19999999999999996,0.5,1,H
2023-06-17,Cyprus,Georgia,-128.05753855052308,-1.2,0.5,0,A
2023-06-17,Faroe Islands,Czech Republic,-82.91293478447301,-0.3999999999999999,0.0,0,A
2023-06-17,Albania,Moldova,83.39277044936898,-0.19999999999999996,0.5,0,H
2023-06-17,Azerbaijan,Estonia,-35.46066581543778,0.40000000000000013,0.5,0,D
2023-06-17,Belgium,Austria,74.85536506977155,-0.3999999999999999,0.5,0,D
2023-06-17,Norway,Scotland,-19.624593713087734,-1.0,0.5,0,A
2023-06-18,Cape Verde,Burkina Faso,-28.906130722052467,-1.0,0.0,0,H
2023-06-18,Rwanda,Mozambique,42.88142835842086,0.7999999999999999,1.0,0,A
2023-06-18,Gabon,DR Congo,14.593861563789005,0.0,1.0,0,A
2023-06-18,Congo,Mali,-129.53531065043376,-0.6000000000000001,0.0,0,A
2023-06-18,Uganda,Algeria,-187.49359290004554,-1.2,0.0,1,A
2023-06-18,Tanzania,Niger,41.841369582721654,1.0,0.5,0,H
2023-06-18,Madagascar,Ghana,-105.55807290658458,-0.5999999999999999,0.0,0,D
2023-06-18,Eswatini,Togo,23.140446935987484,0.0,0.5,1,A
2023-06-18,Sierra Leone,Nigeria,-29.539836180563043,0.4,0.0,1,A
2023-06-18,Netherlands,Italy,43.573160175855264,0.19999999999999996,0.0,0,A
2023-06-18,Croatia,Spain,-7.848395388641393,0.6000000000000001,0.0,1,D
2023-06-18,Singapore,Solomon Islands,-32.007380768992334,-0.19999999999999996,0.5,0,D
2023-06-18,Paraguay,Nicaragua,-46.473979938250295,0.0,0.5,0,H
2023-06-18,Guatemala,Venezuela,83.22868363378166,-0.40000000000000013,0.5,1,A
2023-06-18,Egypt,South Sudan,170.32193229664176,2.4,0.5,0,H
2023-06-18,United States,Canada,27.947707734700543,0.40000000000000013,0.5,0,H
2023-06-18,Panama,Mexico,-32.01332814040393,0.19999999999999996,0.0,1,A
2023-06-18,Mauritius,Kenya,-59.45962259452267,-0.7999999999999999,0.5,0,H
2023-06-19,Turkey,Wales,43.002161292701885,1.5999999999999999,0.0,0,H
2023-06-19,Israel,Andorra,105.74092439935089,1.2,0.5,0,H
2023-06-19,Switzerland,Romania,77.50314081927104,0.3999999999999999,0.5,0,D
2023-06-19,Belarus,Kosovo,-49.80182701146305,-0.4,0.5,1,H
2023-06-19,Slovenia,Denmark,-39.36288339842099,1.2,0.5,0,D
2023-06-19,Northern Ireland,Kazakhstan,-21.723877973196977,0.0,0.5,0,A
2023-06-19,Finland,San Marino,166.05006755115642,1.0,0.5,0,H
2023-06-19,Armenia,Latvia,-13.313504702094633,0.6,0.5,0,H
2023-06-19,Hong Kong,Thailand,-110.75302013543683,0.0,0.5,0,A
2023-06-19,Ukraine,Malta,89.41219270427064,1.0,0.5,1,H
2023-06-19,France,Greece,111.87306859969362,1.0,0.5,0,H
2023-06-19,Republic of Ireland,Gibraltar,109.84198985301873,0.0,0.5,0,H
2023-06-19,Philippines,Taiwan,-18.2550387887909,-0.20000000000000007,0.5,0,A
2023-06-19,Macau,Myanmar,124.99249105878198,-0.4,0.5,1,A
2023-06-19,Jamaica,Jordan,-107.12684915925138,-1.2000000000000002,0.5,1,A
2023-06-19,Indonesia,Argentina,-121.63175761877096,-1.4000000000000001,0.5,0,A
2023-06-19,England,North Macedonia,154.2161284548422,1.0,0.5,0,H
2023-06-20,Faroe Islands,Albania,-59.61531786832097,-0.7999999999999999,0.5,0,A
2023-06-20,Moldova,Poland,-158.2115312161818,-0.7999999999999999,0.5,0,H
2023-06-20,Austria,Sweden,-17.597905539470503,0.20000000000000018,0.5,0,H
2023-06-20,Estonia,Belgium,-152.98478203549485,-0.6000000000000001,0.0,0,A
2023-06-20,Hungary,Lithuania,197.35753008572078,1.6,0.5,0,H
2023-06-20,Bulgaria,Serbia,-165.12982194945107,-1.4,0.5,0,D
2023-06-20,Iceland,Portugal,-191.99205940159436,-1.5999999999999999,0.5,0,A
2023-06-20,Uzbekistan,Iran,-43.02667729003315,0.6000000000000001,0.0,0,A
2023-06-20,Liechtenstein,Slovakia,-174.23294484813118,-1.8,0.5,0,A
2023-06-20,Kyrgyzstan,Oman,-84.07127375316782,-0.9999999999999999,0.5,1,A
2023-06-20,Burundi,Namibia,-18.098648844425043,-1.6,0.5,1,H
2023-06-20,Ethiopia,Malawi,32.290043342969966,0.3999999999999999,0.5,1,D
2023-06-20,Sudan,Mauritania,-54.552678717944445,-0.6000000000000001,0.0,1,A
2023-06-20,Norway,Cyprus,141.85250835401007,0.19999999999999996,0.5,0,H
2023-06-20,Bosnia and Herzegovina,Luxembourg,14.696179370361051,0.19999999999999996,1.0,0,A
2023-06-20,Scotland,Georgia,39.346047957006704,0.0,0.5,0,H
2023-06-20,Algeria,Tunisia,36.802022708602635,0.19999999999999996,1.0,0,D
2023-06-20,Uruguay,Cuba,60.71840687454278,0.0,0.5,0,H
2023-06-20,Guadeloupe,Guyana,-4.640298330756423,0.8,0.5,1,H
2023-06-20,Martinique,Puerto Rico,-75.67671403734676,-1.8,0.5,1,H
2023-06-20,Saint Kitts and Nevis,French Guiana,-22.14840741094372,0.6000000000000001,0.5,1,D
2023-06-20,Bolivia,Chile,-74.05365035112322,-1.4,0.0,0,D
2023-06-20,Brazil,Senegal,52.82555152641521,-0.6000000000000001,0.5,1,A
2023-06-20,China,Palestine,-50.4771978955971,-1.0,0.5,0,H
2023-06-20,Vietnam,Syria,132.54603643743553,1.0,0.5,0,H
2023-06-20,Germany,Colombia,8.405459150471415,-0.8000000000000003,0.5,0,A
2023-06-20,Haiti,Trinidad and Tobago,17.328559746999872,0.7999999999999998,0.5,1,D
2023-06-20,Japan,Peru,66.18175435254079,-0.3999999999999999,0.5,0,H
2023-06-20,Ecuador,Costa Rica,5.869333308985006,0.5999999999999999,0.5,1,H
2023-06-20,South Korea,El Salvador,151.00653313085536,0.8,0.5,0,D
2023-06-20,Malaysia,Papua New Guinea,39.27566323852352,0.3999999999999999,0.5,0,H
2023-06-20,Montenegro,Czech Republic,-46.09431401143115,-1.0,0.5,0,A
2023-06-21,Kuwait,Nepal,-0.8367506052525187,0.0,1.0,1,H
2023-06-21,India,Pakistan,79.03649720090903,2.0,0.5,0,H
2023-06-22,Lebanon,Bangladesh,-16.70962709420951,-1.4,0.5,1,H
2023-06-22,Maldives,Bhutan,-5.253368585274984,1.3,0.5,1,H
2023-06-24,United States,Jamaica,180.1737299576912,2.2,1.0,0,D
2023-06-24,Pakistan,Kuwait,-45.36469843397822,-2.6,0.5,1,A
2023-06-24,India,Nepal,68.41039935874915,0.6000000000000001,1.0,0,H
2023-06-25,Bhutan,Lebanon,45.324602315444054,-0.26666666666666666,0.5,1,A
2023-06-25,Bangladesh,Maldives,-64.62513431061052,-0.40000000000000013,0.3333333333333333,1,H
2023-06-25,Trinidad and Tobago,Saint Kitts and Nevis,24.5829090233467,0.0,1.0,1,H
2023-06-25,Haiti,Qatar,19.715921583289173,1.2000000000000002,0.5,1,H
2023-06-25,Mexico,Honduras,162.04245709201882,0.8,1.0,1,H
2023-06-26,El Salvador,Martinique,-53.44427806822523,-1.2,0.5,1,A
2023-06-26,Costa Rica,Panama,-1.7664951807375928,-0.3999999999999999,0.2,1,A
2023-06-27,Guatemala,Cuba,32.34293835323933,-0.19999999999999996,1.0,1,H
2023-06-27,Canada,Guadeloupe,94.25911211073867,0.0,0.5,0,D
2023-06-27,India,Kuwait,48.55336201518185,-0.20000000000000018,0.5,0,D
2023-06-27,Nepal,Pakistan,26.798902700793178,0.8,1.0,1,H
2023-06-28,Lebanon,Maldives,-37.23752034749509,0.0,0.5,1,H
2023-06-28,Bhutan,Bangladesh,26.440019191788906,-1.55,0.5,1,A
2023-06-28,Jamaica,Trinidad and Tobago,-91.66236264256736,-1.6,0.0,1,H
2023-06-28,United States,Saint Kitts and Nevis,122.14943494513727,0.6000000000000001,0.5,0,H
2023-06-29,Qatar,Honduras,107.6106252164625,0.0,1.0,1,D
2023-06-29,Haiti,Mexico,-27.143983297977456,0.6000000000000001,0.5,1,A
2023-06-30,El Salvador,Costa Rica,-108.20725442821504,0.0,0.0,1,D
2023-06-30,Martinique,Panama,-59.48024670680729,0.19999999999999996,0.0,1,A
2023-06-30,Székely Land,Chameria,0.0,0.0,0.5,0,H
2023-07-01,Chameria,Two Sicilies,-10.0,-1.0,0.5,1,H
2023-07-01,India,Lebanon,87.25961869033904,0.8,0.5,0,D
2023-07-01,Kuwait,Bangladesh,45.50112671495299,0.8,0.5,1,H
2023-07-01,Cuba,Guadeloupe,5.866992899835623,-0.19999999999999996,0.5,1,A
2023-07-01,Guatemala,Canada,-32.608957810883794,-0.8,0.5,1,D
2023-07-02,Honduras,Haiti,-133.97060595798894,-1.2,0.5,1,H
2023-07-02,Jamaica,Saint Kitts and Nevis,-29.29121145052477,0.0,0.5,1,H
2023-07-02,Mexico,Qatar,77.94839973583976,1.0,0.5,1,A
2023-07-02,Székely Land,Two Sicilies,20.28774368332006,3.0,0.5,0,H
2023-07-02,United States,Trinidad and Tobago,98.18026654703294,0.6000000000000001,1.0,0,H
2023-07-04,India,Kuwait,34.61862550287037,-0.3999999999999999,0.5,0,D
2023-07-04,Costa Rica,Martinique,43.10247506217661,-1.4,1.0,1,H
2023-07-04,Panama,El Salvador,135.15909962402156,1.4,0.5,1,D
2023-07-04,Guadeloupe,Guatemala,-47.120446953614874,0.6000000000000001,0.5,1,A
2023-07-04,Canada,Cuba,92.32848100980254,1.0,0.5,1,H
2023-07-05,Eswatini,Botswana,22.592626912655305,-0.19999999999999996,0.0,1,A
2023-07-05,South Africa,Namibia,91.53343972119592,0.8000000000000003,0.5,0,D
2023-07-06,Zambia,Malawi,87.88154784481799,1.2000000000000002,1.0,1,A
2023-07-06,Seychelles,Comoros,-27.69336149927426,0.20000000000000007,0.0,1,A
2023-07-07,Mozambique,Angola,-77.04820694312616,-0.8,0.0,1,D
2023-07-07,Mauritius,Lesotho,33.65845406065796,1.2,0.0,1,A
2023-07-08,Panama,Qatar,15.247145148918435,0.0,0.0,1,H
2023-07-08,Mexico,Costa Rica,58.80397975416099,1.0,1.0,1,H
2023-07-08,South Africa,Botswana,104.88069501814402,0.6000000000000001,1.0,0,H
2023-07-08,Namibia,Eswatini,17.203808872030322,0.8,0.5,1,A
2023-07-09,Guatemala,Jamaica,79.97607599622006,0.6000000000000001,0.5,1,A
2023-07-09,United States,Canada,51.62639123615236,1.0,0.6666666666666666,0,D
2023-07-09,Åland Islands,Isle of Wight,0.0,0.0,0.5,1,A
2023-07-09,Guernsey,Western Isles,-9.696671453123145,0.0,0.5,0,H
2023-07-09,Isle of Man,Falkland Islands,0.0,0.0,0.5,1,H
2023-07-09,Ynys Môn,Shetland,0.0,0.0,0.5,1,H
2023-07-09,Orkney,Greenland,0.0,0.0,0.5,1,D
2023-07-09,Jersey,Gozo,29.408927769803086,2.0,0.5,1,H
2023-07-09,Menorca,Saint Helena,0.0,0.0,0.5,1,H
2023-07-09,Zambia,Comoros,35.7075289946481,0.6000000000000001,1.0,1,H
2023-07-09,Malawi,Seychelles,18.88222267443075,0.19999999999999996,0.5,1,H
2023-07-10,Angola,Mauritius,56.106324942973515,0.0,0.5,1,A
2023-07-10,Jersey,Menorca,28.564486600806276,0.0,0.5,1,H
2023-07-10,Mozambique,Lesotho,-4.850978524317725,0.4,1.0,1,A
2023-07-10,Gozo,Saint Helena,0.8444411689968092,0.0,0.5,1,H
2023-07-10,Western Isles,Isle of Wight,-20.279020197550608,-3.0,0.5,1,A
2023-07-10,Shetland,Isle of Man,-20.0,-3.0,0.5,1,H
2023-07-10,Falkland Islands,Ynys Môn,-20.0,-3.0,0.5,1,A
2023-07-10,Guernsey,Åland Islands,10.582348744427463,1.5,0.5,0,H
2023-07-10,Greenland,Frøya,0.0,0.0,0.5,1,H
2023-07-11,Guernsey,Isle of Wight,-9.139126381620372,-1.2,0.5,0,A
2023-07-11,Åland Islands,Western Isles,0.0004953235984430648,0.0,0.5,1,A
2023-07-11,Falkland Islands,Shetland,-20.0,-1.5,0.5,1,A
2023-07-11,Isle of Man,Ynys Môn,-20.0,-1.5,0.5,1,A
2023-07-11,Frøya,Orkney,-10.0,-1.0,0.5,1,A
2023-07-11,Menorca,Gozo,0.00016835995211295085,0.0,0.5,1,A
2023-07-11,Saint Helena,Jersey,-67.71987707185735,-3.0,0.5,1,A
2023-07-11,Namibia,Botswana,15.072730385959176,-0.19999999999999996,0.5,1,D
2023-07-11,South Africa,Eswatini,100.16177499519767,1.4000000000000001,1.0,0,H
2023-07-11,Malawi,Comoros,-8.787429893072158,0.40000000000000013,1.0,1,H
2023-07-11,Seychelles,Zambia,-100.24301840421163,-1.5999999999999999,0.5,1,A
2023-07-12,Mauritius,Mozambique,38.039298766833326,0.8,0.5,1,A
2023-07-12,Angola,Lesotho,46.37191742773757,-0.19999999999999996,0.5,1,H
2023-07-12,United States,Panama,79.47101134614081,0.20000000000000018,0.6666666666666666,0,D
2023-07-12,Jamaica,Mexico,-104.93301848517399,-0.3999999999999999,0.0,1,A
2023-07-13,Isle of Wight,Jersey,-26.665360944316262,0.0,0.5,1,A
2023-07-13,Frøya,Saint Helena,8.33861796049814,0.0,0.5,1,H
2023-07-13,Åland Islands,Falkland Islands,-0.8455464858693631,0.0,0.5,1,D
2023-07-13,Western Isles,Menorca,-0.5162905010824943,0.0,0.5,1,H
2023-07-13,Orkney,Isle of Man,19.71225631667994,1.0,0.5,1,A
2023-07-13,Shetland,Greenland,0.0,0.0,0.5,1,H
2023-07-13,Guernsey,Gozo,-10.279298124526804,-0.8,0.5,0,H
2023-07-14,South Africa,Zambia,72.14108665528624,0.20000000000000018,0.0,0,A
2023-07-14,Ynys Môn,Jersey,-36.20339637334473,0.0,0.5,1,A
2023-07-14,Malawi,Lesotho,25.652456991076633,1.0000000000000002,0.0,1,D
2023-07-16,Lesotho,Zambia,-96.34857332274464,-1.0,0.3333333333333333,1,A
2023-07-16,Kernow,Sápmi,0.0,0.0,0.5,0,H
2023-07-16,Mexico,Panama,41.87011336111959,0.19999999999999973,1.0,1,H
2023-07-16,South Africa,Malawi,120.21709398557414,-0.20000000000000018,0.5,0,D
2023-08-02,Ethiopia,Guyana,-4.926448050060344,0.0,0.5,1,H
2023-08-04,Tamil Eelam,Hmong,0.0,0.0,0.5,1,H
2023-08-05,Hmong,Tibet,-9.720531583800039,-1.0,0.5,1,H
2023-08-06,Raetia,Canton Ticino,11.365890787930766,1.25,1.0,0,H
2023-08-06,Tibet,Tamil Eelam,-20.55917482754944,-2.5,0.5,1,A
2023-08-08,Tamil Eelam,Hmong,19.129242677768616,1.5,1.0,1,H
2023-08-24,Comoros,Mayotte,-39.07356564721431,0.19999999999999996,0.5,1,D
2023-08-24,Madagascar,Seychelles,4.663306069747023,0.4,0.5,0,H
2023-08-26,Réunion,Mayotte,1.1199101051486196,0.0,0.5,1,D
2023-08-26,Madagascar,Mauritius,-26.110137211399888,0.19999999999999996,0.5,0,D
2023-08-27,Bolivia,Panama,-135.79368373272837,-0.8,0.5,0,A
2023-08-28,Comoros,Réunion,-37.92142204978131,0.3999999999999999,0.5,1,D
2023-08-28,Mauritius,Seychelles,49.754919338090076,0.7999999999999999,0.5,1,H
2023-08-28,Tahiti,Cook Islands,-9.029130822109892,0.75,0.5,0,H
2023-08-31,Tahiti,Cook Islands,11.49051075014404,1.2,1.0,0,H
2023-08-31,Madagascar,Comoros,-30.45103096173102,0.0,0.5,0,H
2023-08-31,Réunion,Mauritius,33.01055951295211,-0.3999999999999999,0.5,1,H
2023-09-02,Comoros,Mauritius,-4.558042674421586,-0.9999999999999999,0.5,1,A
2023-09-02,Madagascar,Réunion,-64.37666243098965,-0.06666666666666665,0.5,0,H
2023-09-03,Bangladesh,Afghanistan,-28.4397448316563,1.6,0.5,0,D
2023-09-03,Guatemala,Honduras,112.51535217139667,0.5999999999999999,0.5,1,D
2023-09-04,Mozambique,Benin,-39.93487467357613,1.0,1.0,0,H
2023-09-06,Syria,Malaysia,-153.2839318022352,-1.7999999999999998,0.5,1,D
2023-09-06,Libya,Equatorial Guinea,-106.49536093404686,-1.0000000000000002,0.0,0,D
2023-09-06,Malta,Gibraltar,61.00642095304602,0.0,1.0,0,H
2023-09-06,Macau,Bhutan,20.643800134176217,-0.2,0.5,0,A
2023-09-06,Oman,Palestine,33.58550904328308,0.0,0.5,0,H
2023-09-07,Netherlands,Greece,88.54186341643458,-0.5999999999999999,0.5,0,H
2023-09-07,Angola,Madagascar,55.321887426818876,-0.6000000000000001,0.5,0,D
2023-09-07,Algeria,Tanzania,160.3566379405056,0.19999999999999996,1.0,0,D
2023-09-07,Niger,Uganda,-23.217170885008727,-0.6,0.5,1,A
2023-09-07,Tunisia,Botswana,128.22151808262902,0.6000000000000001,0.5,0,H
2023-09-07,France,Republic of Ireland,170.08048700738277,0.8,1.0,0,H
2023-09-07,Czech Republic,Albania,38.99360408891903,0.19999999999999996,1.0,0,D
2023-09-07,Ghana,Central African Republic,90.19762872392562,0.20000000000000018,0.5,0,H
2023-09-07,Serbia,Hungary,20.054119000796845,0.0,0.5,0,A
2023-09-07,Lithuania,Montenegro,-95.11543773712629,-0.4,0.5,0,D
2023-09-07,Kazakhstan,Finland,-13.549936890733079,0.0,0.0,0,A
2023-09-07,Denmark,San Marino,279.3778549770716,1.4,0.5,0,H
2023-09-07,Thailand,Lebanon,106.29258423577812,-0.6000000000000001,0.5,0,H
2023-09-07,Iraq,India,15.081025242707028,0.0,0.5,1,D
2023-09-07,Poland,Faroe Islands,113.1821915166961,0.7999999999999999,0.5,0,H
2023-09-07,Wales,South Korea,-66.49587221972638,0.4,0.5,0,D
2023-09-07,Slovenia,Northern Ireland,119.13777727917045,1.4,0.5,0,H
2023-09-07,Norway,Jordan,-27.473974598214227,-0.8,0.5,0,H
2023-09-07,Qatar,Kenya,21.26883074388047,0.0,0.5,0,A
2023-09-07,Trinidad and Tobago,Curaçao,64.54315416146324,0.9999999999999999,0.5,0,H
2023-09-07,Guatemala,El Salvador,121.74935469567367,1.0,0.6666666666666666,0,H
2023-09-07,Sint Maarten,Saint Lucia,-14.80223982653115,-0.6000000000000001,0.5,1,A
2023-09-07,Saint Kitts and Nevis,Guadeloupe,-7.942533352808596,-1.6,0.5,0,A
2023-09-07,Anguilla,Saint Martin,-43.618962945140765,-0.6,0.5,0,A
2023-09-07,United States Virgin Islands,Cayman Islands,-17.70827951608203,0.0,0.5,0,D
2023-09-07,Panama,Martinique,90.43809172376882,-0.19999999999999996,1.0,0,H
2023-09-07,Paraguay,Peru,-66.10795212073731,-0.5999999999999999,0.0,0,D
2023-09-07,Argentina,Ecuador,132.52086793214562,0.8,1.0,0,H
2023-09-07,Austria,Moldova,150.59496232389392,1.6,1.0,0,D
2023-09-07,Bahrain,Kuwait,48.582780771770786,-0.8000000000000003,1.0,1,A
2023-09-07,Bangladesh,Afghanistan,-26.806268223451298,0.9999999999999999,0.5,0,D
2023-09-07,Bulgaria,Iran,-176.6678687835406,-2.0,0.5,0,A
2023-09-07,Cambodia,Hong Kong,0.16679949293120444,0.7999999999999999,0.0,0,D
2023-09-07,Colombia,Venezuela,104.21766386077707,-0.3999999999999999,1.0,0,H
2023-09-08,Burkina Faso,Eswatini,77.60076825295073,1.4,1.0,1,D
2023-09-08,Egypt,Ethiopia,142.86581995686743,1.6,0.0,0,H
2023-09-08,Mali,South Sudan,144.3589740441796,1.4,1.0,0,H
2023-09-08,Georgia,Spain,-95.19205527549798,-0.20000000000000018,0.0,0,A
2023-09-08,Bosnia and Herzegovina,Liechtenstein,143.37164169947982,0.6,0.5,0,H
2023-09-08,Croatia,Latvia,162.66632642179934,2.0,0.5,0,H
2023-09-08,Turkey,Armenia,99.23421486471307,1.0,1.0,0,D
2023-09-08,Luxembourg,Iceland,31.783737808162414,0.7999999999999999,0.5,0,H
2023-09-08,Slovakia,Portugal,-134.71267383154122,-0.19999999999999973,0.5,0,A
2023-09-08,Singapore,Tajikistan,2.4191387032581133,0.6,0.0,0,A
2023-09-08,Cyprus,Scotland,-195.3508161690986,-1.5999999999999999,0.0,0,A
2023-09-08,Myanmar,Nepal,-89.90147892048753,-0.3999999999999999,0.5,0,D
2023-09-08,Brazil,Bolivia,240.74987192258413,0.5999999999999999,1.0,0,H
2023-09-08,Costa Rica,Saudi Arabia,17.217640808875103,0.20000000000000007,0.5,1,H
2023-09-08,Taiwan,Philippines,37.20516023449227,0.7999999999999999,1.0,0,D
2023-09-08,Uruguay,Chile,98.57866658456965,0.3999999999999999,1.0,0,H
2023-09-08,Belize,Saint Vincent and the Grenadines,10.415137768294244,-0.6000000000000001,0.5,0,A
2023-09-08,Bermuda,French Guiana,-81.41039061557376,-1.4000000000000001,0.5,0,D
2023-09-08,Dominican Republic,Nicaragua,-6.6888078625777325,0.19999999999999996,0.5,0,A
2023-09-08,Barbados,Montserrat,-70.93692001825207,0.19999999999999996,0.5,0,A
2023-09-08,Jamaica,Honduras,46.86526068521039,1.0,1.0,0,H
2023-09-08,Grenada,Suriname,-70.36396397893577,0.19999999999999996,0.5,0,D
2023-09-08,Haiti,Cuba,59.48856388809372,1.4,0.5,1,D
2023-09-08,Indonesia,Turkmenistan,97.88688899973181,0.8,0.5,0,H
2023-09-09,DR Congo,Sudan,78.71141811543134,1.8,0.0,0,H
2023-09-09,Rwanda,Senegal,-163.32574346627393,-1.0,0.0,0,D
2023-09-09,Ukraine,England,-115.83580340096614,-0.7999999999999998,0.0,1,D
2023-09-09,North Macedonia,Italy,-120.28015358904577,0.0,1.0,0,D
2023-09-09,Romania,Israel,-9.14269979642404,0.8000000000000003,0.5,0,D
2023-09-09,Estonia,Sweden,-95.32566646291093,-1.0,0.0,0,A
2023-09-09,Andorra,Belarus,-39.52522801590203,-0.39999999999999997,0.5,0,D
2023-09-09,Kosovo,Switzerland,-117.32706790057864,-1.2,0.5,0,D
2023-09-09,Azerbaijan,Belgium,-192.27208353724814,-0.8000000000000003,0.5,0,A
2023-09-09,Comoros,Zambia,-108.98322132442559,-2.0,0.0,0,D
2023-09-09,Mauritania,Gabon,-1.0277542934124995,0.19999999999999996,0.5,0,H
2023-09-09,Malawi,Guinea,-14.83076487717176,1.0000000000000002,0.0,0,D
2023-09-09,United States,Uzbekistan,72.7313254621788,-0.19999999999999996,0.5,0,H
2023-09-09,South Africa,Namibia,96.20005541975979,0.6000000000000001,0.5,0,D
2023-09-09,Mexico,Australia,40.03113930127324,1.2,0.5,1,D
2023-09-09,Germany,Japan,-40.91792224801384,-0.8,0.0,0,A
2023-09-09,China,Malaysia,-55.1797355851545,-0.6000000000000001,0.5,0,D
2023-09-09,British Virgin Islands,Turks and Caicos Islands,-29.613747978986567,-1.4,0.5,0,H
2023-09-09,Bahamas,Puerto Rico,-90.81606539657173,-1.8,0.0,0,A
2023-09-09,Antigua and Barbuda,Guyana,24.3798618699509,-0.4,0.5,0,A
2023-09-09,Ivory Coast,Lesotho,134.09205030122325,0.40000000000000013,0.5,0,H
2023-09-10,Albania,Poland,-42.70058367672368,0.19999999999999996,0.0,0,H
2023-09-10,Montenegro,Bulgaria,26.903920847986456,0.6,1.0,0,H
2023-09-10,Lithuania,Serbia,-213.88546840234426,-1.4,0.0,0,A
2023-09-10,Thailand,Iraq,17.331563278751673,0.0,0.5,0,D
2023-09-10,San Marino,Slovenia,-252.30723725921484,-2.0,0.0,0,A
2023-09-10,Lebanon,India,-88.8129006285892,0.6000000000000001,0.5,1,H
2023-09-10,Faroe Islands,Moldova,5.568404993111699,-1.0,1.0,0,A
2023-09-10,Finland,Denmark,-95.94597727081168,0.3999999999999999,0.5,0,A
2023-09-10,Greece,Gibraltar,168.91177340248282,1.4,1.0,0,H
2023-09-10,Kazakhstan,Northern Ireland,37.56408552616131,1.2000000000000002,1.0,0,H
2023-09-10,Gambia,Congo,94.16459459296516,0.5999999999999999,0.5,1,D
2023-09-10,El Salvador,Trinidad and Tobago,-120.37787748841856,-0.7999999999999999,1.0,0,A
2023-09-10,Martinique,Curaçao,6.2691733132003264,0.7999999999999999,0.5,0,H
2023-09-10,Guadeloupe,Sint Maarten,18.615638043321496,0.8,0.5,0,H
2023-09-10,Guatemala,Panama,-16.10933220405559,-0.3999999999999999,0.5,0,D
2023-09-10,Hungary,Czech Republic,60.201545425912855,0.3999999999999999,0.5,0,D
2023-09-10,Nigeria,São Tomé and Príncipe,97.76978610050833,1.0,1.0,0,H
2023-09-10,Togo,Cape Verde,-64.81611974494717,-0.6000000000000001,0.0,0,H
2023-09-10,Saint Lucia,Saint Kitts and Nevis,42.82043554636857,1.6,0.5,0,H
2023-09-10,Republic of Ireland,Netherlands,-145.94239676852635,0.0,0.5,0,A
2023-09-11,Vietnam,Palestine,32.75252036744746,0.6000000000000001,0.5,0,H
2023-09-11,Slovakia,Liechtenstein,184.75408719474558,2.0,1.0,0,H
2023-09-11,Portugal,Luxembourg,167.3772446600342,1.2,1.0,0,H
2023-09-11,Iceland,Bosnia and Herzegovina,-40.81491347514998,-0.6,0.0,0,H
2023-09-11,Latvia,Wales,-53.67090666624267,-1.0,0.0,0,A
2023-09-11,Armenia,Croatia,-158.0654752447242,-0.6000000000000001,0.5,0,A
2023-09-11,Guinea-Bissau,Sierra Leone,20.265033623553336,0.5999999999999999,0.5,0,H
2023-09-11,Kuwait,Kyrgyzstan,46.63994259580454,2.0,0.5,1,A
2023-09-11,Hong Kong,Brunei,-1.2342632352649616,0.4,0.5,0,H
2023-09-11,Cambodia,Macau,-26.62376963050633,0.8,0.5,0,H
2023-09-11,Cayman Islands,Aruba,-19.35342963434755,-0.20000000000000007,0.0,0,A
2023-09-11,Saint Martin,Bonaire,-5.269142039540839,0.0,0.5,1,H
2023-09-11,Nicaragua,Barbados,91.10287417029895,-0.19999999999999996,0.5,0,H
2023-09-11,Dominican Republic,Montserrat,-22.11021649240547,-0.3999999999999999,0.5,0,H
2023-09-11,Myanmar,Nepal,-84.83882320465909,0.19999999999999996,0.5,0,H
2023-09-12,United Arab Emirates,Costa Rica,-27.87159565962338,-0.3999999999999999,0.5,1,H
2023-09-12,South Korea,Saudi Arabia,70.49620269703655,0.6,0.5,1,H
2023-09-12,Mexico,Uzbekistan,55.21723914443055,0.19999999999999996,0.5,1,D
2023-09-12,Morocco,Burkina Faso,71.35254348840886,-0.6000000000000001,1.0,1,H
2023-09-12,Philippines,Afghanistan,-29.231303266914665,0.20000000000000007,0.5,0,H
2023-09-12,Senegal,Algeria,-18.849751637396366,0.0,0.5,0,A
2023-09-12,Singapore,Taiwan,10.506948427911084,-0.40000000000000013,0.5,0,H
2023-09-12,South Africa,DR Congo,68.21916407860817,-1.0,0.5,0,H
2023-09-12,United States,Oman,66.57144133664974,0.20000000000000018,0.5,0,H
2023-09-12,Kenya,South Sudan,78.57957336906338,1.2000000000000002,1.0,0,A
2023-09-12,Norway,Georgia,33.96796636849126,0.0,0.5,0,H
2023-09-12,Spain,Cyprus,245.68228421868548,1.8,0.5,0,H
2023-09-12,Italy,Ukraine,63.691061280108215,-0.20000000000000018,0.5,0,H
2023-09-12,Malta,North Macedonia,-49.40055932769815,-0.19999999999999996,0.0,0,A
2023-09-12,Belgium,Estonia,176.99897072552835,2.4,1.0,0,H
2023-09-12,Sweden,Austria,7.990877187606657,-0.40000000000000013,0.0,0,A
2023-09-12,Switzerland,Andorra,179.41985337613073,1.8000000000000003,1.0,0,H
2023-09-12,Israel,Belarus,81.1796438192257,0.8,1.0,0,H
2023-09-12,Romania,Kosovo,41.2217202560505,1.0,0.5,0,H
2023-09-12,Cameroon,Burundi,54.89208807212799,0.3999999999999999,1.0,0,H
2023-09-12,Japan,Turkey,66.00294673228677,0.0,0.5,1,H
2023-09-12,Scotland,England,-59.1722974692068,0.3999999999999999,0.5,0,A
2023-09-12,Ghana,Liberia,103.7666065446565,1.2000000000000002,0.5,0,H
2023-09-12,Honduras,Grenada,-0.8062712319965613,0.0,1.0,0,H
2023-09-12,Saint Vincent and the Grenadines,Bermuda,-22.955596550160635,1.2,0.5,0,H
2023-09-12,French Guiana,Belize,109.94777993209095,1.0,1.0,0,A
2023-09-12,Guyana,Bahamas,45.16026023288828,0.8,1.0,0,H
2023-09-12,Puerto Rico,Antigua and Barbuda,57.565164883457555,1.4,0.5,1,H
2023-09-12,Turks and Caicos Islands,Dominica,-20.50432344051319,0.8,0.5,0,A
2023-09-12,Bolivia,Argentina,-291.1629787141169,-2.2,0.0,0,A
2023-09-12,Ecuador,Uruguay,-40.02875559023573,-0.8,0.5,0,H
2023-09-12,Jamaica,Haiti,-46.26944835319682,1.4,0.5,0,D
2023-09-12,Venezuela,Paraguay,6.50079380668717,1.2,0.0,0,H
2023-09-12,Chile,Colombia,-113.67735526142951,-0.6000000000000001,0.0,0,D
2023-09-12,Azerbaijan,Jordan,-138.3168035438357,-0.3999999999999999,0.5,0,H
2023-09-12,Bahrain,Turkmenistan,90.5403617562149,0.6000000000000001,1.0,1,D
2023-09-12,Iran,Angola,121.44107760285897,1.4,0.5,0,H
2023-09-12,China,Syria,91.38662561939714,0.8,1.0,0,A
2023-09-12,Egypt,Tunisia,16.92655543944352,1.0,0.0,0,A
2023-09-12,Germany,France,-105.96327202494876,-2.8,0.0,0,H
2023-09-12,Qatar,Russia,-38.029697101699185,-1.0,0.5,0,D
2023-09-12,Peru,Brazil,-124.72218159284216,-0.3999999999999999,0.0,0,A
2023-09-12,Cuba,Suriname,-12.81827610951973,-0.8,0.5,0,H
2023-10-08,New Caledonia,Vanuatu,-26.52001819637985,-0.15000000000000002,0.5,0,H
2023-10-08,Papua New Guinea,Solomon Islands,-14.352334958623487,0.0,0.0,1,A
2023-10-10,China,Vietnam,-71.3643594237426,-0.6000000000000001,0.5,0,H
2023-10-11,Wales,Gibraltar,152.22085698643878,1.4,0.5,0,H
2023-10-11,Solomon Islands,Vanuatu,63.87978092222306,1.4,1.0,1,H
2023-10-11,New Caledonia,Papua New Guinea,-35.34952436518461,-0.19999999999999996,0.0,0,H
2023-10-12,Singapore,Guam,43.55585558292705,1.6,0.5,0,H
2023-10-12,Yemen,Sri Lanka,-6.093917225588484,-0.8,0.5,1,H
2023-10-12,Algeria,Cape Verde,98.3164675588016,0.6000000000000001,0.5,0,H
2023-10-12,Bahrain,Kyrgyzstan,58.56123036492818,0.0,1.0,0,H
2023-10-12,Egypt,Zambia,71.18459017219789,-0.20000000000000018,0.5,1,H
2023-10-12,Georgia,Thailand,-56.45176344550032,-0.8,0.5,0,H
2023-10-12,Montenegro,Lebanon,16.971259040440827,-1.0,0.5,0,H
2023-10-12,Russia,Cameroon,-15.052395260744333,-0.20000000000000018,0.5,0,H
2023-10-12,Cyprus,Norway,-182.74145422166202,-1.8,0.0,0,A
2023-10-12,Spain,Scotland,52.74900626452768,-0.3999999999999999,0.0,0,H
2023-10-12,Latvia,Armenia,-18.593100168689034,-1.6,0.0,0,H
2023-10-12,Croatia,Turkey,78.25643705330708,1.2000000000000002,1.0,0,A
2023-10-12,Faroe Islands,Poland,-125.82538064933988,-1.8,0.0,0,A
2023-10-12,Albania,Czech Republic,-27.25106290589588,0.19999999999999996,0.0,0,H
2023-10-12,Andorra,Kosovo,-65.03279753081597,-0.19999999999999996,0.5,0,A
2023-10-12,Belarus,Romania,-89.08727214785813,-1.0,0.0,1,D
2023-10-12,Sweden,Moldova,130.03166413307872,0.19999999999999996,1.0,0,H
2023-10-12,Nepal,Laos,24.67160399728573,0.0,1.0,0,D
2023-10-12,Brazil,Venezuela,177.3130691097624,-0.19999999999999996,1.0,0,D
2023-10-12,Maldives,Bangladesh,26.231145276088455,-0.40000000000000013,0.5,0,D
2023-10-12,Suriname,Haiti,-52.323775672494094,0.0,0.5,0,D
2023-10-12,Grenada,Jamaica,-74.72458263633916,-1.0,0.5,0,A
2023-10-12,Cuba,Honduras,54.701533986573395,-0.8,0.5,1,D
2023-10-12,Myanmar,Macau,-61.80842828970185,1.6,1.0,0,H
2023-10-12,Saint Lucia,Guadeloupe,14.644051987763532,0.3999999999999999,0.5,0,H
2023-10-12,Bonaire,Anguilla,56.23865855832264,0.7999999999999999,0.5,0,H
2023-10-12,Dominica,British Virgin Islands,37.82800568005132,0.0,0.5,1,D
2023-10-12,Colombia,Uruguay,8.612920352835545,0.20000000000000018,0.0,0,D
2023-10-12,Sint Maarten,Saint Kitts and Nevis,8.178786417099445,1.2,0.5,1,A
2023-10-12,Argentina,Paraguay,242.44554736216924,2.2,1.0,0,H
2023-10-12,Chile,Peru,-41.4154190257143,0.6000000000000001,0.5,0,H
2023-10-12,Afghanistan,Mongolia,-3.6474590565371727,-0.20000000000000007,0.5,1,H
2023-10-12,Cambodia,Pakistan,26.997842783934857,1.4,0.5,0,D
2023-10-12,Taiwan,Timor-Leste,28.840650205200973,1.0,0.5,0,H
2023-10-12,Hong Kong,Bhutan,-17.28859859534532,0.0,0.5,0,H
2023-10-12,Indonesia,Brunei,134.85273237146134,1.6,1.0,0,H
2023-10-12,Bolivia,Ecuador,-160.22039431715166,-2.1999999999999997,0.0,0,A
2023-10-13,Nigeria,Saudi Arabia,37.21863031483076,1.8,0.5,1,D
2023-10-13,South Africa,Eswatini,102.33921961723331,0.8,1.0,0,D
2023-10-13,Vietnam,Uzbekistan,-1.413981790506341,0.40000000000000013,0.5,1,A
2023-10-13,Republic of Ireland,Greece,-53.908399389575834,-0.7999999999999999,0.0,0,A
2023-10-13,Estonia,Azerbaijan,6.123609268847986,-0.6000000000000001,0.5,0,A
2023-10-13,Liechtenstein,Bosnia and Herzegovina,-149.52045376459137,-0.6,0.0,0,A
2023-10-13,Iceland,Luxembourg,-33.266276101151334,-0.6000000000000001,0.0,0,D
2023-10-13,Portugal,Slovakia,147.71541526296255,0.6000000000000001,1.0,0,H
2023-10-13,Angola,Mozambique,49.16262511418154,-1.0,1.0,1,D
2023-10-13,Mali,Uganda,139.04316683078264,0.8,1.0,0,H
2023-10-13,Austria,Belgium,-70.09282328497738,-0.3999999999999999,0.5,0,A
2023-10-13,South Korea,Tunisia,-49.9898391341294,-1.0,0.5,0,H
2023-10-13,Netherlands,France,-16.072288305597567,-0.5999999999999999,0.0,0,A
2023-10-13,Iraq,Qatar,37.14748221769605,0.0,0.5,1,D
2023-10-13,Curaçao,Panama,-120.97195643345071,-1.2000000000000002,0.0,0,A
2023-10-13,Martinique,El Salvador,62.264258856321476,0.7999999999999999,1.0,0,H
2023-10-13,Montserrat,Nicaragua,-22.265463020234165,0.19999999999999996,0.5,1,A
2023-10-13,Barbados,Dominican Republic,-82.87092029585028,-0.5999999999999999,0.5,0,A
2023-10-13,Saint Vincent and the Grenadines,French Guiana,-76.04081688043175,0.3999999999999999,0.5,0,A
2023-10-13,Trinidad and Tobago,Guatemala,-8.432260186322083,0.19999999999999996,1.0,0,H
2023-10-13,Belize,Bermuda,-9.417085960342774,0.39999999999999997,0.5,0,A
2023-10-13,DR Congo,New Zealand,-14.146784690719642,1.2,0.5,1,D
2023-10-13,England,Australia,84.93596323355291,1.8,0.5,0,H
2023-10-13,Equatorial Guinea,Burkina Faso,-6.304239303855866,1.2000000000000002,0.5,0,D
2023-10-13,Guinea,Guinea-Bissau,-9.244147224149629,-0.6000000000000001,0.5,1,H
2023-10-13,Japan,Canada,41.85713740071856,1.2,0.0,0,H
2023-10-14,Italy,Malta,179.79552245773903,0.8,1.0,0,H
2023-10-14,New Caledonia,Solomon Islands,-66.04403103329855,-0.19999999999999996,0.0,0,A
2023-10-14,Papua New Guinea,Vanuatu,27.52105203641895,0.20000000000000007,1.0,1,A
2023-10-14,Denmark,Kazakhstan,127.09987571025431,-0.3999999999999999,0.0,0,H
2023-10-14,Slovenia,Finland,73.3012030954817,-0.3999999999999999,0.0,0,H
2023-10-14,Northern Ireland,San Marino,114.64049329814975,0.0,1.0,0,H
2023-10-14,Hungary,Serbia,-5.135942101128421,0.20000000000000018,0.6666666666666666,0,H
2023-10-14,Bulgaria,Lithuania,58.16119673883327,-0.19999999999999996,0.5,0,A
2023-10-14,Ukraine,North Macedonia,33.15444374475783,0.20000000000000018,1.0,1,H
2023-10-14,Mexico,Ghana,74.11408446865221,0.0,0.5,1,H
2023-10-14,Sierra Leone,Benin,-11.190116960337264,0.20000000000000007,1.0,1,D
2023-10-14,Niger,Somalia,-50.09247486295817,0.0,0.5,1,H
2023-10-14,Mauritania,Madagascar,55.893089753049935,-0.20000000000000018,0.5,1,H
2023-10-14,Liberia,Libya,-31.87243366463599,-0.4,1.0,1,A
2023-10-14,Ivory Coast,Morocco,-63.505310482264576,0.19999999999999996,0.5,0,D
2023-10-14,Aruba,United States Virgin Islands,45.48675937276607,1.2,0.5,0,H
2023-10-14,Bahamas,Antigua and Barbuda,-48.48831972391963,-0.39999999999999997,0.5,0,A
2023-10-14,Puerto Rico,Guyana,60.19459165940452,0.6000000000000001,1.0,0,A
2023-10-14,United States,Germany,74.3519431495447,1.4000000000000001,0.5,0,A
2023-10-15,Norway,Spain,-74.07962703430394,-0.20000000000000018,0.0,0,A
2023-10-15,Switzerland,Belarus,152.6065484721421,1.2000000000000002,1.0,0,D
2023-10-15,Romania,Andorra,129.5330587808744,1.2,1.0,0,H
2023-10-15,Czech Republic,Faroe Islands,128.56775290936866,1.6,1.0,0,H
2023-10-15,Turkey,Latvia,111.56339276073481,1.4,1.0,0,H
2023-10-15,Wales,Croatia,-99.43953712279904,-0.6000000000000001,0.5,0,H
2023-10-15,Georgia,Cyprus,147.51033620250405,1.2,1.0,0,H
2023-10-15,Poland,Moldova,124.02503262107848,0.40000000000000013,0.0,0,D
2023-10-15,Kyrgyzstan,Philippines,23.18229802969904,-0.7999999999999999,0.5,1,A
2023-10-15,Saint Kitts and Nevis,Sint Maarten,12.291935427652106,0.0,1.0,0,A
2023-10-15,Guadeloupe,Saint Lucia,-33.80157143239899,-0.5999999999999999,0.0,0,H
2023-10-15,Suriname,Grenada,75.39893668769832,0.19999999999999996,0.5,0,H
2023-10-15,Haiti,Jamaica,34.24506996070113,-1.4,0.5,1,A
2023-10-15,Honduras,Cuba,-51.57842377231054,0.6000000000000001,0.5,0,H
2023-10-15,Sudan,Tanzania,-61.63978891198303,-0.7999999999999999,0.5,1,D
2023-10-16,Bosnia and Herzegovina,Portugal,-193.25796319615347,-1.8,0.0,0,A
2023-10-16,Iceland,Liechtenstein,137.9426771618971,0.8,1.0,0,H
2023-10-16,Belgium,Sweden,84.14848815881942,0.8,1.0,0,D
2023-10-16,Azerbaijan,Austria,-105.4537878163726,-0.20000000000000018,0.0,0,A
2023-10-16,Greece,Netherlands,-86.09598904474296,0.6000000000000001,0.0,0,A
2023-10-16,Gibraltar,Republic of Ireland,-123.39836239513488,-0.6,0.0,1,A
2023-10-16,Senegal,Cameroon,51.898615562766736,0.6000000000000001,0.5,1,H
2023-10-16,Mozambique,Nigeria,-68.50200510089849,-0.3999999999999999,0.5,1,A
2023-10-16,Luxembourg,Slovakia,-25.67618502450091,0.19999999999999996,0.5,0,A
2023-10-16,Kenya,Russia,-59.642373192281184,-0.6000000000000001,0.5,1,D
2023-10-16,Botswana,Eswatini,-22.759204808218556,0.3999999999999999,1.0,0,H
2023-10-16,Algeria,Egypt,26.191929718769416,-0.19999999999999973,0.5,1,D
2023-10-16,Turks and Caicos Islands,British Virgin Islands,-2.5818580093446144,0.8,0.0,0,D
2023-10-16,Saint Martin,Anguilla,79.66812125714046,1.8,1.0,1,H
2023-10-16,French Guiana,Saint Vincent and the Grenadines,91.73213369989094,0.20000000000000018,1.0,1,H
2023-10-16,Nicaragua,Montserrat,40.985511673403835,1.0,1.0,0,H
2023-10-16,Dominican Republic,Barbados,98.18894166916334,1.2000000000000002,1.0,0,H
2023-10-16,China,Uzbekistan,-58.68639605913995,0.6000000000000001,0.5,0,A
2023-10-17,Mexico,Germany,27.07210530460884,1.0000000000000002,0.5,1,D
2023-10-17,Mali,Saudi Arabia,111.14271224727099,2.1999999999999997,0.5,1,H
2023-10-17,Libya,Niger,35.67930512351586,0.20000000000000007,1.0,1,D
2023-10-17,South Korea,Vietnam,38.04268031344259,-0.19999999999999996,0.5,0,H
2023-10-17,Estonia,Thailand,-124.53811388120266,-1.4000000000000001,0.5,0,D
2023-10-17,Guinea,Gabon,6.076931504448794,0.19999999999999996,0.5,1,D
2023-10-17,France,Scotland,93.81902216830804,0.5999999999999999,0.5,0,H
2023-10-17,Somalia,Sierra Leone,-9.27595077861406,-1.0,0.5,1,A
2023-10-17,Cape Verde,Comoros,95.46017964617863,0.7999999999999999,0.5,0,A
2023-10-17,Ivory Coast,South Africa,-8.639776804965095,0.8,0.5,0,D
2023-10-17,Sudan,Chad,-31.750454692909216,0.4,0.5,1,H
2023-10-17,Morocco,Liberia,233.3061148490906,1.0,1.0,0,H
2023-10-17,United Arab Emirates,Lebanon,61.311247196442764,0.20000000000000018,1.0,0,H
2023-10-17,United States,Ghana,112.97524909766162,0.0,0.5,0,H
2023-10-17,Zambia,Uganda,92.50268989339861,0.8,0.5,1,H
2023-10-17,England,Italy,48.19986637427451,0.6000000000000001,0.5,0,H
2023-10-17,Malta,Ukraine,-114.02128406406587,-1.4,0.0,0,A
2023-10-17,Serbia,Montenegro,99.74493998202206,-0.20000000000000018,1.0,0,H
2023-10-17,Lithuania,Hungary,-216.2774824558776,-1.2000000000000002,0.0,0,D
2023-10-17,Finland,Kazakhstan,15.116444120094684,0.0,1.0,0,A
2023-10-17,Northern Ireland,Slovenia,-146.35790288328576,-1.4,0.0,0,A
2023-10-17,San Marino,Denmark,-310.4622871996553,-2.6,0.0,0,A
2023-10-17,Burkina Faso,Mauritania,35.60308148926492,-1.4,0.5,1,H
2023-10-17,Syria,Kuwait,-74.39913898048417,-0.20000000000000018,0.5,1,A
2023-10-17,Benin,Madagascar,22.090104170165887,-0.8,0.6666666666666666,1,A
2023-10-17,North Macedonia,Armenia,42.28453751198958,-0.5999999999999999,0.6666666666666666,0,H
2023-10-17,Australia,New Zealand,43.08304383639302,-0.19999999999999996,1.0,1,H
2023-10-17,El Salvador,Martinique,-78.71792431739118,-0.7999999999999999,0.0,0,D
2023-10-17,Panama,Guatemala,32.07766902574281,1.0,0.5,0,H
2023-10-17,Curaçao,Trinidad and Tobago,-114.25202834440756,-1.4,0.0,0,H
2023-10-17,Bermuda,Belize,28.87512762783217,0.20000000000000007,1.0,0,D
2023-10-17,Antigua and Barbuda,Bahamas,65.71508922018847,0.39999999999999997,1.0,0,D
2023-10-17,Guyana,Puerto Rico,-36.76377149440259,0.40000000000000013,0.5,1,H
2023-10-17,Cayman Islands,United States Virgin Islands,15.944466898412884,0.2,0.5,0,H
2023-10-17,Venezuela,Chile,-4.54601573863556,0.3999999999999999,0.5,0,H
2023-10-17,Ecuador,Colombia,-20.40994944851832,0.19999999999999973,0.5,0,D
2023-10-17,Paraguay,Bolivia,56.741665262228935,0.6000000000000001,0.5,0,H
2023-10-17,Peru,Argentina,-191.99837612078863,-2.2,0.0,0,A
2023-10-17,Uruguay,Brazil,-75.55672772636376,0.0,0.0,0,H
2023-10-17,Bahrain,Philippines,87.73778654055013,-0.6000000000000001,0.5,0,H
2023-10-17,Bhutan,Hong Kong,-3.7057925326239456,-0.7999999999999999,0.0,0,H
2023-10-17,Angola,DR Congo,-9.137149981274206,-1.0,0.0,1,D
2023-10-17,Albania,Bulgaria,98.04691674501123,2.2,0.5,0,H
2023-10-17,Taiwan,Timor-Leste,47.184251743212144,1.0,1.0,0,H
2023-10-17,Pakistan,Cambodia,-25.446842534112193,-0.8,0.5,0,H
2023-10-17,Mongolia,Afghanistan,-16.562497851474745,-0.4,0.0,0,A
2023-10-17,Sri Lanka,Yemen,-14.25684087997297,-0.39999999999999997,0.0,0,D
2023-10-17,Laos,Nepal,-23.253774643237193,0.0,0.0,0,A
2023-10-17,Guam,Singapore,-61.0616318003249,-1.6,0.0,0,A
2023-10-17,Brunei,Indonesia,-147.45766526048078,-1.6,0.0,0,A
2023-10-17,Bangladesh,Maldives,-24.724021694044268,-0.19999999999999996,0.5,0,H
2023-10-17,Macau,Myanmar,38.28751435790241,-2.0,0.0,0,D
2023-10-23,United Arab Emirates,Kuwait,8.862360219603033,0.20000000000000018,0.0,0,H
2023-11-11,Guatemala,Jamaica,18.316886650122797,-1.0,0.0,1,D
2023-11-12,Kosovo,Israel,-58.21263515984492,-1.0,0.5,0,H
2023-11-15,Belgium,Serbia,41.19388133979078,1.2000000000000002,0.5,0,H
2023-11-15,Israel,Switzerland,-66.05601072022046,0.19999999999999996,0.0,1,D
2023-11-15,Equatorial Guinea,Namibia,55.63079626876265,1.6,0.5,0,A
2023-11-15,Ethiopia,Sierra Leone,5.091656037823668,-0.5999999999999999,0.5,1,D
2023-11-15,DR Congo,Mauritania,-2.3271002769013194,-0.3999999999999999,1.0,0,H
2023-11-15,Rwanda,Zimbabwe,24.1207546592359,-0.4,0.5,0,D
2023-11-16,Gabon,Kenya,-10.650919832099135,-0.5999999999999999,0.5,0,H
2023-11-16,Lebanon,Palestine,-73.40151529183004,0.0,0.5,1,D
2023-11-16,Yemen,Bahrain,-122.73456486290661,-1.2,0.5,1,A
2023-11-16,Australia,Bangladesh,120.55931050699496,-0.3999999999999999,0.5,0,H
2023-11-16,Egypt,Djibouti,178.6163347601489,0.8,0.5,0,H
2023-11-16,Sudan,Togo,-70.71636026428905,-0.6000000000000001,0.5,1,D
2023-11-16,Nigeria,Lesotho,97.1776915943376,1.8,1.0,0,D
2023-11-16,Cape Verde,Angola,26.859490206342798,-0.3999999999999999,0.5,0,D
2023-11-16,Burundi,Gambia,-40.681292415275266,-0.8,0.5,1,H
2023-11-16,Botswana,Mozambique,35.89582743799042,0.0,0.5,0,A
2023-11-16,Liechtenstein,Portugal,-365.8401786667275,-3.0,0.0,0,A
2023-11-16,Curaçao,El Salvador,48.8775326844559,0.4,0.5,0,D
2023-11-16,Norway,Faroe Islands,171.5425462838523,2.4,0.5,0,H
2023-11-16,Cyprus,Spain,-281.0669837922967,-2.6,0.0,0,A
2023-11-16,Georgia,Scotland,-36.57345292308014,0.0,0.0,0,D
2023-11-16,Estonia,Austria,-123.2988600088056,-1.8,0.0,0,A
2023-11-16,Azerbaijan,Sweden,-116.84752517349898,0.0,0.0,0,H
2023-11-16,Bulgaria,Hungary,-183.1553305385787,-2.0,0.0,0,D
2023-11-16,Montenegro,Lithuania,88.63875161556234,0.3999999999999999,0.5,0,H
2023-11-16,United Arab Emirates,Nepal,70.67429897386705,1.0,0.5,0,H
2023-11-16,Luxembourg,Bosnia and Herzegovina,3.577564832358803,0.19999999999999996,0.5,0,H
2023-11-16,Slovakia,Iceland,60.06970990220748,0.40000000000000013,1.0,0,H
2023-11-16,Algeria,Somalia,211.8417781499736,1.8,0.5,0,H
2023-11-16,Saudi Arabia,Pakistan,47.13228893935093,-0.6000000000000001,0.5,0,H
2023-11-16,Iran,Hong Kong,188.1039687809291,1.6,1.0,0,H
2023-11-16,Philippines,Vietnam,-84.65943212819593,0.19999999999999996,0.0,0,A
2023-11-16,Sint Maarten,Guadeloupe,-38.81784797434989,-1.2000000000000002,0.0,1,A
2023-11-16,Saint Kitts and Nevis,Saint Lucia,-59.09511055624148,-1.2000000000000002,0.0,0,D
2023-11-16,United States Virgin Islands,Aruba,-72.4245927279103,-1.6,0.0,0,A
2023-11-16,British Virgin Islands,Dominica,-35.733325015031596,0.0,0.5,0,A
2023-11-16,Tajikistan,Jordan,-45.736333954561815,-0.19999999999999996,0.5,0,D
2023-11-16,United States,Trinidad and Tobago,107.84624684819937,0.19999999999999996,1.0,0,H
2023-11-16,Bolivia,Peru,-118.53525473778177,-0.2,0.3333333333333333,0,H
2023-11-16,Venezuela,Ecuador,-70.51522108162885,0.0,0.5,0,D
2023-11-16,Colombia,Brazil,-55.88522507077391,0.40000000000000013,0.0,0,H
2023-11-16,Argentina,Uruguay,116.0691291185401,1.0,1.0,0,A
2023-11-16,Costa Rica,Panama,-62.14584181858231,-1.2000000000000002,0.16666666666666666,0,A
2023-11-16,Qatar,Afghanistan,39.943307489196286,-0.6000000000000001,0.5,0,H
2023-11-16,Chile,Paraguay,20.832966706146863,-0.3999999999999999,0.75,0,D
2023-11-16,Iraq,Indonesia,-24.632814241385177,-1.4,0.5,0,H
2023-11-16,Turkmenistan,Uzbekistan,-121.73689164021766,-0.9999999999999999,0.0,0,A
2023-11-16,Malaysia,Kyrgyzstan,99.413620388151,1.6,0.5,0,H
2023-11-16,Oman,Taiwan,88.07490999477318,0.0,0.5,0,H
2023-11-16,Kuwait,India,-22.363531721031222,0.5999999999999999,0.5,0,A
2023-11-16,Thailand,China,53.4649550281149,0.20000000000000018,0.5,0,A
2023-11-16,Syria,North Korea,-76.55026072668011,-0.19999999999999996,0.5,1,H
2023-11-16,Japan,Myanmar,235.9107233329728,0.7999999999999998,1.0,0,H
2023-11-16,South Korea,Singapore,82.20997562788511,0.20000000000000018,0.5,0,H
2023-11-17,Ghana,Madagascar,62.33389230994908,-0.6000000000000001,1.0,0,H
2023-11-17,Mali,Chad,159.9849046773627,2.1999999999999997,1.0,0,H
2023-11-17,Greece,New Zealand,25.100076900772137,0.19999999999999996,0.5,0,H
2023-11-17,England,Malta,253.9328182485724,2.0,1.0,0,H
2023-11-17,Italy,North Macedonia,110.10021836808073,0.6000000000000001,0.0,0,H
2023-11-17,Poland,Czech Republic,0.43030656912492304,-0.20000000000000018,0.0,0,D
2023-11-17,Finland,Northern Ireland,52.80008710282573,0.6,1.0,0,H
2023-11-17,Denmark,Slovenia,32.68188103036914,0.0,0.5,0,H
2023-11-17,Kazakhstan,San Marino,183.67228973058104,1.8,1.0,0,H
2023-11-17,Comoros,Central African Republic,34.038493564013834,-0.3999999999999999,0.5,0,H
2023-11-17,Solomon Islands,Samoa,51.125490209363534,1.0,0.5,0,H
2023-11-17,Moldova,Albania,-111.8491750690498,-1.0,0.0,0,D
2023-11-17,Papua New Guinea,Tuvalu,-20.509042636701224,-0.8,0.5,1,H
2023-11-17,Tunisia,São Tomé and Príncipe,200.1208412458584,1.2,0.5,0,H
2023-11-17,Guinea,Uganda,59.27624165803422,0.4,0.5,1,H
2023-11-17,Liberia,Malawi,-70.5646404283093,-1.6,0.5,0,A
2023-11-17,Montserrat,Dominican Republic,-32.25245912941455,-1.0,0.0,0,H
2023-11-17,Bermuda,Saint Vincent and the Grenadines,25.801004212076123,-0.3999999999999999,0.0,0,H
2023-11-17,Belize,French Guiana,-107.98673562210888,-0.8,0.5,0,H
2023-11-17,Honduras,Mexico,-164.73429366487517,-0.19999999999999996,0.0,0,H
2023-11-17,Barbados,Nicaragua,-139.06717345758534,-1.7999999999999998,0.0,0,A
2023-11-17,Eswatini,Libya,25.76967302804337,0.0,0.5,1,A
2023-11-17,Cameroon,Mauritius,81.58058639230626,-0.5999999999999999,0.5,0,H
2023-11-17,Zambia,Congo,100.48829717550711,1.2,1.0,0,H
2023-11-17,Ivory Coast,Seychelles,183.94340972109876,1.6,0.5,0,H
2023-11-17,Burkina Faso,Guinea-Bissau,77.22925726357266,-0.8,0.5,1,D
2023-11-18,Armenia,Wales,-90.00169475275061,-1.2,1.0,0,D
2023-11-18,New Caledonia,Tonga,-31.16188015118223,0.8,0.5,1,H
2023-11-18,Israel,Romania,-6.204813433557774,-0.19999999999999996,0.5,1,A
2023-11-18,Switzerland,Kosovo,99.07000332617554,0.0,0.5,0,D
2023-11-18,Belarus,Andorra,56.0300555824947,1.0,0.5,1,H
2023-11-18,Latvia,Croatia,-159.49820589422507,-0.7999999999999999,0.0,0,A
2023-11-18,Netherlands,Republic of Ireland,157.90681988262554,0.6000000000000001,1.0,0,H
2023-11-18,Fiji,Northern Mariana Islands,-8.798858510143418,-0.19999999999999996,0.5,1,H
2023-11-18,Germany,Turkey,22.286681431966826,-0.6000000000000001,0.5,0,A
2023-11-18,Niger,Tanzania,-58.87956556477798,-0.8,0.0,1,A
2023-11-18,South Africa,Benin,131.02798900182643,0.7999999999999999,0.5,0,H
2023-11-18,Senegal,South Sudan,168.37644181827773,1.0,0.5,0,H
2023-11-18,Jamaica,Canada,-67.57097679402887,1.0000000000000002,0.0,0,A
2023-11-18,Anguilla,Bonaire,-80.77561086325954,-1.2,0.0,0,A
2023-11-18,Antigua and Barbuda,Puerto Rico,-44.76762628537517,-0.3999999999999999,0.0,0,A
2023-11-18,France,Gibraltar,329.42588082776024,2.4,1.0,0,H
2023-11-19,Liechtenstein,Luxembourg,-178.33088315597433,-1.4,0.5,0,A
2023-11-19,Bosnia and Herzegovina,Slovakia,-65.96350653902277,-0.6000000000000001,0.0,0,A
2023-11-19,Portugal,Iceland,225.9040995267344,1.6,1.0,0,H
2023-11-19,Serbia,Bulgaria,167.07778377970408,1.0,0.5,0,D
2023-11-19,Hungary,Montenegro,104.24663528014457,-0.19999999999999996,0.5,0,H
2023-11-19,Sweden,Estonia,113.93440123333062,1.2,1.0,0,H
2023-11-19,Belgium,Azerbaijan,191.8226228682222,0.8,1.0,0,H
2023-11-19,Scotland,Norway,-1.596921375372176,-1.5999999999999999,1.0,0,D
2023-11-19,Spain,Georgia,123.83305071190534,1.6,1.0,0,H
2023-11-19,Mozambique,Algeria,-199.78969956647938,-0.20000000000000018,0.5,0,A
2023-11-19,Burundi,Gabon,2.3135775565804124,0.5999999999999999,0.5,1,A
2023-11-19,Zimbabwe,Nigeria,-88.41083244246784,-1.2000000000000002,0.5,1,D
2023-11-19,Sudan,DR Congo,-81.73124040115977,-0.6000000000000001,0.5,1,H
2023-11-19,Sierra Leone,Egypt,-163.53474837635395,-1.0,0.5,1,A
2023-11-19,Saint Lucia,Sint Maarten,57.88243959632973,1.4,1.0,0,A
2023-11-19,Guadeloupe,Saint Kitts and Nevis,54.43587737739108,1.5999999999999999,1.0,0,H
2023-11-19,Cyprus,Lithuania,-17.432210292485706,-1.0,0.5,0,H
2023-11-20,North Macedonia,England,-186.2401663746507,-1.2000000000000002,0.0,0,D
2023-11-20,Ukraine,Italy,-67.73933726144537,0.0,0.0,1,D
2023-11-20,Albania,Faroe Islands,138.90814668869393,2.2,1.0,0,D
2023-11-20,Czech Republic,Moldova,113.64372598353748,0.0,0.5,0,H
2023-11-20,Slovenia,Kazakhstan,85.62633511497279,0.5999999999999999,1.0,0,H
2023-11-20,San Marino,Finland,-191.56749861909248,-1.2,0.0,0,A
2023-11-20,Samoa,American Samoa,-8.53901998178253,-1.0,0.5,1,H
2023-11-20,Tuvalu,Vanuatu,15.859547709028675,-1.2,0.5,1,A
2023-11-20,Russia,Cuba,79.47747567323927,0.8,0.5,0,H
2023-11-20,Northern Ireland,Denmark,-208.6340805437835,-2.4,0.0,0,H
2023-11-20,Curaçao,El Salvador,46.08233148311706,0.4,0.5,0,D
2023-11-20,Dominica,Turks and Caicos Islands,47.14168542238713,0.0,1.0,1,H
2023-11-20,Mali,Central African Republic,196.8490225515418,1.8,0.5,0,D
2023-11-20,Liberia,Equatorial Guinea,-142.23820598218913,-1.6,0.5,0,H
2023-11-20,Seychelles,Kenya,-100.53936717595593,-0.8,0.5,1,A
2023-11-20,Gambia,Ivory Coast,-63.07939678878142,-0.20000000000000018,0.5,1,A
2023-11-20,Djibouti,Guinea-Bissau,-46.438079601141226,-0.19999999999999996,0.5,1,A
2023-11-20,Trinidad and Tobago,United States,-121.83011054458984,-0.5999999999999999,0.0,0,H
2023-11-20,Panama,Costa Rica,78.60610998781999,1.4000000000000001,0.8571428571428571,0,H
2023-11-20,Aruba,Cayman Islands,45.34244978710399,1.0,1.0,0,H
2023-11-20,Montserrat,Barbados,97.55395885357666,1.2,1.0,0,H
2023-11-20,Chad,Madagascar,-10.452363691358414,-1.2,0.5,1,A
2023-11-21,Somalia,Uganda,4.392027241492997,-0.6,0.5,1,A
2023-11-21,Tanzania,Morocco,-154.85861247908065,0.0,0.5,0,A
2023-11-21,Niger,Zambia,-138.63717570601762,-1.2,0.5,1,H
2023-11-21,Mauritius,Angola,-43.128050837515275,0.5999999999999999,1.0,0,D
2023-11-21,Libya,Cameroon,-86.96268206570926,0.20000000000000018,0.5,0,D
2023-11-21,Togo,Senegal,-117.70399672934263,0.20000000000000018,0.0,0,D
2023-11-21,Rwanda,South Africa,-134.5565334987723,-1.0,0.5,0,H
2023-11-21,Lesotho,Benin,-16.78156594569259,0.0,0.0,1,D
2023-11-21,Botswana,Guinea,-36.494564531328706,-0.8,0.5,0,H
2023-11-21,South Sudan,Mauritania,-58.89711090264518,-1.2000000000000002,0.5,1,D
2023-11-21,Ethiopia,Burkina Faso,-88.87595865157641,-0.19999999999999996,0.5,1,A
2023-11-21,Eswatini,Cape Verde,-54.14929817570987,-0.4,0.0,1,A
2023-11-21,Malawi,Tunisia,-133.28191398228137,-0.19999999999999996,0.5,0,A
2023-11-21,Republic of Ireland,New Zealand,-28.033159741308737,-0.20000000000000007,0.5,0,D
2023-11-21,Comoros,Ghana,-62.62423382936504,-0.40000000000000013,1.0,0,H
2023-11-21,Austria,Germany,-14.386891371303363,0.6000000000000001,0.5,0,H
2023-11-21,Poland,Latvia,94.3446268814132,1.0,0.5,0,H
2023-11-21,Gibraltar,Netherlands,-302.84079393703246,-2.4,0.0,1,A
2023-11-21,Greece,France,-129.5103301799677,-0.5999999999999999,0.0,0,D
2023-11-21,Wales,Turkey,-52.89636050038166,0.20000000000000018,0.5,0,D
2023-11-21,Croatia,Armenia,167.041067430991,1.4,1.0,0,H
2023-11-21,Andorra,Israel,-134.77875292433987,-0.8,0.0,0,A
2023-11-21,Kosovo,Belarus,37.77309984438057,0.40000000000000013,0.0,0,A
2023-11-21,Romania,Switzerland,-43.49582663798628,0.8000000000000003,0.5,0,H
2023-11-21,Tonga,Cook Islands,19.034704170679333,0.0,0.5,1,A
2023-11-21,Bangladesh,Lebanon,1.4262571269803175,0.3999999999999999,0.0,0,D
2023-11-21,São Tomé and Príncipe,Namibia,-99.66909863530441,-1.0,0.5,1,A
2023-11-21,Palestine,Australia,-66.07341843545964,-0.9999999999999999,0.5,1,A
2023-11-21,Fiji,Tahiti,0.5542518608472164,-0.6000000000000001,0.5,1,D
2023-11-21,Bahrain,United Arab Emirates,22.56324041195967,-1.0,1.0,0,A
2023-11-21,Nepal,Yemen,26.72492167321957,0.19999999999999996,0.5,0,A
2023-11-21,Nicaragua,Dominican Republic,43.5084850910639,1.2,1.0,0,D
2023-11-21,Saint Vincent and the Grenadines,Belize,-20.854741012935392,-0.19999999999999996,1.0,0,H
2023-11-21,Guyana,Antigua and Barbuda,38.830852344114646,1.5999999999999999,1.0,1,H
2023-11-21,Puerto Rico,Bahamas,115.46289348231494,1.4,1.0,0,H
2023-11-21,Bonaire,Saint Martin,-6.669074404785761,-1.2,0.0,0,A
2023-11-21,Canada,Jamaica,83.72958969888396,0.0,1.0,0,A
2023-11-21,Mexico,Honduras,135.90347311850928,-0.8,0.8,0,H
2023-11-21,Ecuador,Chile,84.82760854443177,0.6000000000000001,1.0,0,H
2023-11-21,Paraguay,Colombia,-137.29612728491338,-0.8,0.0,0,A
2023-11-21,Uruguay,Bolivia,204.35147292219517,1.4,0.6666666666666666,0,H
2023-11-21,Peru,Venezuela,-6.804863640318217,-1.4000000000000001,1.0,0,D
2023-11-21,Brazil,Argentina,-63.16751432933711,-1.0,0.0,0,A
2023-11-21,French Guiana,Bermuda,58.4994825907263,-0.20000000000000018,0.5,1,H
2023-11-21,Afghanistan,Kuwait,-25.94644145150096,0.19999999999999996,0.5,1,A
2023-11-21,Jordan,Saudi Arabia,57.2450027171742,0.0,1.0,0,A
2023-11-21,Pakistan,Tajikistan,-78.56201859918087,-0.3999999999999999,0.5,0,A
2023-11-21,Vietnam,Iraq,-17.44048142312704,0.0,0.5,0,A
2023-11-21,India,Qatar,9.370336955621724,0.19999999999999996,0.0,0,A
2023-11-21,Hong Kong,Turkmenistan,-4.204029636088535,1.2,0.5,0,D
2023-11-21,Uzbekistan,Iran,-59.01637905805478,-1.0,0.0,0,D
2023-11-21,Philippines,Indonesia,-120.5379466676693,-0.40000000000000013,0.0,0,D
2023-11-21,Taiwan,Malaysia,-94.30528622309635,-0.8000000000000003,0.5,0,A
2023-11-21,Singapore,Thailand,-39.19247691587725,0.8,0.0,0,A
2023-11-21,China,South Korea,-88.7828286087788,-1.2000000000000002,0.0,0,A
2023-11-21,Syria,Japan,-210.13270008403265,-1.6,0.5,1,A
2023-11-21,Myanmar,North Korea,-86.17419318753991,1.6,0.5,0,A
2023-11-21,Kyrgyzstan,Oman,-122.64764767588099,-1.7999999999999998,0.0,0,H
2023-11-23,Vanuatu,Papua New Guinea,-6.073573419750801,0.6,0.5,1,D
2023-11-23,Solomon Islands,American Samoa,69.91023346885981,2.6,0.5,0,H
2023-11-24,Cook Islands,New Caledonia,0.8854640047209159,-1.05,0.5,1,A
2023-11-24,Northern Mariana Islands,Tahiti,-11.169237021037816,-2.0,0.5,1,A
2023-11-27,Cook Islands,Papua New Guinea,-19.313164827958644,-0.20000000000000007,0.5,1,A
2023-11-27,Tahiti,Samoa,8.887970564280522,1.1,0.5,1,H
2023-11-27,Northern Mariana Islands,American Samoa,-1.6715625389401794,0.0,0.5,1,H
2023-11-27,Tonga,Tuvalu,-0.3960582882345989,0.0,0.5,1,A
2023-11-28,New Caledonia,Vanuatu,5.5763285011971675,1.0,1.0,1,H
2023-11-28,Solomon Islands,Fiji,66.24066973851086,1.6,0.5,0,H
2023-11-30,American Samoa,Tonga,3.1220494075962506,0.0,0.5,1,A
2023-11-30,Northern Mariana Islands,Tuvalu,1.173449650491193,0.0,0.5,1,A
2023-11-30,Samoa,Cook Islands,30.81454627855851,0.4,0.5,1,H
2023-11-30,Tahiti,Papua New Guinea,20.988442322099218,1.2000000000000002,0.5,1,H
2023-12-01,Vanuatu,Fiji,-18.97989951151544,0.5999999999999999,0.5,1,A
2023-12-02,Solomon Islands,New Caledonia,76.19763287955698,0.6000000000000001,1.0,0,D
2023-12-16,Mexico,Colombia,1.3867350988891758,-0.19999999999999996,0.0,1,A
2024-01-01,Japan,Thailand,98.24785258657334,2.0,0.5,0,H
2024-01-01,China,Hong Kong,61.14081812969039,-0.19999999999999996,1.0,1,A
2024-01-02,Indonesia,Libya,91.5359390748265,0.19999999999999996,0.5,1,A
2024-01-04,Tajikistan,Hong Kong,55.88825753440187,0.20000000000000018,0.5,1,H
2024-01-04,Saudi Arabia,Lebanon,54.7331057363549,0.3999999999999999,0.5,1,H
2024-01-05,Qatar,Jordan,0.9956238798406503,0.8,0.5,0,A
2024-01-05,Kyrgyzstan,Syria,37.9254409203254,-0.19999999999999996,0.5,1,D
2024-01-05,Togo,Algeria,-154.04911050875648,-0.3999999999999999,0.5,0,A
2024-01-05,Indonesia,Libya,66.38533039872186,-0.8000000000000003,0.0,1,A
2024-01-05,Iran,Burkina Faso,69.43300146619526,1.0,0.5,0,H
2024-01-06,DR Congo,Angola,6.831758757261696,0.19999999999999996,1.0,1,D
2024-01-06,Iraq,South Korea,-36.48796972534956,-1.2,0.0,1,A
2024-01-06,Bahrain,Australia,-38.042793362358,0.0,0.5,1,A
2024-01-06,Mozambique,Lesotho,15.579776389061635,0.7999999999999999,0.5,1,H
2024-01-06,United Arab Emirates,Oman,-13.935289858499573,1.2,0.5,0,A
2024-01-06,Ivory Coast,Sierra Leone,131.88415119909314,1.2000000000000002,0.5,0,H
2024-01-06,Tunisia,Mauritania,122.74184779571078,1.0,1.0,0,D
2024-01-06,Mali,Guinea-Bissau,107.29078895353746,0.6000000000000001,0.5,0,H
2024-01-07,Uzbekistan,Palestine,77.06504152752314,2.0,0.5,1,H
2024-01-07,Egypt,Tanzania,153.12349183428523,0.3999999999999999,0.5,0,H
2024-01-08,Ghana,Namibia,3.881410939090074,-0.40000000000000013,0.5,0,D
2024-01-08,Senegal,Niger,189.34151616582267,0.20000000000000018,0.5,0,H
2024-01-08,Nigeria,Guinea,29.07728963573868,0.19999999999999996,0.5,1,A
2024-01-08,Botswana,Mozambique,20.14097424469128,0.0,0.0,1,D
2024-01-08,Syria,Malaysia,-144.6403352459754,-0.8000000000000003,0.5,1,D
2024-01-09,Japan,Jordan,112.0528581161775,2.2,0.5,1,H
2024-01-09,Kyrgyzstan,Vietnam,-68.30567754716026,0.20000000000000007,0.5,1,H
2024-01-09,Zambia,Cameroon,-12.359029522234096,0.0,0.5,1,D
2024-01-09,Equatorial Guinea,Djibouti,89.76427533480683,-0.19999999999999996,0.5,0,D
2024-01-09,Saudi Arabia,Palestine,9.912187659825122,1.8,1.0,1,D
2024-01-09,Burundi,Algeria,-171.58725889460106,-1.2000000000000002,0.5,1,A
2024-01-09,Indonesia,Iran,-110.09476125539686,-1.8,0.5,1,A
2024-01-10,Saudi Arabia,Hong Kong,62.17570060757066,1.2,0.5,1,H
2024-01-10,Bahrain,Angola,42.15483468612547,0.8,0.5,1,A
2024-01-10,Tunisia,Cape Verde,83.99941173406455,1.2,0.5,0,H
2024-01-10,South Africa,Lesotho,155.98439554282845,1.2000000000000002,1.0,0,D
2024-01-10,DR Congo,Burkina Faso,-55.60907677969021,-0.40000000000000013,0.0,1,A
2024-01-11,Morocco,Sierra Leone,194.5037098318544,1.0,0.5,1,H
2024-01-12,Qatar,Lebanon,88.11684625286603,1.2000000000000002,0.5,0,H
2024-01-12,Kuwait,Libya,7.869504496013633,-1.0000000000000002,0.5,1,A
2024-01-12,Sweden,Estonia,127.60121771417448,1.2,1.0,1,H
2024-01-13,China,Tajikistan,-26.636240131042086,-0.8,0.5,1,D
2024-01-13,Australia,India,73.76155074798476,1.4,0.5,1,H
2024-01-13,Uzbekistan,Syria,156.70805079666616,1.6,0.0,1,D
2024-01-13,Ivory Coast,Guinea-Bissau,110.16420512086506,0.8000000000000003,0.5,0,H
2024-01-13,Guatemala,Iceland,108.20440954506239,-0.3999999999999999,0.5,1,A
2024-01-14,Ghana,Cape Verde,-10.400618691591035,0.0,0.5,1,A
2024-01-14,Egypt,Mozambique,181.95921205479158,1.2000000000000002,0.5,1,D
2024-01-14,Nigeria,Equatorial Guinea,-7.69518927204399,0.6,0.5,1,D
2024-01-14,Iran,Palestine,155.20974199064153,2.2,0.5,1,H
2024-01-14,United Arab Emirates,Hong Kong,102.00258646380394,1.5999999999999999,0.5,1,H
2024-01-14,Japan,Vietnam,140.24807944749432,2.4,1.0,1,H
2024-01-15,Indonesia,Iraq,-32.06045179648959,-1.4000000000000001,0.0,1,A
2024-01-15,South Korea,Bahrain,86.01641403472627,1.8,0.5,1,H
2024-01-15,Malaysia,Jordan,34.15585480608706,1.0,0.0,1,A
2024-01-15,Senegal,Gambia,107.69889516182161,0.6000000000000001,0.5,1,H
2024-01-15,Cameroon,Guinea,45.32327581094273,-1.0,0.5,1,D
2024-01-15,Algeria,Angola,161.2830506307871,1.2000000000000002,0.5,1,D
2024-01-16,Thailand,Kyrgyzstan,65.05110749716368,-0.5999999999999999,0.5,1,H
2024-01-16,Saudi Arabia,Oman,-56.50182260959514,0.8,0.6666666666666666,1,H
2024-01-16,Burkina Faso,Mauritania,67.60866956408995,1.0,1.0,1,H
2024-01-16,Tunisia,Namibia,113.31468576018369,0.19999999999999996,0.5,1,A
2024-01-16,Mali,South Africa,34.23083841144489,1.4000000000000001,0.5,1,H
2024-01-17,Honduras,Iceland,24.22238191879501,0.6000000000000001,0.5,1,A
2024-01-17,DR Congo,Zambia,-42.39818142930926,-0.3999999999999999,0.5,1,D
2024-01-17,Qatar,Tajikistan,14.55297009035121,-0.20000000000000018,0.5,0,H
2024-01-17,Morocco,Tanzania,177.27020140035847,1.6,1.0,1,H
2024-01-17,Lebanon,China,-63.491561952962684,-0.4,0.5,1,D
2024-01-18,Syria,Australia,-166.73071765097689,-1.8,0.5,1,A
2024-01-18,India,Uzbekistan,-71.10038809734397,-1.4000000000000001,0.5,1,A
2024-01-18,Palestine,United Arab Emirates,-53.892935670653515,-2.0,0.5,1,D
2024-01-18,Equatorial Guinea,Guinea-Bissau,37.17235450369594,-0.20000000000000007,0.0,1,H
2024-01-18,Ivory Coast,Nigeria,94.10689135200732,1.4000000000000001,0.5,0,A
2024-01-18,Egypt,Ghana,132.02451196085053,1.4000000000000001,0.5,1,D
2024-01-19,Guinea,Gambia,-0.6472872820236262,0.8,0.0,1,H
2024-01-19,Senegal,Cameroon,79.60880398555446,1.4000000000000001,1.0,1,H
2024-01-19,Cape Verde,Mozambique,70.12545863855735,-0.20000000000000018,1.0,1,H
2024-01-19,Kuwait,Uganda,51.28506336320834,0.0,0.5,1,A
2024-01-19,Iraq,Japan,-97.91264132238712,-1.0,0.5,1,H
2024-01-19,Hong Kong,Iran,-229.22659357921657,-1.8,0.0,1,A
2024-01-19,Vietnam,Indonesia,-4.453679387678221,0.39999999999999997,1.0,1,A
2024-01-20,Tunisia,Mali,-8.424214628468008,-0.6000000000000001,0.6666666666666666,1,D
2024-01-20,Mauritania,Angola,-20.76882819872776,-0.9999999999999999,0.5,1,A
2024-01-20,United States,Slovenia,73.31781882649648,-0.5999999999999999,0.5,0,A
2024-01-20,Bahrain,Malaysia,-37.3767225613899,-1.0,1.0,1,H
2024-01-20,Jordan,South Korea,-75.9829287077273,-1.6,0.5,1,D
2024-01-20,Algeria,Burkina Faso,89.61650198263828,0.6000000000000001,0.5,1,D
2024-01-21,Oman,Thailand,9.79974393524708,-0.19999999999999996,1.0,1,D
2024-01-21,Kyrgyzstan,Saudi Arabia,-57.87167177815104,-1.2000000000000002,0.5,1,A
2024-01-21,South Africa,Namibia,43.171127404318895,-1.2000000000000002,0.5,1,H
2024-01-21,Morocco,DR Congo,162.39977413134443,1.6,1.0,1,D
2024-01-21,Zambia,Tanzania,65.43761216747112,0.8,0.5,1,D
2024-01-22,Cape Verde,Egypt,-90.58677678890399,-0.20000000000000018,0.5,1,D
2024-01-22,Mozambique,Ghana,-51.95901435440828,0.0,0.5,1,D
2024-01-22,Ivory Coast,Equatorial Guinea,65.27618099413075,1.4,1.0,0,A
2024-01-22,Qatar,China,51.047638302361975,1.4,0.5,0,H
2024-01-22,Tajikistan,Lebanon,77.20875750326627,1.0,0.5,1,H
2024-01-22,Guinea-Bissau,Nigeria,-51.49848288275143,-0.3999999999999999,0.3333333333333333,1,A
2024-01-23,Australia,Uzbekistan,16.03455540098298,0.7999999999999998,0.5,1,D
2024-01-23,Syria,India,-74.70934420054073,0.0,0.5,1,H
2024-01-23,Hong Kong,Palestine,-68.15774789468287,0.19999999999999996,0.5,1,A
2024-01-23,Iran,United Arab Emirates,118.68942324124964,0.6000000000000001,1.0,1,H
2024-01-23,Gambia,Cameroon,-44.35235163553807,-1.0,0.0,1,A
2024-01-23,Guinea,Senegal,-120.06708080747967,-0.6000000000000001,0.5,1,A
2024-01-23,Angola,Burkina Faso,-56.117078053962814,-0.19999999999999996,0.5,1,H
2024-01-23,Mauritania,Algeria,-180.26098130283253,-1.8000000000000003,0.0,1,H
2024-01-24,Zambia,Morocco,-119.93051425530643,-1.4000000000000001,0.5,1,A
2024-01-24,Tanzania,DR Congo,-27.96769344928657,0.20000000000000007,0.0,1,D
2024-01-24,South Africa,Tunisia,-35.321119651063555,-0.20000000000000018,0.5,1,D
2024-01-24,Japan,Indonesia,125.51510302139832,1.7999999999999998,0.5,1,H
2024-01-24,Iraq,Vietnam,77.29146650697885,1.7999999999999998,1.0,1,H
2024-01-24,Namibia,Mali,-103.95920142728914,-0.20000000000000018,0.0,1,D
2024-01-25,Jordan,Bahrain,16.261822292664647,0.7999999999999999,1.0,1,A
2024-01-25,South Korea,Malaysia,72.7058381566003,1.2000000000000002,0.5,1,D
2024-01-25,Kyrgyzstan,Oman,-99.21693144302776,0.0,0.5,1,D
2024-01-25,Saudi Arabia,Thailand,-15.410374680017412,1.2000000000000002,0.5,1,D
2024-01-27,Nigeria,Cameroon,-16.206904052725804,0.40000000000000013,0.0,1,H
2024-01-27,Angola,Namibia,16.132182295536495,0.6000000000000001,0.5,1,H
2024-01-28,Equatorial Guinea,Guinea,31.031966300237173,0.20000000000000018,0.5,1,A
2024-01-28,Egypt,DR Congo,130.1289546202495,1.0,0.5,1,D
2024-01-28,Australia,Indonesia,86.23859542490118,2.0,0.5,1,H
2024-01-28,Tajikistan,United Arab Emirates,-22.50367321990234,0.6000000000000001,0.0,1,D
2024-01-29,Iraq,Jordan,51.96606337187495,1.0,0.5,1,A
2024-01-29,Qatar,Palestine,47.9810345521023,1.4,0.5,0,H
2024-01-29,Cape Verde,Mauritania,47.3008102247511,1.0,0.5,1,H
2024-01-29,Ivory Coast,Senegal,-60.823923110425085,-0.8,0.5,0,D
2024-01-30,Saudi Arabia,South Korea,-83.08661984101036,0.0,0.0,1,D
2024-01-30,Uzbekistan,Thailand,44.13045534282105,0.19999999999999996,1.0,1,H
2024-01-30,Mali,Burkina Faso,49.10055072791488,0.40000000000000013,0.5,1,H
2024-01-30,Morocco,South Africa,84.73708473106103,1.6,0.5,1,A
2024-01-31,Iran,Syria,225.43262455131003,1.8,1.0,1,D
2024-01-31,Bahrain,Japan,-118.43881203470028,-1.2,0.5,1,A
2024-02-02,Tajikistan,Jordan,-34.486200718720966,0.20000000000000018,0.5,1,A
2024-02-02,DR Congo,Guinea,-15.902104416533803,-1.2,0.5,1,H
2024-02-02,Nigeria,Angola,-0.06662685754599806,-0.6000000000000001,0.5,1,H
2024-02-02,Australia,South Korea,0.5943459471270671,0.8,0.5,1,A
2024-02-03,Iran,Japan,-4.5722299785827545,0.20000000000000018,0.5,1,H
2024-02-03,Qatar,Uzbekistan,-44.96415987818273,0.19999999999999973,0.5,0,D
2024-02-03,Cape Verde,South Africa,-35.525641894239925,0.3999999999999999,0.5,1,D
2024-02-03,Ivory Coast,Mali,-41.442090037216985,-0.8000000000000003,0.5,0,H
2024-02-03,Costa Rica,El Salvador,98.19114346127549,0.0,1.0,0,H
2024-02-06,Jordan,South Korea,-67.257460200364,0.19999999999999996,0.5,1,H
2024-02-07,Nigeria,South Africa,-34.575118178485354,1.0,0.5,1,D
2024-02-07,Qatar,Iran,-114.67936052260052,0.0,0.5,0,H
2024-02-07,Ivory Coast,DR Congo,80.06822547924503,0.0,0.5,0,H
2024-02-10,Qatar,Jordan,1.488224035567555,0.6000000000000001,0.0,0,H
2024-02-10,South Africa,DR Congo,80.50190518825707,0.6000000000000001,1.0,1,D
2024-02-11,Ivory Coast,Nigeria,47.628479993971496,-1.2000000000000002,0.0,0,H
2024-03-01,Trinidad and Tobago,Jamaica,27.840350831065052,-0.19999999999999996,0.5,0,A
2024-03-03,Trinidad and Tobago,Jamaica,6.241152748906416,-0.8,0.3333333333333333,0,D
2024-03-14,Kazakhstan,Turkmenistan,19.600480622522582,1.4,0.5,1,H
2024-03-18,Solomon Islands,Fiji,70.86018758663522,1.2000000000000002,0.6666666666666666,0,H
2024-03-20,Djibouti,Liberia,27.242393998522175,0.7999999999999999,0.5,1,A
2024-03-20,Bonaire,El Salvador,100.75365113548924,0.6,0.5,1,D
2024-03-20,San Marino,Saint Kitts and Nevis,-185.89830662605482,-0.8,0.5,0,A
2024-03-20,Somalia,Eswatini,-38.42271317395648,-0.4,0.0,1,A
2024-03-20,Tonga,Samoa,-22.418440311460927,-0.75,0.5,0,A
2024-03-21,United Arab Emirates,Yemen,101.91699110233208,-0.3999999999999999,0.5,0,H
2024-03-21,Bahrain,Nepal,96.47529437501225,0.3999999999999999,0.5,0,H
2024-03-21,Saudi Arabia,Tajikistan,31.35495629563343,1.2000000000000002,0.5,0,H
2024-03-21,Australia,Lebanon,184.79726075426106,1.6,0.5,0,H
2024-03-21,Iraq,Philippines,132.68138231092303,0.40000000000000013,0.5,0,H
2024-03-21,Indonesia,Vietnam,17.904322022515316,0.6,0.3333333333333333,0,H
2024-03-21,Pakistan,Jordan,-146.0858858981651,-1.0,0.5,0,A
2024-03-21,Palestine,Bangladesh,47.36578843499797,-0.19999999999999996,1.0,1,H
2024-03-21,Hong Kong,Uzbekistan,-184.5697470196867,-1.8,0.5,0,A
2024-03-21,Cyprus,Latvia,-52.66514365190915,0.0,0.5,0,D
2024-03-21,Ecuador,Guatemala,57.652945782561574,1.8000000000000003,0.5,1,H
2024-03-21,Venezuela,Italy,-112.75104663152683,-0.19999999999999996,0.5,1,A
2024-03-21,Ethiopia,Lesotho,35.308904900583684,0.4,0.5,0,A
2024-03-21,Malta,Slovenia,-162.90212790561145,-1.7999999999999998,0.0,0,D
2024-03-21,Montenegro,Belarus,35.91123017419454,0.19999999999999996,0.5,1,H
2024-03-21,Portugal,Sweden,100.4102445333242,1.0,1.0,0,H
2024-03-21,Solomon Islands,Fiji,86.83677966611367,1.2000000000000002,0.75,0,A
2024-03-21,Belize,Puerto Rico,-108.39568313250857,-0.40000000000000013,0.5,0,D
2024-03-21,Iran,Turkmenistan,224.8282388497198,1.6,0.5,0,H
2024-03-21,Gibraltar,Lithuania,-34.02116663405809,-0.8,0.5,1,A
2024-03-21,Taiwan,Kyrgyzstan,1.660527409883798,0.19999999999999996,0.5,0,A
2024-03-21,Oman,Malaysia,6.91635255922688,0.0,0.5,0,H
2024-03-21,South Africa,Andorra,232.40332867723419,1.4,0.5,1,D
2024-03-21,Guinea,Vanuatu,48.01573207762908,0.0,0.5,1,H
2024-03-21,Panama,Mexico,-0.6831780181971681,1.2000000000000002,0.0,1,A
2024-03-21,United States,Jamaica,99.87263637242836,-0.40000000000000013,1.0,0,H
2024-03-21,Poland,Estonia,123.1771217774508,1.4000000000000001,0.5,0,H
2024-03-21,Wales,Finland,51.09094228482263,1.0000000000000002,1.0,0,H
2024-03-21,Israel,Iceland,55.988697688849015,-0.40000000000000013,0.5,1,A
2024-03-21,Cape Verde,Guyana,41.44319238839921,-0.7999999999999998,0.5,1,H
2024-03-21,Georgia,Luxembourg,58.118764714265126,0.0,0.5,0,H
2024-03-21,Greece,Kazakhstan,75.56270796842932,0.19999999999999996,0.5,0,H
2024-03-21,Qatar,Kuwait,103.08308901437363,2.0,1.0,0,H
2024-03-21,Afghanistan,India,-38.00161733585196,0.6,0.0,1,D
2024-03-21,Myanmar,Syria,-58.47578775131478,0.19999999999999996,0.5,0,D
2024-03-21,Japan,North Korea,165.61829371683484,0.30000000000000004,0.5,0,H
2024-03-21,South Korea,Thailand,73.05761561934605,0.19999999999999996,0.5,0,D
2024-03-21,Singapore,China,11.166223519622918,1.4,0.5,0,D
2024-03-21,Bosnia and Herzegovina,Ukraine,-120.54940765402625,-1.0,0.0,0,A
2024-03-22,Mauritania,Mali,-124.47891834853135,-0.8,0.0,1,A
2024-03-22,Morocco,Angola,115.48498481283741,0.0,0.5,0,H
2024-03-22,Netherlands,Scotland,83.33107483209756,2.0,0.5,0,H
2024-03-22,Niger,Togo,-77.36236105403259,-0.20000000000000018,0.5,1,A
2024-03-22,Nigeria,Ghana,39.150565238479885,1.4,0.5,1,H
2024-03-22,North Macedonia,Moldova,85.71133138062964,0.3999999999999999,0.5,1,D
2024-03-22,Spain,Colombia,44.372394595932064,0.7999999999999998,0.5,1,A
2024-03-22,Peru,Nicaragua,-35.77670741580346,-2.4,0.5,0,H
2024-03-22,Romania,Northern Ireland,115.68962246652768,1.4000000000000001,0.5,0,D
2024-03-22,Senegal,Gabon,129.77814590999355,1.2000000000000002,0.5,1,H
2024-03-22,Chad,Mauritius,-29.40590224271523,-1.2,0.5,1,H
2024-03-22,São Tomé and Príncipe,South Sudan,-44.99425151447417,-0.8,0.5,1,D
2024-03-22,Liechtenstein,Faroe Islands,-111.05085606878788,-0.2,0.0,1,A
2024-03-22,Norway,Czech Republic,28.584386208096248,0.3999999999999999,0.5,0,A
2024-03-22,Hungary,Turkey,21.703899151289306,-0.19999999999999996,1.0,0,H
2024-03-22,Sri Lanka,Papua New Guinea,-69.93797808623617,-1.2,0.5,0,D
2024-03-22,Burkina Faso,Libya,55.807025250657716,-1.2000000000000002,0.5,1,A
2024-03-22,Algeria,Bolivia,253.0177399541119,1.0,0.5,0,H
2024-03-22,Azerbaijan,Mongolia,7.258382837975205,1.2000000000000002,0.5,0,H
2024-03-22,Bulgaria,Tanzania,-53.072743868274756,0.0,0.5,1,H
2024-03-22,Egypt,New Zealand,125.72343860989395,0.9999999999999999,0.5,0,H
2024-03-22,Comoros,Uganda,25.178590052607433,0.8,0.5,1,H
2024-03-22,Brunei,Bermuda,-37.77458400985233,-1.4,0.5,1,A
2024-03-22,Equatorial Guinea,Cambodia,94.5131075180143,0.6000000000000001,0.5,1,H
2024-03-22,Anguilla,Turks and Caicos Islands,-33.965721394605225,-0.8,0.5,0,D
2024-03-22,United States Virgin Islands,British Virgin Islands,-38.81169655536223,-0.8,0.5,0,D
2024-03-22,Albania,Chile,44.292656308316054,1.2000000000000002,0.5,1,A
2024-03-22,Argentina,El Salvador,303.93274424496485,1.5999999999999999,0.5,1,H
2024-03-22,Armenia,Kosovo,-24.83083188972273,-1.2,0.5,0,A
2024-03-22,Central African Republic,Bhutan,-45.44136237314501,-0.3999999999999999,0.5,1,H
2024-03-23,Ivory Coast,Benin,161.22042760365093,1.6,0.5,1,D
2024-03-23,Samoa,Cook Islands,58.40099433462592,1.2000000000000002,1.0,1,H
2024-03-23,Slovakia,Austria,-64.65291600619503,0.0,0.5,0,A
2024-03-23,Republic of Ireland,Belgium,-172.58389372672218,-1.8,0.5,0,D
2024-03-23,France,Germany,104.16238174943192,0.6000000000000001,0.5,0,A
2024-03-23,Dominican Republic,Aruba,-17.138962510088504,-0.3999999999999999,0.5,0,H
2024-03-23,Denmark,Switzerland,41.1913886132013,1.2,0.5,0,D
2024-03-23,Costa Rica,Honduras,61.51911668679554,-0.19999999999999996,1.0,1,H
2024-03-23,Canada,Trinidad and Tobago,42.139781727103355,0.5999999999999999,0.5,1,H
2024-03-23,Tunisia,Croatia,-1.5059161699946344,-0.6000000000000001,0.5,1,D
2024-03-23,England,Brazil,48.016331566374674,1.8,0.5,0,A
2024-03-24,Ethiopia,Lesotho,13.283329591499978,-0.3999999999999999,0.0,0,H
2024-03-24,Jamaica,Panama,-65.98952643994062,-1.0,0.0,1,H
2024-03-24,United States,Mexico,27.64341575841445,0.40000000000000013,1.0,0,H
2024-03-24,Belize,Puerto Rico,-102.35079429537564,-0.3999999999999999,0.5,0,H
2024-03-24,Ecuador,Italy,-36.9468970641085,0.20000000000000018,0.5,1,A
2024-03-24,Guatemala,Venezuela,15.168015747410891,-1.0,0.0,1,D
2024-03-24,San Marino,Saint Kitts and Nevis,-196.11354249058877,-1.4,0.0,0,D
2024-03-24,Suriname,Martinique,18.034473541288662,-0.19999999999999996,0.5,1,D
2024-03-25,Gabon,Congo,67.86680247644699,0.5999999999999999,0.5,1,D
2024-03-25,Montenegro,North Macedonia,-4.303479926566979,0.8,0.5,1,H
2024-03-25,Central African Republic,Papua New Guinea,-56.49188989966365,-0.8,0.5,1,H
2024-03-25,Cyprus,Serbia,-202.43449561236343,-0.5999999999999999,0.5,0,A
2024-03-25,Sweden,Albania,41.044604201128095,-0.20000000000000018,0.5,0,H
2024-03-25,Comoros,Angola,-42.17724830742554,0.8,0.0,1,D
2024-03-25,Azerbaijan,Bulgaria,22.915563552101958,0.8,0.5,0,D
2024-03-25,Bermuda,Guinea,-57.2531482245397,0.19999999999999996,0.5,1,A
2024-03-25,Cape Verde,Equatorial Guinea,27.043510540643865,0.20000000000000018,0.5,1,H
2024-03-25,Tanzania,Mongolia,33.96622833977926,-0.19999999999999996,0.5,1,H
2024-03-25,Bolivia,Andorra,33.30176976114171,0.39999999999999997,0.5,1,H
2024-03-25,Sri Lanka,Bhutan,-32.31400711107858,-0.7999999999999999,0.5,0,H
2024-03-26,Ivory Coast,Uruguay,-2.683473529756384,0.20000000000000018,0.5,1,H
2024-03-26,Germany,Netherlands,-73.63342449102151,-1.0,0.5,0,H
2024-03-26,Tonga,Cook Islands,25.606013797975947,0.0,0.0,0,A
2024-03-26,Hungary,Kosovo,138.8131375866385,0.20000000000000018,0.5,0,H
2024-03-26,France,Chile,174.44626785273954,0.6000000000000001,0.5,0,H
2024-03-26,Austria,Turkey,16.07974636021595,0.3999999999999999,0.5,0,H
2024-03-26,El Salvador,Honduras,-43.058640384520004,-0.6,0.5,1,D
2024-03-26,Denmark,Faroe Islands,198.8181852912926,1.2,1.0,0,H
2024-03-26,Czech Republic,Armenia,122.5481488844789,1.8,0.5,0,H
2024-03-26,Colombia,Romania,98.34049595153874,0.3999999999999999,0.5,1,H
2024-03-26,Latvia,Liechtenstein,158.2961617502733,0.8,1.0,1,D
2024-03-26,England,Belgium,16.62190778699096,-0.20000000000000018,0.5,0,D
2024-03-26,Malta,Belarus,-15.174682155826531,-1.4000000000000001,0.5,0,D
2024-03-26,Mauritius,Chad,7.71719282626259,0.0,0.0,0,A
2024-03-26,Nicaragua,Cuba,46.8845447520016,1.0,0.6666666666666666,0,A
2024-03-26,Norway,Slovakia,52.62373284912587,-0.40000000000000013,1.0,0,D
2024-03-26,Peru,Dominican Republic,5.7734513043762945,-1.2,0.5,0,H
2024-03-26,Republic of Ireland,Switzerland,-73.48642600647327,0.19999999999999996,0.5,0,A
2024-03-26,Scotland,Northern Ireland,137.1711700647454,-0.9999999999999999,0.5,0,A
2024-03-26,Senegal,Benin,193.11374351450286,2.0,1.0,1,H
2024-03-26,Slovenia,Portugal,-89.10965790427917,-1.0,0.5,0,H
2024-03-26,Spain,Brazil,13.516681333047927,1.5999999999999999,0.5,0,D
2024-03-26,Finland,Estonia,58.76333563438175,1.0,0.0,0,H
2024-03-26,Liberia,Djibouti,-5.67740167738998,0.3999999999999999,1.0,0,D
2024-03-26,Eswatini,Somalia,56.21989686453912,0.8,1.0,1,D
2024-03-26,South Sudan,São Tomé and Príncipe,42.418557325291886,0.8,0.5,1,D
2024-03-26,Morocco,Mauritania,173.43033151250393,1.4,0.5,0,D
2024-03-26,Argentina,Costa Rica,188.78378051856566,1.2,0.5,1,H
2024-03-26,Turkmenistan,Iran,-233.43384560915206,-1.6,0.0,0,A
2024-03-26,British Virgin Islands,United States Virgin Islands,36.58676293262215,0.7999999999999999,0.5,0,D
2024-03-26,Algeria,South Africa,73.16164432352548,0.20000000000000018,0.5,0,D
2024-03-26,Egypt,Croatia,21.900828653773715,0.0,0.5,0,A
2024-03-26,New Zealand,Tunisia,-115.46633421710112,-0.7999999999999999,0.5,1,D
2024-03-26,Cambodia,Guyana,-77.17757105148712,-1.4,0.5,1,A
2024-03-26,Brunei,Vanuatu,-47.59259230673888,-0.8,0.5,1,H
2024-03-26,Turks and Caicos Islands,Anguilla,32.01670243736544,0.2,0.5,0,D
2024-03-26,Wales,Poland,-9.435080857006142,0.0,0.0,0,D
2024-03-26,Ukraine,Iceland,98.74177160689737,0.19999999999999996,0.5,1,H
2024-03-26,Georgia,Greece,-26.830351165963293,0.0,0.0,0,D
2024-03-26,India,Afghanistan,35.822750378589944,-1.2,1.0,0,A
2024-03-26,Kuwait,Qatar,-117.31734908228532,-2.0,0.0,0,A
2024-03-26,Syria,Myanmar,55.141079164398434,0.19999999999999996,0.5,1,H
2024-03-26,Lithuania,Gibraltar,52.06898635189259,1.4,1.0,0,H
2024-03-26,China,Singapore,-10.523665244605354,-0.7999999999999999,0.5,0,H
2024-03-26,Kyrgyzstan,Taiwan,18.43505950381541,0.19999999999999996,1.0,0,H
2024-03-26,Malaysia,Oman,-26.5182678850731,-1.2000000000000002,0.0,0,A
2024-03-26,Uzbekistan,Hong Kong,194.84326434545505,2.2,1.0,0,H
2024-03-26,Philippines,Iraq,-145.39446794120954,-1.5999999999999999,0.0,0,A
2024-03-26,Vietnam,Indonesia,-36.87457777550662,-1.2,0.5,0,A
2024-03-26,Tajikistan,Saudi Arabia,-49.55490410501966,-1.4000000000000001,0.0,0,D
2024-03-26,Jordan,Pakistan,158.13937693819025,1.5999999999999999,1.0,0,H
2024-03-26,Bahrain,Nepal,111.0601971732799,1.0,1.0,0,H
2024-03-26,Yemen,United Arab Emirates,-116.21285773939167,-0.20000000000000018,0.0,1,A
2024-03-26,Bangladesh,Palestine,-64.6559617977075,-0.3999999999999999,0.0,0,A
2024-03-26,Australia,Lebanon,195.06078204748383,1.8,1.0,0,H
2024-03-26,Thailand,South Korea,-68.91298857934999,0.0,0.5,0,A
2024-04-06,Northern Mariana Islands,Guam,45.9588144624106,0.75,0.5,0,D
2024-04-07,Northern Mariana Islands,Guam,43.32853612776648,0.6000000000000001,0.5,0,H
2024-04-14,Trinidad and Tobago,Guyana,11.236838431970227,-1.5999999999999999,1.0,0,H
2024-04-16,Trinidad and Tobago,Guyana,30.590219458234515,-0.40000000000000013,1.0,0,H
2024-04-26,Grenada,Saint Vincent and the Grenadines,-25.20472321569514,-0.7999999999999999,0.5,0,A
2024-04-26,Guatemala,Nicaragua,0.8715494584830594,-0.9999999999999999,1.0,1,D
2024-05-21,Galicia,Panama,-76.80414613918015,-0.8,0.5,0,A
2024-05-21,Basque Country,Uruguay,-93.44399813723567,1.0,0.5,0,D
2024-05-31,Bolivia,Mexico,-195.92681617845824,0.0,0.5,1,A
2024-05-31,Costa Rica,Uruguay,-85.04968046062277,-0.8,0.5,0,D
2024-06-01,Greenland,Turkmenistan,69.74450771864213,1.1333333333333333,0.5,1,A
2024-06-02,Indonesia,Tanzania,61.67728500756698,0.8,0.5,0,D
2024-06-03,Gibraltar,Scotland,-221.60040151945486,-0.4,0.5,1,A
2024-06-03,England,Bosnia and Herzegovina,238.54919373618418,1.0,0.5,0,H
2024-06-03,Germany,Ukraine,30.978253002631845,-1.2000000000000002,1.0,0,D
2024-06-03,Albania,Liechtenstein,224.91444588072955,0.8,0.5,1,H
2024-06-03,Croatia,North Macedonia,140.40533117532527,1.0,0.5,0,H
2024-06-04,Slovenia,Armenia,167.6439097107948,1.8,0.5,0,H
2024-06-04,Romania,Bulgaria,87.10465063677225,0.8,0.5,0,D
2024-06-04,Republic of Ireland,Hungary,-141.17208836811255,-1.2000000000000002,0.5,0,H
2024-06-04,Switzerland,Estonia,162.02417649215158,1.2,0.5,0,H
2024-06-04,Italy,Turkey,70.83538851047888,0.6000000000000001,1.0,0,D
2024-06-04,Austria,Serbia,7.752507791250082,1.6,0.5,0,H
2024-06-04,Portugal,Finland,175.16551762038466,0.5999999999999999,0.5,0,H
2024-06-05,Tunisia,Equatorial Guinea,79.70088033249408,-1.0,0.6,0,H
2024-06-05,Guatemala,Dominica,-1.7725135176463027,-1.4,0.5,0,H
2024-06-05,Nicaragua,Montserrat,23.05784259763618,-0.19999999999999996,1.0,0,H
2024-06-05,Curaçao,Barbados,75.66074738675252,1.0,0.5,0,H
2024-06-05,Trinidad and Tobago,Grenada,150.28813454694932,1.2,0.5,0,D
2024-06-05,Suriname,Saint Vincent and the Grenadines,56.12635108640825,0.0,0.5,0,H
2024-06-05,Central African Republic,Chad,-8.800010606215665,0.19999999999999996,0.5,1,H
2024-06-05,Namibia,Liberia,90.03310795137622,-0.3999999999999999,0.5,1,D
2024-06-05,Antigua and Barbuda,Bermuda,4.228597073683204,-0.5999999999999999,0.5,0,D
2024-06-05,Sierra Leone,Djibouti,25.79809704563263,0.4,0.5,1,H
2024-06-05,Spain,Andorra,297.9495271179351,1.8,0.5,0,H
2024-06-05,San Marino,Slovakia,-229.73018184776924,-1.8,0.5,1,A
2024-06-05,Norway,Kosovo,90.78822788992397,-0.3999999999999999,0.5,0,H
2024-06-05,Mexico,Uruguay,7.406333521261104,0.19999999999999996,0.0,1,A
2024-06-05,France,Luxembourg,208.60888235851326,0.6000000000000001,0.5,0,H
2024-06-05,Denmark,Sweden,40.64325216356724,0.19999999999999996,1.0,0,H
2024-06-05,Belgium,Montenegro,145.52103160191882,0.0,0.5,0,H
2024-06-05,Togo,South Sudan,67.73498850182455,0.40000000000000013,0.5,0,D
2024-06-06,Hong Kong,Iran,-262.1647632822792,-2.0,0.0,0,A
2024-06-06,Indonesia,Iraq,-59.25431431857942,-1.0,0.0,0,A
2024-06-06,Vietnam,Philippines,45.224147279568115,-0.2,1.0,0,H
2024-06-06,Jordan,Tajikistan,73.91102663882202,1.4,0.6666666666666666,0,H
2024-06-06,Pakistan,Saudi Arabia,-142.42717899263266,-1.2000000000000002,0.0,0,A
2024-06-06,Nepal,United Arab Emirates,-124.85039832437178,-1.0,0.0,1,A
2024-06-06,Bahrain,Yemen,129.78777857693308,1.5999999999999999,1.0,0,D
2024-06-06,Haiti,Saint Lucia,11.615970642564434,-0.7999999999999999,0.5,1,H
2024-06-06,Palestine,Lebanon,97.51728838746362,1.8,0.5,1,D
2024-06-06,Honduras,Cuba,-44.258388408599785,-0.5999999999999999,1.0,0,H
2024-06-06,Costa Rica,Saint Kitts and Nevis,55.11367026057587,0.3999999999999999,0.5,0,H
2024-06-06,Panama,Guyana,87.68179897719779,0.6000000000000001,0.5,0,H
2024-06-06,Jamaica,Dominican Republic,43.34695101249213,0.6000000000000001,0.5,0,H
2024-06-06,El Salvador,Puerto Rico,-121.97984449970704,-0.7999999999999999,0.5,0,D
2024-06-06,Kyrgyzstan,Malaysia,-48.182678345115846,1.2,0.0,0,D
2024-06-06,Bangladesh,Australia,-188.33918267776835,-1.2,0.0,0,A
2024-06-06,Taiwan,Oman,-130.55223638709367,-1.0,0.0,0,A
2024-06-06,Uzbekistan,Turkmenistan,172.23574114513053,1.4000000000000001,1.0,0,H
2024-06-06,China,Thailand,-43.52435436375936,0.6,1.0,0,D
2024-06-06,Gibraltar,Wales,-218.63489113906326,-1.8,0.0,1,D
2024-06-06,Netherlands,Canada,58.700453532971096,1.0,0.5,0,H
2024-06-06,Guinea-Bissau,Ethiopia,2.1825983933231328,-0.20000000000000007,0.5,0,D
2024-06-06,Mauritania,Sudan,40.01959097883923,-0.8,1.0,0,A
2024-06-06,Senegal,DR Congo,143.07845817400107,1.4000000000000001,0.5,0,D
2024-06-06,Benin,Rwanda,-24.057667030905577,-0.7999999999999999,0.5,1,H
2024-06-06,Libya,Mauritius,78.57179226686526,1.8,0.5,0,H
2024-06-06,Egypt,Burkina Faso,75.97658325652628,0.3999999999999999,0.5,0,H
2024-06-06,Malawi,São Tomé and Príncipe,74.80716823989064,0.7999999999999999,0.5,0,H
2024-06-06,Mali,Ghana,122.18997957182864,1.0,1.0,0,A
2024-06-06,Afghanistan,Qatar,-127.59311314834736,-1.2000000000000002,0.0,1,D
2024-06-06,India,Kuwait,16.98428889195634,-0.39999999999999997,1.0,0,D
2024-06-06,Myanmar,Japan,-279.2540619259262,-1.4,0.0,0,A
2024-06-06,North Korea,Syria,30.51422038266969,-0.6000000000000001,0.0,1,H
2024-06-06,Singapore,South Korea,-138.6035492863532,-0.8,0.0,0,A
2024-06-06,Algeria,Guinea,123.7529538753679,-0.6000000000000001,1.0,0,A
2024-06-07,Nigeria,South Africa,-26.307235283662294,1.0,0.5,0,D
2024-06-07,Angola,Eswatini,57.03349227208514,0.5999999999999999,0.5,0,H
2024-06-07,Morocco,Zambia,123.07545051235388,1.0,1.0,0,H
2024-06-07,Kenya,Burundi,10.402598574984268,0.19999999999999996,0.5,1,D
2024-06-07,Madagascar,Comoros,-28.7279930618688,-1.2000000000000002,1.0,1,H
2024-06-07,Mozambique,Somalia,42.19715037503147,1.0,0.5,0,H
2024-06-07,Uganda,Botswana,-37.55437288898679,-0.19999999999999996,0.5,0,H
2024-06-07,Zimbabwe,Lesotho,9.269326798978682,0.0,0.5,1,A
2024-06-07,Ivory Coast,Gabon,114.0821645300241,1.0,0.5,0,H
2024-06-07,Scotland,Finland,77.16122636386535,-0.8,0.5,0,D
2024-06-07,Germany,Greece,35.24201600127208,-0.20000000000000018,0.5,0,H
2024-06-07,Poland,Ukraine,-19.184135198336435,-0.40000000000000013,1.0,0,H
2024-06-07,Peru,Paraguay,58.44473572569564,0.5999999999999999,1.0,0,D
2024-06-07,England,Iceland,214.68942914699733,-0.19999999999999996,1.0,0,A
2024-06-07,Czech Republic,Malta,134.35840500177824,2.2,0.5,1,H
2024-06-07,Cambodia,Mongolia,-0.07171693991654138,0.8,0.5,0,H
2024-06-07,Belarus,Russia,-131.83286499420933,-0.6000000000000001,0.5,0,A
2024-06-07,Armenia,Kazakhstan,-53.72767423915752,-1.6,0.5,0,H
2024-06-07,Albania,Azerbaijan,46.77238348258561,-0.3999999999999999,0.5,1,H
2024-06-07,Romania,Liechtenstein,249.79478677707425,1.4000000000000001,1.0,0,D
2024-06-08,United States,Colombia,9.623677960402574,-1.2,0.5,0,A
2024-06-08,Cameroon,Cape Verde,-33.850668913865775,-1.2000000000000002,0.0,0,H
2024-06-08,Gambia,Seychelles,104.40061752074553,0.0,0.5,1,H
2024-06-08,Cayman Islands,Antigua and Barbuda,-15.06318643124223,-0.19999999999999996,0.5,0,H
2024-06-08,Anguilla,Suriname,-88.4600235637331,-1.2000000000000002,0.5,0,A
2024-06-08,Belize,Nicaragua,-73.05918801839971,0.6000000000000001,0.0,0,A
2024-06-08,British Virgin Islands,Guatemala,-72.77513702643341,-0.19999999999999996,0.0,0,A
2024-06-08,Switzerland,Austria,-34.939848873121264,-1.4,0.5,0,D
2024-06-08,Aruba,Curaçao,39.59383015105641,0.7999999999999998,0.5,0,A
2024-06-08,Sweden,Serbia,-27.014558289427214,0.40000000000000013,0.0,0,A
2024-06-08,Bahamas,Trinidad and Tobago,-132.73226070488886,-1.4000000000000001,0.0,1,A
2024-06-08,Slovenia,Bulgaria,155.18611710965592,1.2000000000000002,0.5,0,D
2024-06-08,Spain,Northern Ireland,218.34421889979126,0.6000000000000001,0.5,0,H
2024-06-08,Brunei,Sri Lanka,-12.89945584179236,-0.4,0.5,0,H
2024-06-08,Estonia,Faroe Islands,5.060956199428574,-0.8,0.5,0,H
2024-06-08,Belgium,Luxembourg,198.45921870082498,1.0000000000000002,0.5,0,H
2024-06-08,Latvia,Lithuania,32.929866862084964,-0.9999999999999999,1.0,0,A
2024-06-08,Hungary,Israel,110.48782110251432,1.2,0.5,0,H
2024-06-08,Mexico,Brazil,-43.215065354828994,0.3999999999999999,0.5,1,A
2024-06-08,Moldova,Cyprus,39.136826196568336,-0.20000000000000007,0.5,0,H
2024-06-08,Portugal,Croatia,26.3259033709694,-0.20000000000000018,1.0,0,A
2024-06-08,Denmark,Norway,45.715991648099816,0.3999999999999999,0.5,0,H
2024-06-09,Saint Vincent and the Grenadines,El Salvador,27.31842676166002,0.6,0.5,1,A
2024-06-09,Namibia,Tunisia,-108.75417398495847,-0.3999999999999999,1.0,1,D
2024-06-09,Dominica,Jamaica,-41.54733492233595,0.0,0.5,0,A
2024-06-09,Montserrat,Panama,-115.31573275429832,-0.6000000000000001,0.5,1,A
2024-06-09,Barbados,Haiti,-169.80692499321344,-1.2,0.5,0,A
2024-06-09,Grenada,Costa Rica,-126.2137793853658,-1.8,0.5,0,A
2024-06-09,Bermuda,Honduras,4.013683663911706,0.5999999999999999,0.5,0,A
2024-06-09,São Tomé and Príncipe,Liberia,-29.83106175057719,-1.2000000000000002,0.5,1,A
2024-06-09,Slovakia,Wales,-21.919715752676893,0.6000000000000001,0.5,0,H
2024-06-09,Mauritania,Senegal,-172.1574917721498,-1.4000000000000001,0.5,0,A
2024-06-09,Djibouti,Ethiopia,-47.93748019083773,-0.6,0.5,1,D
2024-06-09,Montenegro,Georgia,-39.3439357669572,0.19999999999999996,0.5,0,A
2024-06-09,Italy,Bosnia and Herzegovina,208.9368842036929,2.2,1.0,0,H
2024-06-09,France,Canada,93.81012389976695,0.8,0.5,0,D
2024-06-09,Argentina,Ecuador,137.8839671759522,0.7999999999999998,1.0,1,H
2024-06-09,DR Congo,Togo,8.048571898164482,0.0,0.5,0,H
2024-06-10,Ghana,Central African Republic,61.46342384550303,-1.0,1.0,0,H
2024-06-10,Equatorial Guinea,Malawi,37.79059394621163,-0.40000000000000013,0.5,0,H
2024-06-10,Guinea,Mozambique,73.21127649774007,1.2,0.5,1,A
2024-06-10,Uganda,Algeria,-184.69488597316808,0.8,0.0,0,A
2024-06-10,Somalia,Botswana,-60.6131873657655,-1.2,0.5,1,A
2024-06-10,Guinea-Bissau,Egypt,-166.1649183964962,-1.4000000000000001,0.0,0,D
2024-06-10,Burkina Faso,Sierra Leone,80.17216949850786,-0.6000000000000001,0.5,1,D
2024-06-10,Poland,Turkey,-4.716909650949219,1.2000000000000002,0.5,0,H
2024-06-10,Netherlands,Iceland,186.47086083525346,0.0,0.5,0,H
2024-06-10,Czech Republic,North Macedonia,84.06931892829834,2.2,0.5,0,H
2024-06-10,Benin,Nigeria,-95.876559169865,-0.6000000000000001,0.0,1,H
2024-06-11,Japan,Syria,219.72343126191936,0.7999999999999998,1.0,0,H
2024-06-11,North Korea,Myanmar,114.97016685583708,1.3,1.0,1,H
2024-06-11,Thailand,Singapore,58.569718519621574,0.39999999999999997,1.0,0,H
2024-06-11,South Korea,China,133.48503258419487,0.8,1.0,0,H
2024-06-11,Oman,Kyrgyzstan,98.20921095395806,0.6000000000000001,0.5,0,D
2024-06-11,Malaysia,Taiwan,90.58934683613575,0.4,1.0,0,H
2024-06-11,Turkmenistan,Hong Kong,30.644927495736965,0.6,0.5,0,D
2024-06-11,Iran,Uzbekistan,55.70185205073676,-0.20000000000000018,1.0,0,D
2024-06-11,Indonesia,Philippines,98.62196627807884,1.2,1.0,0,H
2024-06-11,Iraq,Vietnam,111.86257884073416,1.7999999999999998,1.0,0,H
2024-06-11,Tajikistan,Pakistan,93.91730288751774,0.4,1.0,0,H
2024-06-11,United Arab Emirates,Bahrain,10.098746314263963,0.0,0.3333333333333333,0,D
2024-06-11,Yemen,Nepal,5.213095987046017,0.8,1.0,1,D
2024-06-11,Lebanon,Bangladesh,-8.751163435255194,0.2,1.0,1,H
2024-06-11,Australia,Palestine,115.15242124913448,0.3999999999999999,1.0,0,H
2024-06-11,Cuba,Cayman Islands,18.355392028647657,-0.5999999999999999,0.5,0,H
2024-06-11,Saint Kitts and Nevis,Bahamas,51.19499745709254,0.8,1.0,0,H
2024-06-11,Saint Lucia,Aruba,19.027306159269074,-1.0,0.5,1,D
2024-06-11,Guyana,Belize,51.831169150364985,-0.7999999999999999,0.5,1,H
2024-06-11,Dominican Republic,British Virgin Islands,43.06385469182601,0.20000000000000007,0.5,0,H
2024-06-11,Puerto Rico,Anguilla,110.95894051892378,1.2000000000000002,0.5,0,H
2024-06-11,Qatar,India,110.79789364074009,2.2,1.0,0,H
2024-06-11,Saudi Arabia,Jordan,-28.977938001363327,-0.5999999999999999,0.5,0,A
2024-06-11,Kuwait,Afghanistan,-6.243701282505526,-0.8,1.0,0,H
2024-06-11,Cape Verde,Libya,39.74318697853232,-1.0,0.5,0,H
2024-06-11,Madagascar,Mali,-138.7397349098992,0.40000000000000013,0.5,1,D
2024-06-11,Latvia,Faroe Islands,32.9030492215079,-0.4,0.5,0,H
2024-06-11,Brunei,Sri Lanka,7.842755521532808,0.19999999999999996,1.0,0,H
2024-06-11,Andorra,Northern Ireland,-81.27506786250069,-1.2,0.5,1,A
2024-06-11,Azerbaijan,Kazakhstan,-8.220186649059087,0.19999999999999996,0.5,1,H
2024-06-11,Chile,Paraguay,22.510366646356715,-0.19999999999999996,0.75,0,H
2024-06-11,Greece,Malta,134.6314617177627,1.2000000000000002,0.5,1,H
2024-06-11,Israel,Belarus,54.43141024435067,-0.5999999999999999,1.0,1,H
2024-06-11,Moldova,Ukraine,-131.90031633260696,-0.40000000000000013,0.5,0,A
2024-06-11,Mongolia,Cambodia,-19.932411418944184,-0.8,0.0,0,H
2024-06-11,Portugal,Republic of Ireland,158.60842010844,0.8,1.0,0,H
2024-06-11,San Marino,Cyprus,-94.37291530222046,-0.6000000000000001,0.5,0,A
2024-06-11,Lithuania,Estonia,-2.9065227251915076,1.2000000000000002,0.3333333333333333,0,D
2024-06-11,Lesotho,Rwanda,-22.244787710788387,0.3999999999999999,0.5,1,A
2024-06-11,South Sudan,Sudan,-17.32781657172518,-1.4000000000000001,0.5,0,A
2024-06-11,Seychelles,Burundi,-111.887288761837,-0.8,0.0,1,A
2024-06-11,Gabon,Gambia,1.0816386113151566,0.7999999999999999,0.5,0,H
2024-06-11,Kenya,Ivory Coast,-125.69713721863786,-1.6,0.5,1,D
2024-06-11,Morocco,Congo,219.414673982546,1.0,0.5,0,H
2024-06-11,Chad,Comoros,-36.94066660142698,-0.8,0.5,1,A
2024-06-11,Angola,Cameroon,-15.809465263418815,0.0,0.5,0,D
2024-06-11,Mauritius,Eswatini,-32.37035185861964,-0.6000000000000001,0.0,0,H
2024-06-11,Zambia,Tanzania,48.367218087071706,-0.6,0.5,0,A
2024-06-11,South Africa,Zimbabwe,151.50622992626836,0.0,1.0,0,H
2024-06-12,Ecuador,Bolivia,170.41516110603425,0.19999999999999996,1.0,1,H
2024-06-12,United States,Brazil,-10.877089208232292,-0.19999999999999996,0.5,0,D
2024-06-14,Argentina,Guatemala,192.00998451597138,0.7999999999999998,0.5,1,H
2024-06-14,El Salvador,Peru,-100.67903525330462,-0.40000000000000013,0.0,1,A
2024-06-14,Germany,Scotland,56.75284343942167,1.0,0.5,0,H
2024-06-15,Colombia,Bolivia,252.9806337942464,2.4,1.0,1,H
2024-06-15,Hungary,Switzerland,38.2734866188996,0.7999999999999998,0.5,1,A
2024-06-15,Spain,Croatia,15.620448671513259,-0.6000000000000001,1.0,1,H
2024-06-15,Italy,Albania,119.72766031836068,0.8000000000000003,1.0,1,H
2024-06-15,Vanuatu,Solomon Islands,-124.27635836090371,-1.8,0.0,0,H
2024-06-16,Fiji,Papua New Guinea,30.88090199983003,0.3999999999999999,0.0,0,H
2024-06-16,Tahiti,Samoa,10.967304862714172,0.20000000000000018,1.0,1,H
2024-06-16,Panama,Paraguay,148.4239251906904,0.8,0.5,0,A
2024-06-16,Serbia,England,-64.17459877374608,0.3999999999999999,0.5,1,A
2024-06-16,Slovenia,Denmark,-27.482459821739894,0.20000000000000018,0.0,1,D
2024-06-16,Ecuador,Honduras,113.03587046682765,0.40000000000000013,0.5,1,H
2024-06-16,Poland,Netherlands,-91.4642975446584,0.20000000000000018,0.0,1,A
2024-06-17,Belgium,Slovakia,136.70571206123986,0.20000000000000018,0.5,1,A
2024-06-17,Austria,France,-65.69029350138999,1.0,0.0,1,A
2024-06-17,Romania,Ukraine,-46.58107466575825,-0.8,0.5,1,H
2024-06-18,New Zealand,Solomon Islands,-54.36437394967879,-0.9999999999999999,1.0,1,H
2024-06-18,Portugal,Czech Republic,82.33748144096967,-1.2,1.0,1,H
2024-06-18,Turkey,Georgia,8.407455109469083,-1.2000000000000002,0.5,1,H
2024-06-19,Germany,Hungary,14.325938096865684,0.8,0.0,0,H
2024-06-19,Scotland,Switzerland,-43.10954243857327,-1.4000000000000001,0.5,1,D
2024-06-19,Croatia,Albania,126.09159816817396,0.8,0.5,1,D
2024-06-19,Papua New Guinea,Tahiti,-72.17767738288217,-1.8,0.0,1,D
2024-06-19,Fiji,Samoa,7.266429096831871,0.0,0.5,0,H
2024-06-20,Denmark,England,-42.370189630757295,0.8000000000000003,0.5,1,D
2024-06-20,Spain,Italy,27.717433697886463,-0.6000000000000001,1.0,1,H
2024-06-20,Slovenia,Serbia,12.247935379152977,0.40000000000000013,0.0,1,D
2024-06-20,Argentina,Canada,144.01146203314988,1.6,0.5,1,H
2024-06-21,Peru,Chile,30.429093066669566,0.8000000000000003,0.3333333333333333,1,D
2024-06-21,Vanuatu,New Zealand,-54.60040855995862,-0.4,0.5,0,A
2024-06-21,Netherlands,France,-11.430414793540649,0.3999999999999999,0.0,1,D
2024-06-21,Poland,Austria,-35.79467344707518,0.0,0.5,1,A
2024-06-21,Slovakia,Ukraine,-15.689681519938631,0.6000000000000001,0.5,1,A
2024-06-22,Fiji,Tahiti,-11.23080887724177,-0.20000000000000018,0.5,0,H
2024-06-22,Ecuador,Venezuela,86.23867087060194,0.6000000000000001,0.5,1,A
2024-06-22,Samoa,Papua New Guinea,30.00254404537418,1.4,0.5,1,A
2024-06-22,Mexico,Jamaica,33.89737466551151,-0.8,1.0,1,H
2024-06-22,Georgia,Czech Republic,-29.494833036337695,-1.0,0.5,1,D
2024-06-22,Belgium,Romania,117.44466659462523,0.40000000000000013,0.5,1,H
2024-06-22,Turkey,Portugal,-99.25579311249635,-1.0,0.0,1,A
2024-06-23,Uruguay,Panama,22.891430553716646,-0.19999999999999996,1.0,1,H
2024-06-23,United States,Bolivia,246.14419414051918,0.7999999999999999,0.5,0,H
2024-06-23,Germany,Switzerland,41.22745838843457,0.3999999999999999,0.5,0,D
2024-06-23,Scotland,Hungary,-48.366335495185695,-0.19999999999999996,0.5,1,A
2024-06-24,Albania,Spain,-166.53954167984352,-1.2000000000000002,0.0,1,A
2024-06-24,Croatia,Italy,-1.27836024519911,0.0,0.5,1,D
2024-06-24,Colombia,Paraguay,186.04730883625098,2.0,1.0,1,H
2024-06-24,Brazil,Costa Rica,114.1612289361808,-0.3999999999999999,0.5,1,D
2024-06-25,France,Poland,126.39245541918285,0.8000000000000003,1.0,1,D
2024-06-25,England,Slovenia,67.41279888229633,-0.19999999999999996,0.5,1,D
2024-06-25,Denmark,Serbia,39.01279325024302,0.8000000000000003,1.0,1,D
2024-06-25,Netherlands,Austria,61.87836508360215,0.0,1.0,1,A
2024-06-25,Peru,Canada,-53.63799681404089,1.4000000000000001,0.5,1,A
2024-06-25,Chile,Argentina,-238.4856684260144,-1.6,0.0,1,A
2024-06-26,Ecuador,Jamaica,26.484696472226233,-0.6000000000000001,0.5,1,H
2024-06-26,Czech Republic,Turkey,7.94281039722182,1.2,0.0,1,A
2024-06-26,Venezuela,Mexico,-86.84142996571654,0.0,0.5,1,H
2024-06-26,Ukraine,Belgium,-90.72313977960357,-0.6000000000000001,0.5,1,D
2024-06-26,Slovakia,Romania,5.419999712816434,1.0,0.5,1,D
2024-06-26,Georgia,Portugal,-133.5509255415575,-0.7999999999999998,0.5,1,H
2024-06-27,New Zealand,Tahiti,-5.675298978063893,-0.3999999999999999,1.0,1,H
2024-06-27,United States,Panama,64.52995445609395,0.19999999999999996,0.6666666666666666,0,A
2024-06-27,Vanuatu,Fiji,-86.57374025081117,-1.7999999999999998,0.3333333333333333,0,H
2024-06-27,Uruguay,Bolivia,230.9956331957335,1.0,0.75,1,H
2024-06-28,Paraguay,Brazil,-183.83240198514818,-1.0,0.0,1,A
2024-06-28,Colombia,Costa Rica,120.23991971385203,1.4,0.5,1,H
2024-06-29,Switzerland,Italy,-48.84972489974416,0.19999999999999996,0.0,1,H
2024-06-29,Germany,Denmark,3.9804320971602465,0.40000000000000013,0.5,0,H
2024-06-29,Argentina,Peru,222.31532103986933,1.4,1.0,1,H
2024-06-29,Canada,Chile,94.83148677689019,0.0,0.5,1,D
2024-06-30,England,Slovakia,131.04384442029868,-0.3999999999999999,0.5,1,H
2024-06-30,Spain,Georgia,134.37074851983857,1.4,1.0,1,H
2024-06-30,Tahiti,Fiji,-7.137327131615848,-1.0,0.0,1,H
2024-06-30,Vanuatu,New Zealand,-69.2048416642881,-0.8,0.0,0,A
2024-06-30,Mexico,Ecuador,3.7796599908806456,-0.6000000000000001,0.0,1,D
2024-06-30,Jamaica,Venezuela,13.201280881645516,0.19999999999999996,0.5,1,A
2024-07-01,France,Belgium,25.80010102768074,-0.19999999999999996,1.0,1,H
2024-07-01,Portugal,Slovenia,61.95479666240294,0.40000000000000013,0.0,1,D
2024-07-01,United States,Uruguay,6.9339809178029554,-0.8000000000000003,0.5,0,A
2024-07-01,Bolivia,Panama,-205.44041197888419,-1.8,0.0,1,A
2024-07-02,Costa Rica,Paraguay,74.49801071913794,0.8,0.5,1,H
2024-07-02,Brazil,Colombia,-13.941711209838559,-1.2,0.6666666666666666,1,D
2024-07-02,Romania,Netherlands,-134.97130802979382,-0.8,0.5,1,A
2024-07-02,Austria,Turkey,51.89025396366492,0.6000000000000001,1.0,1,A
2024-07-04,Argentina,Ecuador,160.55979471492333,1.0,1.0,1,D
2024-07-05,Venezuela,Canada,-49.69695755999214,1.0,0.5,1,D
2024-07-05,Germany,Spain,-58.11835956163122,-0.3999999999999999,0.0,0,A
2024-07-05,Portugal,France,-30.517759354086593,0.19999999999999996,0.0,1,D
2024-07-06,Colombia,Panama,69.87146074005796,0.8,0.5,1,H
2024-07-06,Uruguay,Brazil,-17.300519933360647,0.8,0.3333333333333333,1,D
2024-07-06,England,Switzerland,69.03059156881272,-0.19999999999999996,1.0,1,D
2024-07-06,Netherlands,Turkey,85.06080977677539,0.19999999999999996,0.5,1,H
2024-07-09,Spain,France,14.930104799348783,1.2,0.0,1,H
2024-07-09,Argentina,Canada,155.8587266921004,1.4000000000000001,1.0,1,H
2024-07-10,Netherlands,England,8.282116441146854,0.19999999999999996,0.5,1,A
2024-07-10,Uruguay,Colombia,-37.958192153682376,0.0,1.0,1,A
2024-07-13,Canada,Uruguay,-49.595781885639326,-1.0,0.0,1,D
2024-07-14,Spain,England,36.07766183218064,1.2,0.5,1,H
2024-07-14,Argentina,Colombia,62.0662405535511,0.0,1.0,1,H
2024-07-27,Jordan,North Korea,86.84138970688673,0.5999999999999999,0.5,0,D
2024-07-27,Guatemala,El Salvador,115.93352794267298,0.6000000000000001,0.75,1,A
2024-08-29,Jordan,North Korea,81.94396378470856,0.6000000000000001,0.5,0,H
2024-09-01,Guatemala,Uruguay,-111.85891308994042,-0.20000000000000018,0.5,1,D
2024-09-02,Fiji,Solomon Islands,-30.375024646650672,1.0,0.4,0,H
2024-09-02,Fiji,Hong Kong,117.63068352360847,1.6,0.5,0,D
2024-09-03,India,Mauritius,35.495370784372426,-0.4,0.5,0,D
2024-09-04,Cayman Islands,British Virgin Islands,15.28345390131335,0.7999999999999999,0.5,0,H
2024-09-04,Turks and Caicos Islands,Anguilla,44.5970839827703,0.19999999999999996,0.5,0,A
2024-09-04,United States Virgin Islands,Bahamas,18.76400738693519,0.2,0.5,0,D
2024-09-04,Sudan,Niger,54.00094031093727,1.8,0.5,1,H
2024-09-04,Tanzania,Ethiopia,23.582660120213177,0.6000000000000001,0.5,0,D
2024-09-04,Comoros,Gambia,-0.6233440710091145,1.4,0.5,1,D
2024-09-04,Malaysia,Philippines,119.0758695155821,0.8,1.0,0,H
2024-09-04,Lebanon,Tajikistan,-73.29975893101914,0.0,0.0,1,H
2024-09-04,Gibraltar,Andorra,-17.321803814740406,0.0,1.0,0,H
2024-09-04,Libya,Rwanda,41.40098959948455,0.7999999999999998,0.5,0,D
2024-09-05,Azerbaijan,Sweden,-81.52985588029901,0.19999999999999996,0.5,0,A
2024-09-05,Estonia,Slovakia,-112.18333391761735,-0.5999999999999999,0.5,0,A
2024-09-05,Northern Ireland,Luxembourg,-10.763737130349227,0.8,1.0,0,H
2024-09-05,Belarus,Bulgaria,-21.274785307369257,-0.5999999999999999,0.5,1,D
2024-09-05,San Marino,Liechtenstein,-12.840836795866153,-0.2,0.0,0,H
2024-09-05,Bolivia,Venezuela,-155.1820661412612,-2.2,0.5,0,H
2024-09-05,Argentina,Chile,257.9670983036917,1.6,1.0,0,H
2024-09-05,Qatar,United Arab Emirates,42.72099434687789,0.3999999999999999,1.0,0,A
2024-09-05,Iran,Kyrgyzstan,184.2637310179855,0.19999999999999996,1.0,0,H
2024-09-05,Iraq,Oman,26.96598151066769,0.19999999999999973,1.0,0,H
2024-09-05,South Korea,Palestine,132.90240353094873,0.6000000000000001,0.5,0,D
2024-09-05,Jordan,Kuwait,118.94860800632296,1.8,1.0,0,D
2024-09-05,Japan,China,184.80505059330108,1.4,1.0,0,H
2024-09-05,Australia,Bahrain,81.33413056573863,0.7999999999999998,1.0,0,A
2024-09-05,Serbia,Spain,-135.63916622654028,-2.0,0.5,0,D
2024-09-05,Saudi Arabia,Indonesia,11.422350322574857,-0.3999999999999999,0.5,0,D
2024-09-05,Uzbekistan,North Korea,120.94221937518637,0.8000000000000003,0.5,0,H
2024-09-05,Denmark,Switzerland,11.641482831631492,-0.6000000000000001,0.5,0,H
2024-09-05,Hong Kong,Solomon Islands,-122.99963595366307,-0.19999999999999996,0.5,1,H
2024-09-05,Portugal,Croatia,23.871161828352115,0.0,0.6666666666666666,0,H
2024-09-05,Bhutan,Bangladesh,27.358519547583,1.0,0.0,0,A
2024-09-05,Vietnam,Russia,-91.2629672334399,-1.6,0.5,0,A
2024-09-05,Sri Lanka,Cambodia,-9.583961428680368,0.4,0.5,0,D
2024-09-05,Timor-Leste,Mongolia,-5.453916781450289,0.0,0.5,1,H
2024-09-05,Scotland,Poland,-22.915952444037202,-0.3999999999999999,0.5,0,A
2024-09-05,Central African Republic,Lesotho,10.81100373778986,0.6000000000000001,0.5,1,H
2024-09-05,Algeria,Equatorial Guinea,113.46148876122857,0.19999999999999996,0.0,0,H
2024-09-05,Ghana,Angola,-14.935542882825075,0.6000000000000001,1.0,0,A
2024-09-05,Tunisia,Madagascar,139.8570251669414,-0.6000000000000001,0.5,0,H
2024-09-05,Congo,South Sudan,2.678351473777866,-0.4,0.5,0,H
2024-09-05,Malawi,Burundi,-22.035747000891206,0.0,0.5,0,A
2024-09-05,Guyana,Suriname,-13.343837808643457,-1.0000000000000002,0.0,0,A
2024-09-05,Costa Rica,Guadeloupe,3.1161874786137105,-0.3999999999999999,1.0,0,H
2024-09-05,Guatemala,Martinique,34.58599420509063,-0.20000000000000018,0.5,0,H
2024-09-05,Montserrat,El Salvador,49.68952632323317,-0.40000000000000013,0.5,1,A
2024-09-05,Bonaire,Saint Vincent and the Grenadines,76.93294451783504,0.19999999999999996,0.5,0,D
2024-09-05,Guinea-Bissau,Eswatini,19.636195476694866,-0.4,1.0,0,H
2024-09-06,Iceland,Montenegro,-24.1459450744926,0.6000000000000001,0.5,0,H
2024-09-06,Puerto Rico,Haiti,-15.840294652990451,0.0,0.5,0,A
2024-09-06,Belgium,Israel,145.49807036934476,0.19999999999999996,0.5,1,H
2024-09-06,France,Italy,53.25818406330768,-0.19999999999999996,0.5,0,A
2024-09-06,Kazakhstan,Norway,-106.91332590174147,-0.4,0.5,0,D
2024-09-06,Slovenia,Austria,-10.799016961309462,-0.3999999999999999,0.5,0,D
2024-09-06,Wales,Turkey,-46.881658835895905,-0.6000000000000001,0.5,0,D
2024-09-06,Honduras,Trinidad and Tobago,-92.78426557853686,-0.6000000000000001,0.5,0,H
2024-09-06,Lithuania,Cyprus,29.77400214250747,0.6000000000000001,0.0,0,A
2024-09-06,Cook Islands,Tonga,-4.134676144592731,0.0,1.0,1,A
2024-09-06,Samoa,American Samoa,26.829755018009564,1.2,1.0,0,H
2024-09-06,Peru,Colombia,-162.19481279052252,-1.0,0.5,0,D
2024-09-06,Uruguay,Paraguay,172.18207105177112,0.6,1.0,0,D
2024-09-06,Brazil,Ecuador,65.08520632105592,-0.20000000000000018,1.0,0,H
2024-09-06,Kosovo,Romania,-56.08517590352494,-0.19999999999999996,0.0,0,A
2024-09-06,Sint Maarten,Aruba,-6.4349536234665266,-0.19999999999999996,0.5,1,H
2024-09-06,DR Congo,Guinea,-5.1134058519178325,-0.19999999999999996,1.0,0,H
2024-09-06,Saint Lucia,Curaçao,35.80464482082948,-1.8000000000000003,0.5,1,H
2024-09-06,Grenada,Saint Martin,-133.05711990113764,-2.1999999999999997,0.5,0,H
2024-09-06,Syria,Mauritius,2.4644709550768766,0.19999999999999996,0.5,1,H
2024-09-06,Brunei,Macau,-1.6657168816063859,1.6,0.5,0,H
2024-09-06,Morocco,Gabon,156.67534874604553,0.6000000000000001,0.5,0,H
2024-09-06,Togo,Liberia,64.93515855302894,-1.2000000000000002,0.5,0,D
2024-09-06,Sierra Leone,Chad,31.90850926026269,-0.3999999999999999,0.5,1,D
2024-09-06,Ivory Coast,Zambia,109.69427805022815,1.8000000000000003,0.5,0,H
2024-09-06,Egypt,Cape Verde,55.61681488624504,-0.3999999999999999,0.5,0,H
2024-09-06,Mali,Mozambique,124.26178357418394,-0.20000000000000018,0.5,0,D
2024-09-06,Kenya,Zimbabwe,78.2207366857433,0.19999999999999996,0.5,1,D
2024-09-06,South Africa,Uganda,139.37658723668733,-0.40000000000000013,1.0,0,D
2024-09-06,Senegal,Burkina Faso,116.81067068417588,2.0,1.0,0,D
2024-09-06,French Guiana,Nicaragua,4.021946900558532,0.40000000000000013,0.5,0,A
2024-09-06,Jamaica,Cuba,40.27548327018917,0.0,0.5,0,D
2024-09-07,Netherlands,Bosnia and Herzegovina,243.28024837533326,1.4,1.0,0,H
2024-09-07,Armenia,Latvia,3.4652910612242067,-0.4,0.5,0,H
2024-09-07,Faroe Islands,North Macedonia,-98.8545602484619,0.4,0.0,0,D
2024-09-07,Greece,Finland,82.63164096172386,0.20000000000000018,0.5,0,H
2024-09-07,Republic of Ireland,England,-178.62528576831846,-0.6000000000000001,0.0,0,A
2024-09-07,Ukraine,Albania,57.55324807116904,0.0,0.5,1,A
2024-09-07,Georgia,Czech Republic,-10.221774391199688,0.0,0.5,0,H
2024-09-07,Moldova,Malta,7.142874229830568,0.6,0.5,0,H
2024-09-07,Germany,Hungary,25.24661605927531,0.8,0.5,0,H
2024-09-07,Bermuda,Dominican Republic,-45.31268787057229,-0.5999999999999999,0.5,1,A
2024-09-07,Turks and Caicos Islands,Belize,5.148005917088767,-0.20000000000000007,0.0,0,A
2024-09-07,Bahamas,Barbados,33.84750553466847,0.4,0.5,1,A
2024-09-07,Antigua and Barbuda,Dominica,-43.385821481140965,-0.9999999999999999,0.5,0,A
2024-09-07,Cameroon,Namibia,40.431781321932704,0.7999999999999999,0.0,0,H
2024-09-07,Nigeria,Benin,70.49341617706409,-0.6000000000000001,0.5,0,H
2024-09-07,Mauritania,Botswana,-5.146657730057768,-1.2,0.5,0,H
2024-09-07,United States,Canada,43.12706371418358,-0.3999999999999999,0.6666666666666666,0,A
2024-09-07,Mexico,New Zealand,42.933332744278914,-1.8,0.5,1,H
2024-09-07,Cayman Islands,Saint Kitts and Nevis,-6.875160228895993,0.40000000000000013,0.5,0,A
2024-09-08,Gibraltar,Liechtenstein,67.95805720624821,0.4,1.0,0,D
2024-09-08,Bulgaria,Northern Ireland,-6.382960085397144,-0.6000000000000001,1.0,0,H
2024-09-08,Luxembourg,Belarus,16.578923452633717,0.19999999999999996,0.5,0,A
2024-09-08,Sweden,Estonia,149.51800048482028,0.3999999999999999,1.0,0,H
2024-09-08,Slovakia,Azerbaijan,73.34389631188037,0.0,0.5,0,H
2024-09-08,Switzerland,Spain,-126.33765906912822,-1.4000000000000001,0.3333333333333333,0,A
2024-09-08,Croatia,Poland,56.512134413188505,-0.3999999999999999,0.5,0,H
2024-09-08,Denmark,Serbia,32.838987220583704,0.0,1.0,0,H
2024-09-08,Bonaire,El Salvador,63.04514014791448,-0.3999999999999999,0.5,0,A
2024-09-08,Saint Vincent and the Grenadines,Montserrat,-36.37868792507015,0.19999999999999996,0.5,1,H
2024-09-08,Gambia,Tunisia,-133.20534007924175,-1.0,1.0,1,A
2024-09-08,Malaysia,Lebanon,106.69541987393268,0.0,0.5,0,H
2024-09-08,Tajikistan,Philippines,74.92403170429907,0.8,0.5,1,D
2024-09-08,Bhutan,Bangladesh,5.786883607080654,0.0,0.0,0,H
2024-09-08,Portugal,Scotland,140.61003367612875,1.2000000000000002,0.5,0,H
2024-09-09,Puerto Rico,Aruba,39.69606859878627,0.19999999999999996,0.5,0,H
2024-09-09,France,Belgium,16.30898874190325,-0.3999999999999999,1.0,0,H
2024-09-09,Israel,Italy,-143.672878961082,-0.19999999999999996,0.5,1,A
2024-09-09,Norway,Austria,-53.20674630653025,-0.3999999999999999,0.0,0,H
2024-09-09,Turkey,Iceland,94.25823137800694,-0.40000000000000013,0.5,0,H
2024-09-09,Montenegro,Wales,-47.30081068720983,0.0,0.5,0,A
2024-09-09,Grenada,Saint Lucia,-106.82575464176102,-0.19999999999999996,0.5,0,A
2024-09-09,Cyprus,Kosovo,-64.34682793728734,0.7999999999999999,0.0,0,A
2024-09-09,Romania,Lithuania,129.16697955028803,-0.6000000000000001,0.5,0,H
2024-09-09,Samoa,Tonga,29.2117067648403,0.0,1.0,0,H
2024-09-09,Slovenia,Kazakhstan,143.9752435079008,0.19999999999999996,1.0,0,H
2024-09-09,Curaçao,Saint Martin,-52.67652956294364,-0.7999999999999998,0.5,1,H
2024-09-09,Haiti,Sint Maarten,60.68972412983203,0.19999999999999996,0.5,1,H
2024-09-09,Martinique,Guyana,-18.95111136417404,1.0,0.5,0,D
2024-09-09,Guatemala,Costa Rica,-24.627953868960503,-0.6000000000000001,1.0,0,D
2024-09-09,India,Syria,21.065633347099492,-0.7999999999999999,0.0,0,A
2024-09-09,Madagascar,Comoros,-18.42180488045983,-0.20000000000000018,1.0,1,D
2024-09-09,Equatorial Guinea,Togo,28.365562644356487,0.19999999999999996,0.5,0,D
2024-09-09,Niger,Ghana,-104.68804321725588,-0.7999999999999999,0.5,1,D
2024-09-09,Morocco,Lesotho,247.01536104194793,1.4000000000000001,0.5,0,H
2024-09-09,Ethiopia,DR Congo,-71.01011384466483,-0.40000000000000013,0.5,1,A
2024-09-09,Uganda,Congo,6.688218123523484,0.3999999999999999,0.5,0,H
2024-09-09,Burundi,Senegal,-146.12621123832514,-0.8000000000000003,0.5,1,A
2024-09-09,Guadeloupe,Suriname,2.7655649188559437,-0.8,0.0,0,H
2024-09-09,Angola,Sudan,67.84716791396681,-1.0,0.5,0,H
2024-09-10,Latvia,Faroe Islands,38.34348458156455,0.19999999999999996,1.0,0,H
2024-09-10,Colombia,Argentina,-86.5808602083955,-1.0,0.0,0,H
2024-09-10,Andorra,Malta,-68.54659427738261,-0.2,0.0,0,A
2024-09-10,North Macedonia,Armenia,31.703474700959987,-0.7999999999999999,0.75,0,H
2024-09-10,Republic of Ireland,Greece,-86.98526938653913,-1.2,0.0,0,A
2024-09-10,Ecuador,Peru,62.27272496531964,0.0,0.0,0,H
2024-09-10,Czech Republic,Ukraine,-9.044009219346435,-0.5999999999999999,0.5,0,H
2024-09-10,Albania,Georgia,-35.59265081928902,0.0,0.5,0,A
2024-09-10,Netherlands,Germany,30.782312680307996,-0.19999999999999996,0.0,0,D
2024-09-10,Hungary,Bosnia and Herzegovina,176.6119711607239,1.2,0.5,0,D
2024-09-10,England,Finland,200.1396422911048,1.2,0.5,0,H
2024-09-10,Chile,Bolivia,96.06916948561684,0.4,1.0,0,A
2024-09-10,Saint Kitts and Nevis,British Virgin Islands,51.08153764958229,1.6,0.5,1,H
2024-09-10,Paraguay,Brazil,-205.49189246461788,-1.0,0.0,0,H
2024-09-10,North Korea,Qatar,-97.33394321803507,-0.6000000000000001,0.5,1,D
2024-09-10,Zimbabwe,Cameroon,-133.03544416237378,-1.4,0.5,1,D
2024-09-10,Kyrgyzstan,Uzbekistan,-143.5377370696076,-1.0,0.0,0,A
2024-09-10,United Arab Emirates,Iran,-108.20155476204422,0.0,0.0,0,A
2024-09-10,Oman,South Korea,-58.81963849642398,-0.20000000000000018,0.5,0,A
2024-09-10,Kuwait,Iraq,-136.4345284930821,-2.0,0.0,0,D
2024-09-10,Palestine,Jordan,-88.12402074524357,-0.6000000000000001,0.0,1,A
2024-09-10,Bahrain,Japan,-116.95978124288604,-0.19999999999999973,0.0,0,A
2024-09-10,Indonesia,Australia,-85.03118035966372,-0.7999999999999998,0.0,0,D
2024-09-10,China,Saudi Arabia,-60.57818663847638,-0.6000000000000001,0.0,0,A
2024-09-10,Venezuela,Uruguay,-95.73322734470594,1.2,0.0,0,D
2024-09-10,Belize,Anguilla,27.044031465542275,0.3999999999999999,0.5,1,H
2024-09-10,Botswana,Egypt,-169.07984471043278,-0.6000000000000001,0.5,0,A
2024-09-10,Antigua and Barbuda,Bermuda,3.612861914537689,-0.6000000000000001,0.5,0,A
2024-09-10,Mexico,Canada,5.089450175121328,0.19999999999999996,0.5,1,D
2024-09-10,Moldova,San Marino,151.6639079056547,0.5999999999999999,0.5,0,H
2024-09-10,United States,New Zealand,76.042087595049,-1.5999999999999999,0.5,0,D
2024-09-10,Vietnam,Thailand,-68.88655434937368,-0.4,0.0,0,A
2024-09-10,Cambodia,Sri Lanka,9.03240415144569,-0.19999999999999996,0.5,0,D
2024-09-10,Macau,Brunei,-18.430168755253817,-2.1999999999999997,0.0,0,A
2024-09-10,Mongolia,Timor-Leste,-14.860010120449942,-0.6,0.0,0,H
2024-09-10,Gabon,Central African Republic,48.60469660203876,-1.5999999999999999,0.5,0,H
2024-09-10,Cape Verde,Mauritania,81.48793578236723,1.0,1.0,0,H
2024-09-10,Rwanda,Nigeria,-77.96178470533687,0.20000000000000018,0.5,0,D
2024-09-10,Benin,Libya,-47.557460061286065,-0.6000000000000001,0.5,1,H
2024-09-10,Liberia,Algeria,-216.75848610104526,-0.19999999999999996,0.0,0,A
2024-09-10,United States Virgin Islands,Barbados,40.56127962899882,0.0,0.5,0,A
2024-09-10,Chad,Ivory Coast,-196.79729496940354,-0.8000000000000003,0.5,1,A
2024-09-10,Dominican Republic,Dominica,-1.7951267521714271,0.0,1.0,1,H
2024-09-10,Honduras,Jamaica,-54.45032728828369,1.2,0.0,0,A
2024-09-10,Trinidad and Tobago,French Guiana,15.044740937870301,0.19999999999999996,0.5,0,D
2024-09-10,Cuba,Nicaragua,-52.24849163329873,-0.6000000000000001,0.5,0,D
2024-09-10,Burkina Faso,Malawi,76.56626579058684,-0.7999999999999999,1.0,1,H
2024-09-10,Zambia,Sierra Leone,43.138898420729674,-0.8,0.5,0,H
2024-09-10,Namibia,Kenya,1.1280990713419214,-0.6,0.5,1,A
2024-09-10,Eswatini,Mali,-159.62131639317545,-0.19999999999999996,0.5,1,A
2024-09-10,Mozambique,Guinea-Bissau,3.715407343376455,0.6000000000000001,0.5,0,H
2024-09-10,Guinea,Tanzania,33.60197560200527,0.19999999999999996,0.5,1,A
2024-09-10,South Sudan,South Africa,-160.9701933550316,-0.7999999999999999,0.5,0,A
2024-10-08,Brunei,Timor-Leste,41.83604732335925,1.8,0.5,0,A
2024-10-09,Belize,Anguilla,45.49038839897935,1.0,1.0,0,H
2024-10-09,Saint Kitts and Nevis,British Virgin Islands,68.16205376731227,1.8,1.0,0,H
2024-10-09,Barbados,United States Virgin Islands,-18.23693485956892,0.6,1.0,0,H
2024-10-10,Fiji,Solomon Islands,1.5064454963467142,1.4,0.5,0,H
2024-10-10,Moldova,Andorra,109.22303699180975,2.0,1.0,0,H
2024-10-10,Bolivia,Colombia,-274.58742539494597,-0.8,0.0,0,H
2024-10-10,Ecuador,Paraguay,117.02726932452424,0.8,0.5,0,D
2024-10-10,Venezuela,Argentina,-219.494688972497,-0.3999999999999999,0.0,0,D
2024-10-10,Chile,Brazil,-166.3331089132298,-1.2000000000000002,0.0,0,A
2024-10-10,Papua New Guinea,New Caledonia,-21.604500009583944,-1.0,0.5,1,A
2024-10-10,Qatar,Kyrgyzstan,109.98149727804389,0.6000000000000001,0.5,0,H
2024-10-10,Saudi Arabia,Japan,-132.9714467461938,-1.4,0.5,0,A
2024-10-10,United Arab Emirates,North Korea,67.34677864820401,1.0,0.5,0,D
2024-10-10,Jordan,South Korea,-38.28684746523345,-0.3999999999999999,1.0,0,A
2024-10-10,Oman,Kuwait,78.95792800906679,0.19999999999999996,0.5,0,H
2024-10-10,Iraq,Palestine,115.98146802492329,1.6,0.5,0,H
2024-10-10,Bahrain,Indonesia,19.14037294634727,0.40000000000000013,0.5,0,D
2024-10-10,Australia,China,140.718506349662,1.2,1.0,0,H
2024-10-10,Gibraltar,San Marino,64.02104205526825,0.19999999999999996,1.0,0,H
2024-10-10,Uzbekistan,Iran,-51.90691162641588,0.0,0.0,0,D
2024-10-10,Faroe Islands,Armenia,-61.42012379199673,-1.0,0.5,0,D
2024-10-10,Latvia,North Macedonia,-55.158474464670235,0.5999999999999999,0.5,0,A
2024-10-10,Myanmar,Sri Lanka,-36.135656257515166,-0.8,0.5,0,H
2024-10-10,Liechtenstein,Hong Kong,-154.52149364014826,-0.4,0.5,0,H
2024-10-10,Norway,Slovenia,-37.58764533454632,0.20000000000000018,0.0,0,H
2024-10-10,Cape Verde,Botswana,109.8186488171375,1.0,0.5,0,A
2024-10-10,Algeria,Togo,159.16550959731921,0.8,1.0,0,H
2024-10-10,Ghana,Sudan,38.91733779285414,-1.0,0.5,0,D
2024-10-10,DR Congo,Tanzania,45.802917207411156,0.0,1.0,0,H
2024-10-10,Burkina Faso,Burundi,49.654309760963315,-0.3999999999999999,0.5,1,H
2024-10-10,Cuba,Trinidad and Tobago,-49.158318290936904,0.0,0.5,0,D
2024-10-10,Namibia,Zimbabwe,61.235892441533,-0.19999999999999996,1.0,1,A
2024-10-10,Nicaragua,Jamaica,4.343024694839642,1.4000000000000001,0.5,0,A
2024-10-10,Bonaire,Montserrat,35.44495466478725,0.4,0.5,1,A
2024-10-10,Saint Vincent and the Grenadines,El Salvador,-10.281851275563668,-1.0,0.0,0,A
2024-10-10,Israel,France,-189.50539303204732,-0.7999999999999999,0.5,1,A
2024-10-10,Italy,Belgium,1.7091310332875764,0.0,1.0,0,D
2024-10-10,England,Greece,99.43169166010375,0.0,0.5,0,A
2024-10-10,Finland,Republic of Ireland,-8.232147201654243,0.20000000000000007,1.0,0,A
2024-10-10,Austria,Kazakhstan,148.7112939066085,1.2,0.5,0,H
2024-10-10,French Guiana,Honduras,61.400136378677416,-0.40000000000000013,0.5,0,A
2024-10-11,Hungary,Netherlands,-78.3809249340627,-1.2,0.5,0,D
2024-10-11,Guyana,Guatemala,-34.903084535801554,-0.19999999999999996,0.0,0,A
2024-10-11,Grenada,Curaçao,-71.5982360658063,-1.2,0.5,1,D
2024-10-11,Saint Lucia,Saint Martin,19.59761034930898,-0.40000000000000013,0.5,0,H
2024-10-11,Sint Maarten,Puerto Rico,-42.893801575063435,0.40000000000000013,0.5,1,H
2024-10-11,Aruba,Haiti,-91.75831657177514,-2.1999999999999997,0.5,0,A
2024-10-11,Czech Republic,Albania,44.46556094347443,0.0,0.5,0,H
2024-10-11,Suriname,Costa Rica,-34.91511273259016,0.3999999999999999,0.0,0,D
2024-10-11,Iceland,Wales,-66.0576466921857,0.0,0.5,0,D
2024-10-11,Turkey,Montenegro,107.4986149518611,1.4,1.0,0,H
2024-10-11,Estonia,Azerbaijan,-50.62117254415102,0.0,0.0,0,H
2024-10-11,Thailand,Philippines,137.05818112807697,1.4000000000000001,1.0,0,H
2024-10-11,Peru,Uruguay,-106.71089917953964,-0.4,0.0,0,H
2024-10-11,New Zealand,Tahiti,5.863870081998357,0.6000000000000001,1.0,1,H
2024-10-11,Syria,Tajikistan,-20.54929138961893,0.8,1.0,1,H
2024-10-11,Ukraine,Georgia,-20.561837963865855,-1.2,0.5,1,H
2024-10-11,Guadeloupe,Martinique,63.668244305084954,1.2,0.5,0,A
2024-10-11,Slovakia,Sweden,-21.601096016941938,-0.40000000000000013,0.0,0,D
2024-10-11,South Africa,Congo,153.92576182866583,1.0,0.5,0,H
2024-10-11,Senegal,Malawi,200.75218634279008,1.6,1.0,0,H
2024-10-11,Cambodia,Taiwan,-12.534178168245717,1.0,0.5,0,H
2024-10-11,Madagascar,Gambia,-12.13606935484404,0.8,0.5,1,D
2024-10-11,Tunisia,Comoros,140.6659986855916,1.0000000000000002,1.0,0,A
2024-10-11,Gabon,Lesotho,91.29083861757545,0.7999999999999999,0.5,0,D
2024-10-11,Egypt,Mauritania,167.11138567339526,1.2,0.5,0,H
2024-10-11,Benin,Rwanda,0.6248398009461198,0.19999999999999996,1.0,1,H
2024-10-11,Nigeria,Libya,48.086137386564815,0.20000000000000018,0.5,0,H
2024-10-11,Bosnia and Herzegovina,Germany,-216.60507209290336,-1.4000000000000001,0.5,0,A
2024-10-11,Angola,Niger,143.9108393617605,1.4000000000000001,0.5,0,H
2024-10-11,Zambia,Chad,86.85314465747388,-0.20000000000000007,0.5,0,D
2024-10-11,Equatorial Guinea,Liberia,93.25281488800897,-0.3999999999999999,0.0,0,H
2024-10-11,Ivory Coast,Sierra Leone,180.35783184615048,1.6,1.0,0,H
2024-10-11,Mozambique,Eswatini,57.819349094796735,2.0,0.0,0,D
2024-10-11,Mali,Guinea-Bissau,136.71116374675444,0.6000000000000001,1.0,0,H
2024-10-11,Cameroon,Kenya,45.55812876731943,-0.19999999999999996,0.5,0,H
2024-10-11,Uganda,South Sudan,44.69213904397634,0.9999999999999999,0.5,0,H
2024-10-12,Belarus,Northern Ireland,-5.774085065086638,-0.8,0.5,1,D
2024-10-12,Bulgaria,Luxembourg,24.133228761448436,1.4,0.5,0,D
2024-10-12,Cyprus,Romania,-151.8446633858971,-0.19999999999999996,0.5,0,A
2024-10-12,Lithuania,Kosovo,-70.89599947324041,0.19999999999999996,0.0,0,A
2024-10-12,Spain,Denmark,92.82437503570054,1.0,0.5,0,H
2024-10-12,Serbia,Switzerland,-4.409079476701436,-0.4,0.0,0,H
2024-10-12,Poland,Portugal,-113.55926141279633,-0.8,0.5,0,A
2024-10-12,Croatia,Scotland,112.65878973202416,0.8,1.0,0,H
2024-10-12,Vanuatu,Samoa,-52.52409096259976,0.0,0.5,0,H
2024-10-12,Turks and Caicos Islands,Anguilla,29.817006862591143,-0.19999999999999996,0.0,1,H
2024-10-12,Bahamas,United States Virgin Islands,-6.969460378503527,-0.39999999999999997,0.5,1,H
2024-10-12,Bermuda,Dominica,-44.35844570093627,-0.3999999999999999,0.5,0,H
2024-10-12,Antigua and Barbuda,Dominican Republic,-79.26175747101729,-1.6,0.5,1,A
2024-10-12,Guinea,Ethiopia,52.849207051418716,0.0,1.0,1,H
2024-10-12,Morocco,Central African Republic,229.32375682861516,0.8,1.0,0,H
2024-10-12,Vietnam,India,2.1040126644425072,0.19999999999999996,1.0,0,D
2024-10-12,United States,Panama,20.592511360449407,-0.3999999999999999,0.5,0,H
2024-10-12,Cayman Islands,British Virgin Islands,41.20527672825392,1.2,1.0,1,H
2024-10-13,Malta,Moldova,-31.52782314933097,-1.5999999999999999,0.0,0,H
2024-10-13,Liechtenstein,Gibraltar,-58.097389000950216,-0.6000000000000001,0.0,0,D
2024-10-13,Armenia,North Macedonia,-60.0587658413599,0.0,0.2,0,A
2024-10-13,Faroe Islands,Latvia,-45.96993247730779,-0.7999999999999999,0.0,0,D
2024-10-13,Kazakhstan,Slovenia,-151.0169414536399,-1.0,0.0,0,A
2024-10-13,Greece,Republic of Ireland,105.10317388297153,1.2,1.0,0,H
2024-10-13,Austria,Norway,25.05328359774444,-0.6000000000000001,0.5,0,H
2024-10-13,Saint Vincent and the Grenadines,El Salvador,-29.69015306068809,-1.5999999999999999,0.0,0,H
2024-10-13,Montserrat,Bonaire,-13.41162834183956,0.19999999999999996,1.0,1,A
2024-10-13,Burundi,Burkina Faso,-66.81528085466107,-0.20000000000000018,0.0,1,A
2024-10-13,Myanmar,Sri Lanka,-14.062988918663905,0.4,1.0,0,D
2024-10-13,Andorra,San Marino,55.44766200115009,-0.6,1.0,0,H
2024-10-13,Finland,England,-206.7207819823575,-1.6,0.0,0,A
2024-10-14,Italy,Israel,160.82352422878307,1.0,1.0,0,H
2024-10-14,Bosnia and Herzegovina,Hungary,-173.92240197486967,-0.8,0.5,0,A
2024-10-14,Germany,Netherlands,-22.3316697908449,0.3999999999999999,1.0,0,H
2024-10-14,Georgia,Albania,51.68690375421852,1.0,1.0,0,A
2024-10-14,Ukraine,Czech Republic,-9.612481333221467,0.0,0.0,1,D
2024-10-14,Wales,Montenegro,69.7169823756874,1.2,1.0,0,H
2024-10-14,Iceland,Turkey,-114.08393222673658,-0.6000000000000001,0.0,0,A
2024-10-14,Azerbaijan,Slovakia,-101.25120111861065,-1.0,0.3333333333333333,0,A
2024-10-14,Estonia,Sweden,-149.33806752688588,0.0,0.0,0,A
2024-10-14,Tajikistan,Philippines,66.33372310837603,0.6000000000000001,0.5,1,A
2024-10-14,Belgium,France,-40.350713818624854,-0.3999999999999999,0.0,0,A
2024-10-14,Thailand,Syria,82.58780678463245,0.19999999999999996,0.0,0,H
2024-10-14,Aruba,Haiti,-106.595757781452,-2.8,0.0,0,A
2024-10-14,Kenya,Cameroon,-62.950520247928125,-1.0000000000000002,0.0,1,A
2024-10-14,Saint Lucia,Saint Martin,38.47067614414118,0.8,1.0,0,A
2024-10-14,Puerto Rico,Sint Maarten,20.437104823137588,-0.40000000000000013,0.0,1,H
2024-10-14,Gambia,Madagascar,11.43774503854047,-0.19999999999999996,0.5,1,H
2024-10-14,Liberia,Equatorial Guinea,-108.01004761014906,-0.3999999999999999,0.5,0,A
2024-10-14,Togo,Algeria,-170.59457415537736,-1.7999999999999998,0.0,0,A
2024-10-14,Eswatini,Mozambique,-54.52138916443869,-2.0,1.0,1,A
2024-10-14,New Zealand,Malaysia,-10.79317261738629,0.0,0.5,0,H
2024-10-14,Nicaragua,French Guiana,15.908286431623992,1.2,1.0,0,H
2024-10-14,Jamaica,Honduras,69.71725522246038,-0.40000000000000013,1.0,0,D
2024-10-14,Trinidad and Tobago,Cuba,46.34727128010195,0.0,0.5,0,H
2024-10-14,Curaçao,Grenada,67.53407950205792,1.0,0.5,1,H
2024-10-14,Zimbabwe,Namibia,-37.74692412969216,0.6,0.5,1,H
2024-10-15,Scotland,Portugal,-166.64023469397557,-2.0,0.0,0,D
2024-10-15,Poland,Croatia,-86.99702910396968,-0.8,0.0,0,D
2024-10-15,Spain,Serbia,141.04181494610407,1.4000000000000001,0.5,0,H
2024-10-15,Switzerland,Denmark,-49.2819454630212,-0.5999999999999999,0.0,0,D
2024-10-15,Kosovo,Cyprus,94.55989915492296,0.0,1.0,0,H
2024-10-15,Lithuania,Romania,-155.9315520142302,-1.2,0.0,0,A
2024-10-15,Northern Ireland,Bulgaria,-13.457112343392282,0.0,0.0,0,H
2024-10-15,Belarus,Luxembourg,3.847393438825293,0.8,1.0,1,D
2024-10-15,Colombia,Chile,192.8733631505213,1.2,1.0,0,H
2024-10-15,Paraguay,Venezuela,-57.000658831556166,-0.19999999999999996,0.6666666666666666,0,H
2024-10-15,Uruguay,Ecuador,18.253120960176147,-0.3999999999999999,0.3333333333333333,0,D
2024-10-15,Brazil,Peru,129.14104329495285,0.8,1.0,0,H
2024-10-15,Uzbekistan,United Arab Emirates,73.65737178374707,0.6000000000000001,1.0,0,H
2024-10-15,Iran,Qatar,89.22140495539952,0.6000000000000001,0.0,1,H
2024-10-15,Kyrgyzstan,North Korea,-26.959041974238744,-0.19999999999999996,0.5,0,H
2024-10-15,Palestine,Kuwait,13.964763544649259,-0.7999999999999999,1.0,1,D
2024-10-15,South Korea,Iraq,27.584589158151857,0.0,1.0,0,H
2024-10-15,Japan,Australia,69.57054790970142,1.0,1.0,0,D
2024-10-15,China,Indonesia,-67.19465535770155,-1.0,0.5,0,H
2024-10-15,Saudi Arabia,Bahrain,-8.300063044926674,0.19999999999999996,0.5,0,D
2024-10-15,Saint Kitts and Nevis,Cayman Islands,34.26308456311449,0.5999999999999999,1.0,0,D
2024-10-15,Timor-Leste,Brunei,-19.439343329744588,-1.2,0.6666666666666666,1,D
2024-10-15,Argentina,Bolivia,314.1064175869899,0.19999999999999996,1.0,0,H
2024-10-15,Jordan,Oman,20.510646726371306,0.20000000000000018,1.0,0,H
2024-10-15,Belize,Turks and Caicos Islands,23.925707989414832,0.8,1.0,0,H
2024-10-15,Bermuda,Dominica,-21.81875285280671,0.7999999999999999,1.0,0,H
2024-10-15,Canada,Panama,11.644213437314193,0.0,0.6666666666666666,0,H
2024-10-15,Hong Kong,Cambodia,-22.6485624932061,-0.6000000000000001,1.0,0,H
2024-10-15,Mexico,United States,-22.967784984780792,0.8,0.0,0,H
2024-10-15,Comoros,Tunisia,-112.98384691326328,-0.3999999999999999,0.5,1,D
2024-10-15,Lesotho,Gabon,-86.15340570573335,-0.5999999999999999,0.5,1,A
2024-10-15,Morocco,Central African Republic,237.7558652822247,1.8,1.0,0,H
2024-10-15,Mauritania,Egypt,-178.17073962129302,-2.0,0.0,0,A
2024-10-15,Botswana,Cape Verde,-83.69942277221003,0.0,1.0,0,H
2024-10-15,Rwanda,Benin,-20.58887116944561,-1.4,0.0,0,H
2024-10-15,Sudan,Ghana,-36.68639843482288,0.3999999999999999,0.5,1,H
2024-10-15,Niger,Angola,-156.07003176362855,-2.4,0.0,1,A
2024-10-15,Barbados,Bahamas,-0.41920549654014394,1.0,1.0,0,H
2024-10-15,Sierra Leone,Ivory Coast,-190.81755129431485,-1.6,0.0,1,H
2024-10-15,Tanzania,DR Congo,-63.18145834361576,-1.0,0.0,0,A
2024-10-15,Ethiopia,Guinea,-69.83021095115396,-0.6,0.0,1,A
2024-10-15,Guinea-Bissau,Mali,-149.22392593183145,-0.6000000000000001,0.0,0,D
2024-10-15,South Sudan,Uganda,-62.13354931937761,-1.8,0.3333333333333333,0,A
2024-10-15,Congo,South Africa,-165.60263936710885,-1.4000000000000001,0.0,0,D
2024-10-15,Malawi,Senegal,-210.33073087205366,-1.6,0.0,0,A
2024-10-15,Costa Rica,Guatemala,13.212281885033008,0.0,0.0,0,H
2024-10-15,Guadeloupe,Martinique,40.043687418298305,0.6000000000000001,0.0,0,D
2024-10-15,Suriname,Guyana,33.2009391435638,1.2,1.0,0,H
2024-10-15,Dominican Republic,Antigua and Barbuda,94.77662483693234,2.1999999999999997,1.0,1,H
2024-10-15,Chad,Zambia,-81.95508264563114,-0.4,0.5,1,A
2024-11-13,Namibia,Cameroon,-104.22554550923132,-2.0,0.5,1,D
2024-11-13,Chad,Sierra Leone,-41.189220282926726,-0.6,0.5,1,D
2024-11-13,Bangladesh,Maldives,-41.16629297104873,-0.20000000000000007,0.6,0,A
2024-11-13,Tajikistan,Nepal,42.2043529753098,0.6000000000000001,0.5,0,H
2024-11-13,Liberia,Togo,-69.71839764237916,0.4,0.5,0,H
2024-11-14,Bahrain,China,73.08522402464973,0.6,0.5,0,A
2024-11-14,North Korea,Iran,-204.37752979611355,-1.8000000000000003,0.5,1,A
2024-11-14,Papua New Guinea,Fiji,-60.611278916763695,-0.5999999999999999,0.6666666666666666,0,D
2024-11-14,Qatar,Uzbekistan,-55.67863336670666,-0.8000000000000003,0.5,0,H
2024-11-14,United Arab Emirates,Kyrgyzstan,71.79130342434746,0.19999999999999996,0.5,0,H
2024-11-14,Kuwait,South Korea,-179.89780711330627,-1.4000000000000001,0.5,0,A
2024-11-14,Iraq,Jordan,9.88911180445939,0.0,0.0,0,D
2024-11-14,Oman,Palestine,71.51602625488636,0.4,1.0,0,H
2024-11-14,Australia,Saudi Arabia,77.83671926628676,0.6000000000000001,0.0,0,D
2024-11-14,Burundi,Malawi,35.27429061035741,1.2,1.0,1,D
2024-11-14,Lesotho,Central African Republic,-22.19426574978229,-0.39999999999999997,0.0,1,H
2024-11-14,Rwanda,Libya,-16.227016379088127,0.8,0.5,0,A
2024-11-14,Benin,Nigeria,-82.15756737019751,0.19999999999999996,0.3333333333333333,1,D
2024-11-14,Equatorial Guinea,Algeria,-129.22727105354988,-1.0,0.5,0,D
2024-11-14,Niger,Sudan,-83.9549884863136,-1.8,0.3333333333333333,1,H
2024-11-14,South Sudan,Congo,-33.93712978658732,-0.8,0.3333333333333333,0,H
2024-11-14,Burkina Faso,Senegal,-101.22328953712736,-0.3999999999999999,0.0,1,A
2024-11-14,Solomon Islands,New Caledonia,-1.1708946366322834,-2.6,1.0,1,A
2024-11-14,Madagascar,Tunisia,-150.36707323481073,-1.0,0.0,1,A
2024-11-14,Paraguay,Argentina,-256.5013463717653,-0.3999999999999999,0.0,0,H
2024-11-14,Jamaica,United States,-64.50913377492611,0.8,0.0,0,A
2024-11-14,Venezuela,Brazil,-138.24488454214793,-1.4,0.0,0,D
2024-11-14,Belgium,Italy,-16.1302078354513,-1.2,0.0,0,A
2024-11-14,France,Israel,214.0829532110231,1.2000000000000002,1.0,0,D
2024-11-14,Ecuador,Bolivia,162.67277432261903,-0.6000000000000001,1.0,0,H
2024-11-14,Greece,England,-71.46059194029408,1.2,1.0,0,A
2024-11-14,Kazakhstan,Austria,-175.82595425860404,-1.2,0.0,0,A
2024-11-14,Slovenia,Norway,30.62038667802608,0.20000000000000018,0.5,0,A
2024-11-14,North Macedonia,Latvia,81.6135454754251,0.6000000000000001,1.0,0,H
2024-11-14,Armenia,Faroe Islands,48.31703581568672,0.7999999999999999,0.5,0,A
2024-11-14,Montserrat,Saint Vincent and the Grenadines,14.546344729312068,-0.7999999999999999,0.0,1,A
2024-11-14,Republic of Ireland,Finland,25.359694592718142,0.39999999999999997,0.3333333333333333,0,H
2024-11-14,Belize,French Guiana,-33.09915541821874,1.5999999999999999,0.6666666666666666,0,H
2024-11-14,Saint Kitts and Nevis,Cuba,9.179836505088588,1.4000000000000001,0.5,0,H
2024-11-14,Costa Rica,Panama,-10.51192582274598,1.0000000000000002,0.125,0,A
2024-11-14,Hong Kong,Philippines,-1.6463099551751839,0.8,0.5,0,H
2024-11-14,Malaysia,Laos,123.62232504835333,1.2,1.0,1,H
2024-11-14,Malta,Liechtenstein,134.0234816280108,0.0,1.0,0,H
2024-11-14,Singapore,Myanmar,81.36364861687935,-0.6000000000000001,1.0,0,H
2024-11-14,Thailand,Lebanon,134.3362100533393,1.2000000000000002,1.0,0,D
2024-11-14,El Salvador,Bonaire,-39.20112229079609,1.4,1.0,0,H
2024-11-15,Uruguay,Colombia,-69.31309774917258,-0.5999999999999999,0.5,0,H
2024-11-15,Samoa,Tahiti,-21.93795035203084,0.3999999999999999,0.0,1,A
2024-11-15,New Zealand,Vanuatu,87.29823975765726,0.19999999999999996,1.0,0,H
2024-11-15,Indonesia,Japan,-165.34386932370876,-1.4000000000000001,0.0,0,A
2024-11-15,Uganda,South Africa,-112.07424930601292,-0.20000000000000018,0.0,0,A
2024-11-15,Gambia,Comoros,-12.88756248312643,-0.8,0.5,1,A
2024-11-15,Gabon,Morocco,-166.77053766126664,-1.0,0.0,0,A
2024-11-15,Zambia,Ivory Coast,-104.68514252593786,-0.6000000000000001,0.3333333333333333,0,H
2024-11-15,Cape Verde,Egypt,-106.46154810002145,-1.4000000000000001,0.0,0,D
2024-11-15,Angola,Ghana,69.10775300978025,1.6,0.5,0,D
2024-11-15,Eswatini,Guinea-Bissau,-38.90499432927595,-0.8,0.0,1,D
2024-11-15,Mozambique,Mali,-108.62243959889224,0.40000000000000013,0.5,0,A
2024-11-15,Zimbabwe,Kenya,-40.442154305781514,0.6000000000000001,0.5,1,D
2024-11-15,Peru,Chile,46.79847971012737,0.6000000000000001,0.3333333333333333,0,D
2024-11-15,Botswana,Mauritania,23.294063738273962,1.2000000000000002,0.0,0,D
2024-11-15,Suriname,Canada,-74.9706761167813,0.3999999999999999,0.0,0,A
2024-11-15,Russia,Brunei,134.52273035102144,0.6000000000000001,0.5,0,H
2024-11-15,Cayman Islands,Guadeloupe,-65.14778376077675,0.0,0.5,0,A
2024-11-15,Honduras,Mexico,-128.61857695651906,-0.20000000000000018,0.16666666666666666,0,H
2024-11-15,Portugal,Poland,120.33312478921448,1.2000000000000002,1.0,0,H
2024-11-15,Scotland,Croatia,-119.47936070532728,-1.4000000000000001,0.0,0,H
2024-11-15,Denmark,Spain,-115.1633017032018,-1.2000000000000002,0.0,0,A
2024-11-15,Cyprus,Lithuania,-9.242080279033416,1.0,1.0,0,H
2024-11-15,Romania,Kosovo,67.50814384275373,0.5999999999999999,1.0,0,D
2024-11-15,Northern Ireland,Belarus,15.939598219016716,0.8,0.5,0,H
2024-11-15,Switzerland,Serbia,-8.285995612509623,-0.6,0.5,0,D
2024-11-15,San Marino,Gibraltar,-87.13758348423062,-1.2000000000000002,0.0,0,D
2024-11-15,Saint Lucia,Grenada,125.2451062553937,1.2,0.6666666666666666,1,A
2024-11-15,Curaçao,Saint Martin,-25.285235783795542,0.8,1.0,0,H
2024-11-15,Puerto Rico,Aruba,70.04839581062947,1.6,1.0,0,H
2024-11-15,Sint Maarten,Haiti,-89.85877234536474,-1.2,0.0,1,A
2024-11-15,Barbados,Guyana,-66.28700993578195,1.5999999999999999,0.0,0,A
2024-11-15,Luxembourg,Bulgaria,-12.2483727787519,-0.7999999999999999,0.5,0,A
2024-11-16,Bermuda,Antigua and Barbuda,53.58737225541336,1.8,1.0,1,H
2024-11-16,Guinea,DR Congo,-34.51250436446708,-1.8,0.0,1,H
2024-11-16,Sri Lanka,Yemen,-25.232415199435536,-0.4,0.0,1,H
2024-11-16,Nepal,Afghanistan,-51.373061960380255,-0.8,0.5,1,H
2024-11-16,Bangladesh,Maldives,-58.80759821440324,-0.20000000000000007,0.5,0,H
2024-11-16,Dominican Republic,Dominica,55.30047674690604,2.4,1.0,0,H
2024-11-16,Andorra,Moldova,-103.8124423882623,-1.2000000000000002,0.0,0,A
2024-11-16,Ethiopia,Tanzania,-40.792222305736914,-0.9999999999999999,0.5,1,A
2024-11-16,Azerbaijan,Estonia,26.51029441130163,-0.20000000000000007,0.5,0,D
2024-11-16,Turkey,Wales,50.59334949330605,0.3999999999999999,0.5,0,D
2024-11-16,Montenegro,Iceland,-8.60710531428208,-0.8,0.0,0,A
2024-11-16,Georgia,Ukraine,-12.373805655688557,0.19999999999999996,0.0,0,D
2024-11-16,Albania,Czech Republic,-50.16641268121111,-0.19999999999999996,0.3333333333333333,0,D
2024-11-16,Netherlands,Hungary,57.92790276291794,-0.6000000000000001,0.5,0,H
2024-11-16,Germany,Bosnia and Herzegovina,241.55077820176257,1.8,1.0,0,H
2024-11-16,Sweden,Slovakia,19.1419013800637,0.0,1.0,0,H
2024-11-17,Togo,Equatorial Guinea,-67.8040154835353,-1.2000000000000002,0.5,0,H
2024-11-17,Algeria,Liberia,235.67553109916003,1.8,1.0,0,H
2024-11-17,Papua New Guinea,Solomon Islands,-27.49820379011794,1.0,0.0,0,A
2024-11-17,Fiji,New Caledonia,8.555486369108621,-1.0,1.0,1,D
2024-11-17,El Salvador,Montserrat,14.980822182996917,1.7999999999999998,1.0,0,H
2024-11-17,Saint Vincent and the Grenadines,Bonaire,-25.64435264591725,1.2,0.5,1,H
2024-11-17,Latvia,Armenia,-1.2894772368397298,0.0,0.3333333333333333,0,A
2024-11-17,Thailand,Laos,150.42958660773706,1.8,0.5,0,D
2024-11-17,Austria,Slovenia,29.203501790927703,0.6000000000000001,0.5,0,D
2024-11-17,Norway,Kazakhstan,148.4226524684018,1.8,0.5,0,H
2024-11-17,Finland,Greece,-145.89034979643566,-2.4,0.0,0,A
2024-11-17,England,Republic of Ireland,189.39192182496026,1.2,1.0,0,H
2024-11-17,Italy,France,-26.88742176603705,0.6000000000000001,1.0,0,A
2024-11-17,Israel,Belgium,-141.02392817482564,-0.6000000000000001,0.0,1,H
2024-11-17,North Macedonia,Faroe Islands,121.26403731734808,1.4000000000000001,1.0,0,H
2024-11-18,Singapore,Taiwan,53.68278166039818,0.8,1.0,0,A
2024-11-18,Tahiti,Vanuatu,68.3696796671993,0.0,0.5,1,H
2024-11-18,New Zealand,Samoa,74.68319670108235,0.8,0.5,0,H
2024-11-18,Tunisia,Gambia,135.14022278817515,1.0,0.5,0,A
2024-11-18,Comoros,Madagascar,59.21985855058142,1.4,0.0,1,H
2024-11-18,Morocco,Lesotho,262.96335979769447,2.2,1.0,0,H
2024-11-18,Libya,Benin,24.033665483016648,-0.5999999999999999,0.0,0,D
2024-11-18,Nigeria,Rwanda,88.77434821268866,0.6000000000000001,0.5,0,A
2024-11-18,Malawi,Burkina Faso,-110.11201082928687,-1.8,0.0,0,H
2024-11-18,Ghana,Niger,88.13015957858579,-0.20000000000000007,0.5,0,A
2024-11-18,Sudan,Angola,-94.09732890645296,-1.2000000000000002,0.0,1,D
2024-11-18,India,Malaysia,-83.60786974458301,-1.7999999999999998,0.5,0,D
2024-11-18,Central African Republic,Gabon,-84.19936537852095,-0.7999999999999999,0.0,1,A
2024-11-18,United States,Jamaica,80.83778182306537,-0.20000000000000018,1.0,0,H
2024-11-18,Serbia,Denmark,-31.61475204769272,-0.3999999999999999,0.0,0,D
2024-11-18,Cuba,Saint Kitts and Nevis,-28.651525571038746,-2.0,0.0,0,H
2024-11-18,Panama,Costa Rica,29.906995305649616,-0.40000000000000013,0.8888888888888888,0,D
2024-11-18,Poland,Scotland,17.410042802226826,0.0,1.0,0,A
2024-11-18,Spain,Switzerland,168.1903997159684,2.2,0.75,0,H
2024-11-18,Kosovo,Lithuania,112.18994695444917,2.0,1.0,0,H
2024-11-18,Romania,Cyprus,164.57037616915295,1.4000000000000001,1.0,0,H
2024-11-18,Luxembourg,Northern Ireland,-38.754679496674726,-1.6,0.0,0,D
2024-11-18,Croatia,Portugal,-58.220078690786295,-1.2000000000000002,0.25,0,D
2024-11-18,Liechtenstein,San Marino,23.573907950743887,0.19999999999999996,0.5,0,A
2024-11-18,Grenada,Saint Martin,-84.79708211999218,0.7999999999999999,1.0,1,A
2024-11-18,Saint Lucia,Curaçao,17.367476446470164,-0.19999999999999996,1.0,0,A
2024-11-18,Aruba,Sint Maarten,-31.32729389494557,-1.2,0.0,1,A
2024-11-18,Bulgaria,Belarus,27.81159661289007,0.40000000000000013,0.5,0,D
2024-11-18,Puerto Rico,Haiti,-50.055863235232664,-1.2,0.0,0,A
2024-11-19,China,Japan,-202.21540777529435,-1.4000000000000001,0.0,0,A
2024-11-19,Indonesia,Saudi Arabia,-29.662777631037216,-0.6,0.5,0,H
2024-11-19,Bahrain,Australia,-79.88385189217229,-0.19999999999999996,0.5,0,D
2024-11-19,Kuwait,Jordan,-129.53332332440345,-1.0,0.0,0,D
2024-11-19,Palestine,South Korea,-179.9467716319291,-2.2,0.5,1,D
2024-11-19,United Arab Emirates,Qatar,-37.427466686190655,0.0,0.5,0,H
2024-11-19,Kyrgyzstan,Iran,-222.46405844279866,-2.0,0.0,0,A
2024-11-19,North Korea,Uzbekistan,-148.98544759221818,-1.6,0.0,1,A
2024-11-19,Egypt,Botswana,163.1316167008797,1.2000000000000002,1.0,0,D
2024-11-19,Oman,Iraq,-40.965695489667496,-0.40000000000000013,0.0,0,A
2024-11-19,Mauritania,Cape Verde,-84.56877633915042,0.0,0.0,0,H
2024-11-19,Senegal,Burundi,192.41718485018578,1.8,1.0,0,H
2024-11-19,Sierra Leone,Zambia,-70.23883527431167,-1.0,0.0,1,A
2024-11-19,DR Congo,Ethiopia,118.21740748830666,2.1999999999999997,1.0,0,A
2024-11-19,Tanzania,Guinea,-47.23032974236958,-0.40000000000000013,1.0,0,H
2024-11-19,Mali,Eswatini,185.8873440351406,1.8000000000000003,1.0,0,H
2024-11-19,Guinea-Bissau,Mozambique,-26.646894976590147,-0.6000000000000001,0.0,0,A
2024-11-19,Cameroon,Zimbabwe,115.73631029121952,0.40000000000000013,0.5,0,H
2024-11-19,Kenya,Namibia,20.78782781516429,0.8,1.0,1,D
2024-11-19,South Africa,South Sudan,186.57671838766328,1.6,1.0,0,H
2024-11-19,Congo,Uganda,-48.74940701294145,-1.2,0.0,0,A
2024-11-19,Brazil,Uruguay,39.60645293338598,0.8,0.6666666666666666,0,D
2024-11-19,Ivory Coast,Chad,187.9030176794165,1.2000000000000002,1.0,0,H
2024-11-19,Chile,Venezuela,-53.0277534264776,-0.39999999999999997,0.3333333333333333,0,H
2024-11-19,Wales,Iceland,68.84332478588044,0.40000000000000013,0.5,0,H
2024-11-19,Colombia,Ecuador,68.91502906481969,-0.20000000000000018,0.5,0,A
2024-11-19,Bosnia and Herzegovina,Netherlands,-254.93331084496162,-1.4000000000000001,0.0,0,D
2024-11-19,Hungary,Germany,-69.21458954285913,-1.6,0.3333333333333333,0,D
2024-11-19,Albania,Ukraine,-39.317178933885316,0.3999999999999999,1.0,0,A
2024-11-19,Czech Republic,Georgia,19.64313904962819,0.20000000000000018,0.0,0,H
2024-11-19,Montenegro,Turkey,-144.65644140961513,-2.2,0.0,0,H
2024-11-19,Slovakia,Estonia,131.88143097761508,1.2,1.0,0,H
2024-11-19,Sweden,Azerbaijan,144.93535556621327,2.4,0.6666666666666666,0,H
2024-11-19,Malta,Andorra,107.51552451246312,1.2000000000000002,1.0,0,D
2024-11-19,Antigua and Barbuda,Dominica,-54.19990104349563,-0.6,0.0,1,D
2024-11-19,Dominican Republic,Bermuda,55.81677392715301,0.6000000000000001,1.0,0,H
2024-11-19,French Guiana,Belize,11.199558189973231,-2.8,0.25,1,D
2024-11-19,Argentina,Peru,211.5973167382681,0.3999999999999999,1.0,0,H
2024-11-19,Guyana,Barbados,82.51685752601588,-1.5999999999999999,1.0,0,H
2024-11-19,Guadeloupe,Cayman Islands,81.44091901057027,0.0,1.0,0,H
2024-11-19,Bolivia,Paraguay,-85.15305637036272,-0.40000000000000013,0.3333333333333333,0,D
2024-11-19,Sri Lanka,Yemen,-3.7824689014280466,0.7999999999999999,0.5,1,A
2024-11-19,Russia,Syria,119.51500778661216,0.8,0.5,0,H
2024-11-19,Tajikistan,Afghanistan,19.881645651449617,-0.19999999999999996,0.5,0,H
2024-11-19,Hong Kong,Mauritius,-3.159569191471519,1.2,0.5,0,H
2024-11-19,Gibraltar,Moldova,-98.51214069469438,-0.5999999999999999,0.5,0,D
2024-11-19,Mexico,Honduras,101.53534875021887,-0.3999999999999999,0.7142857142857143,0,H
2024-11-19,Canada,Suriname,90.7207749338263,0.8000000000000003,1.0,0,H
2024-11-19,Myanmar,Lebanon,-55.59931672509151,-0.8,0.5,0,A
2024-12-08,Cambodia,Malaysia,-125.95036728482546,-1.0,0.0,0,D
2024-12-08,Timor-Leste,Thailand,-129.79841197542078,-0.8000000000000003,0.0,1,A
2024-12-08,Hong Kong,Mongolia,16.481413177137483,1.2,0.5,0,H
2024-12-09,Solomon Islands,Vanuatu,59.006067226616324,-0.6,0.6666666666666666,0,H
2024-12-09,Myanmar,Indonesia,-158.01078482719504,-0.19999999999999996,0.0,0,A
2024-12-09,Laos,Vietnam,-51.08891380590808,-0.4,0.0,0,A
2024-12-11,Malaysia,Timor-Leste,120.83216550093584,0.20000000000000018,0.5,0,H
2024-12-11,Taiwan,Mongolia,21.21258106379196,-0.6,0.5,1,H
2024-12-11,Singapore,Cambodia,41.13950086481009,-0.6,0.5,0,H
2024-12-12,Philippines,Myanmar,45.02428314633471,0.0,1.0,0,D
2024-12-12,Indonesia,Laos,127.66472386029614,0.9999999999999999,1.0,0,D
2024-12-12,Fiji,Vanuatu,87.52647403129959,1.2000000000000002,0.5,1,D
2024-12-14,Timor-Leste,Singapore,-58.44716886805372,-0.3999999999999999,0.0,1,A
2024-12-14,Thailand,Malaysia,15.167770575882741,0.6000000000000001,0.3333333333333333,0,H
2024-12-14,Macau,Guam,-4.3563289207265825,0.0,0.5,1,A
2024-12-14,Hong Kong,Taiwan,4.930586370606989,1.2,0.5,0,H
2024-12-15,Papua New Guinea,Fiji,-63.65393259815869,-0.3999999999999999,0.6666666666666666,1,D
2024-12-15,Vietnam,Indonesia,-55.97812922136745,-0.5999999999999999,0.4,0,H
2024-12-15,Laos,Philippines,1.6114606685789568,-0.6,0.5,0,D
2024-12-17,Cambodia,Timor-Leste,7.998288454658905,0.19999999999999996,1.0,0,H
2024-12-17,Singapore,Thailand,-92.09487693300844,-0.40000000000000013,0.0,0,A
2024-12-17,Hong Kong,Guam,23.163610289902408,2.2,0.5,0,H
2024-12-18,Myanmar,Laos,-44.01196832348501,-0.19999999999999996,0.5,0,H
2024-12-18,Philippines,Vietnam,-77.81389531369155,-0.3999999999999999,0.0,0,D
2024-12-18,Solomon Islands,Papua New Guinea,52.424507974879816,0.19999999999999996,1.0,0,A
2024-12-20,Thailand,Cambodia,156.85050033142124,0.8000000000000003,1.0,0,H
2024-12-20,Malaysia,Singapore,65.20936047547252,-0.19999999999999996,0.5,0,D
2024-12-21,Solomon Islands,Fiji,-19.103215092051187,-0.19999999999999996,0.42857142857142855,0,A
2024-12-21,Vanuatu,Papua New Guinea,-32.247492128462,-0.19999999999999996,0.5,1,A
2024-12-21,Qatar,United Arab Emirates,15.281264079933862,0.0,0.3333333333333333,1,D
2024-12-21,Kuwait,Oman,-85.49666519641164,-0.6,0.0,0,D
2024-12-21,Indonesia,Philippines,108.39430849473115,0.19999999999999996,1.0,0,A
2024-12-21,Vietnam,Myanmar,106.84417939353898,0.8,1.0,0,H
2024-12-22,Iraq,Yemen,194.7265172368766,0.6000000000000001,1.0,1,H
2024-12-22,Saudi Arabia,Bahrain,-6.6569716758694994,0.4,0.5,1,A
2024-12-24,Oman,Qatar,-28.03453788769366,0.0,0.0,1,H
2024-12-24,Kuwait,United Arab Emirates,-94.30444221996527,-1.0,0.5,0,H
2024-12-25,Yemen,Saudi Arabia,-107.31272588431352,0.6,0.0,1,A
2024-12-25,Bahrain,Iraq,-70.97348758960948,-0.8,0.5,1,H
2024-12-26,Singapore,Vietnam,-15.424998646000404,-0.8000000000000003,0.0,0,A
2024-12-27,United Arab Emirates,Oman,-9.822334470478154,0.0,0.0,1,D
2024-12-27,Philippines,Thailand,-162.80694727343848,-1.4000000000000001,0.0,0,H
2024-12-27,Kuwait,Qatar,-85.2519110726098,0.3999999999999999,0.0,0,D
2024-12-28,Iraq,Saudi Arabia,78.22656246176393,0.3999999999999999,1.0,1,A
2024-12-28,Bahrain,Yemen,152.60727595057824,0.8,1.0,1,A
2024-12-29,Vietnam,Singapore,34.537647280908914,1.2000000000000002,1.0,0,H
2024-12-30,Thailand,Philippines,134.06566203777015,0.5999999999999999,0.75,0,H
2024-12-31,Oman,Saudi Arabia,22.60222496102847,0.20000000000000018,0.25,1,H
2024-12-31,Kuwait,Bahrain,-58.475514054614905,-0.19999999999999996,0.5,0,A
2025-01-02,Vietnam,Thailand,-68.78906303072995,0.20000000000000018,0.0,0,H
2025-01-03,Zanzibar,Tanzania,-1.7461527598436533,-0.8,0.5,0,H
2025-01-04,Burkina Faso,Kenya,53.89898052964372,0.8,0.5,1,D
2025-01-04,Oman,Bahrain,18.68158845823359,-0.3999999999999999,1.0,1,A
2025-01-05,Thailand,Vietnam,44.880189698656295,-0.8,0.75,0,A
2025-01-06,Zanzibar,Burkina Faso,-36.169394409032066,1.6,0.5,0,A
2025-01-07,Tanzania,Kenya,-3.702798780123203,0.6,0.0,1,A
2025-01-09,Tanzania,Burkina Faso,-73.37989206194652,-0.19999999999999996,0.5,1,A
2025-01-10,Zanzibar,Kenya,-4.204570379594543,0.30000000000000004,0.5,0,H
2025-01-13,Zanzibar,Burkina Faso,-51.89260514484954,0.6000000000000001,0.0,0,H
2025-01-18,United States,Venezuela,112.11529569968661,1.4,0.5,0,H
2025-01-22,Uzbekistan,Jordan,38.68484100962837,0.3999999999999999,0.5,1,D
2025-01-22,United States,Costa Rica,80.52347382971152,1.2,0.75,0,H
2025-02-07,Jamaica,Trinidad and Tobago,-19.24024215826057,-0.20000000000000018,0.6666666666666666,0,H
2025-02-08,Chile,Panama,-96.66078002667928,0.0,0.5,0,H
2025-02-10,Jamaica,Trinidad and Tobago,1.8661844131984253,0.3999999999999999,0.75,0,D
2025-02-13,Oman,Sudan,95.22753130783872,0.6000000000000001,0.5,0,D
2025-03-09,Saint Vincent and the Grenadines,Grenada,56.107631623971656,1.5999999999999999,0.6666666666666666,0,D
2025-03-13,Oman,Sudan,89.87906011228529,0.40000000000000013,0.5,0,D
2025-03-14,Jordan,North Korea,123.3228638962853,0.7999999999999999,1.0,0,D
2025-03-16,Honduras,Guatemala,-42.50518134185654,-0.20000000000000018,0.5,1,A
2025-03-19,Central African Republic,Madagascar,-26.44779853927639,-0.4,1.0,1,A
2025-03-19,Russia,Grenada,194.3741881958481,2.0,0.5,0,H
2025-03-19,Liberia,Tunisia,-178.39629076887013,-0.7999999999999999,0.5,0,A
2025-03-19,Kazakhstan,Curaçao,-77.28200792170765,-2.6,0.5,1,H
2025-03-19,Vietnam,Cambodia,114.79005226583831,2.2,1.0,0,H
2025-03-19,India,Maldives,13.313700678912937,-0.20000000000000007,1.0,0,H
2025-03-19,Eswatini,Cameroon,-151.95677512133284,-1.8000000000000003,0.5,1,D
2025-03-19,Hong Kong,Macau,56.60346566318731,2.8,0.5,0,H
2025-03-20,Qatar,North Korea,94.31041715834704,0.6,0.5,0,H
2025-03-20,South Korea,Oman,94.83726171862895,1.4000000000000001,1.0,0,D
2025-03-20,Iraq,Kuwait,115.66787368410132,0.19999999999999996,1.0,0,D
2025-03-20,Japan,Bahrain,129.21247370367428,0.20000000000000018,1.0,0,H
2025-03-20,Australia,Indonesia,112.3767503603317,0.0,1.0,0,H
2025-03-20,Saudi Arabia,China,49.361691413899734,0.0,1.0,0,H
2025-03-20,Sierra Leone,Guinea-Bissau,-3.9416192258881892,0.4,0.0,1,H
2025-03-20,Zimbabwe,Benin,-32.1208767157359,0.0,0.5,1,D
2025-03-20,Libya,Angola,-58.571635442932575,-1.2000000000000002,1.0,0,D
2025-03-20,Uzbekistan,Kyrgyzstan,166.84141159062665,1.0,1.0,0,H
2025-03-20,Gambia,Kenya,0.003718444930655096,0.19999999999999996,0.5,1,D
2025-03-20,Gabon,Seychelles,146.42588491336778,2.0,0.5,0,H
2025-03-20,Mozambique,Uganda,21.867790995390806,-0.3999999999999999,0.5,1,H
2025-03-20,Malawi,Namibia,-10.48589163081283,0.4,0.5,0,A
2025-03-20,Comoros,Mali,-101.07411233577636,-0.3999999999999999,0.5,1,A
2025-03-20,Lebanon,Timor-Leste,46.51076706569097,1.8,0.5,1,H
2025-03-20,Cape Verde,Mauritius,115.24698140476085,0.0,0.5,0,H
2025-03-20,Iran,United Arab Emirates,139.9507741066202,1.0,1.0,0,H
2025-03-20,Jordan,Palestine,108.47774927760065,0.9999999999999999,1.0,0,H
2025-03-20,Peru,Bolivia,90.52654016170595,-0.5999999999999999,0.5,0,H
2025-03-20,Canada,Mexico,15.91362560633138,0.6000000000000001,0.5,1,A
2025-03-20,Brazil,Colombia,5.054104190596945,0.40000000000000013,0.6666666666666666,0,H
2025-03-20,Croatia,France,-66.85402553148492,-1.0,0.3333333333333333,0,H
2025-03-20,Denmark,Portugal,-67.1686492841734,-1.2000000000000002,0.5,0,H
2025-03-20,Italy,Germany,-6.699308891794999,-0.20000000000000018,0.0,0,A
2025-03-20,Netherlands,Spain,-93.57738086132122,-1.8,0.5,0,D
2025-03-20,Austria,Serbia,33.50509392355025,1.0,1.0,0,D
2025-03-20,Greece,Scotland,52.82518861913513,1.0,0.5,0,A
2025-03-20,Turkey,Hungary,-11.466286771631076,0.8,0.0,0,H
2025-03-20,United States,Panama,72.76929234941963,1.5999999999999999,0.6,0,A
2025-03-20,Armenia,Georgia,-113.49881424122395,0.0,1.0,0,A
2025-03-20,Bulgaria,Republic of Ireland,-26.603546831962376,0.40000000000000013,0.5,0,A
2025-03-20,Kosovo,Iceland,19.096281194791118,1.8,0.5,0,H
2025-03-20,Slovakia,Slovenia,-47.29217714979882,0.6000000000000001,0.5,0,D
2025-03-20,Laos,Sri Lanka,-1.9021102694152887,-0.4,0.5,0,A
2025-03-20,Tajikistan,Belarus,58.2286878676789,0.19999999999999996,0.5,0,A
2025-03-20,Paraguay,Chile,5.1486732256230425,0.8000000000000003,0.2,0,H
2025-03-20,Ukraine,Belgium,-43.20387920445205,1.4000000000000001,0.5,1,H
2025-03-21,Rwanda,Nigeria,-63.77246760371759,-0.20000000000000018,1.0,0,A
2025-03-21,South Africa,Lesotho,182.28616918958778,1.8,1.0,0,A
2025-03-21,Morocco,Niger,268.20532975004426,1.6,0.5,0,H
2025-03-21,Burundi,Ivory Coast,-138.65024719931102,-1.6,0.0,1,A
2025-03-21,Botswana,Algeria,-175.6662731304441,-1.0,0.0,0,A
2025-03-21,Guinea,Somalia,124.22255624811123,1.6,0.5,1,D
2025-03-21,Equatorial Guinea,São Tomé and Príncipe,144.75267182641187,1.2000000000000002,0.5,0,H
2025-03-21,Andorra,Latvia,-74.39381564781752,0.0,0.0,0,A
2025-03-21,Malta,Finland,-9.930403563242635,2.0,0.5,0,A
2025-03-21,Poland,Lithuania,178.42774380410424,0.2,0.5,0,H
2025-03-21,Cyprus,San Marino,102.18623609528049,-0.20000000000000007,1.0,0,H
2025-03-21,Romania,Bosnia and Herzegovina,135.38183369408603,2.2,0.5,0,A
2025-03-21,England,Albania,173.78991535637397,1.5999999999999999,1.0,0,H
2025-03-21,DR Congo,South Sudan,128.62325050958657,1.2000000000000002,0.5,0,H
2025-03-21,Ghana,Chad,68.25208763722048,0.19999999999999996,0.5,0,H
2025-03-21,Ethiopia,Egypt,-201.86788093389328,-1.6,0.5,1,A
2025-03-21,Saint Vincent and the Grenadines,Jamaica,-79.55701798650534,1.0,0.5,0,D
2025-03-21,New Zealand,Fiji,33.935966033340264,1.2000000000000002,1.0,0,H
2025-03-21,Burkina Faso,Djibouti,132.22867652885816,0.7999999999999999,1.0,1,H
2025-03-21,Belize,Costa Rica,-60.22669900104347,1.6,0.5,0,A
2025-03-21,Guyana,Guatemala,-45.327129094760494,-0.6000000000000001,0.0,1,H
2025-03-21,Bermuda,Honduras,-1.4936181348030004,1.0,0.0,0,A
2025-03-21,Suriname,Martinique,22.8293249192252,-0.3999999999999999,0.5,0,H
2025-03-21,Cuba,Trinidad and Tobago,-52.108572528884224,-0.19999999999999996,0.0,0,A
2025-03-21,Guadeloupe,Nicaragua,1.9259324203503638,0.0,0.5,0,H
2025-03-21,Puerto Rico,Dominican Republic,-19.288500478170135,-1.2,1.0,0,D
2025-03-21,Singapore,Nepal,34.3155419025486,0.0,0.5,0,A
2025-03-21,Thailand,Afghanistan,113.41280120646275,0.3999999999999999,0.5,0,H
2025-03-21,Ecuador,Venezuela,97.88863217284688,1.8000000000000003,0.3333333333333333,0,H
2025-03-21,Uruguay,Argentina,-115.04541187843074,-0.19999999999999996,0.25,0,A
2025-03-21,New Caledonia,Tahiti,-13.338460892265175,0.40000000000000013,0.5,1,H
2025-03-21,Northern Ireland,Switzerland,-107.65995489178044,1.2000000000000002,0.0,0,D
2025-03-22,Liechtenstein,North Macedonia,-240.83264153716868,-2.0,0.0,0,A
2025-03-22,Czech Republic,Faroe Islands,194.1736546163654,1.2000000000000002,1.0,0,H
2025-03-22,Montenegro,Gibraltar,116.01955360576767,-0.7999999999999999,1.0,0,H
2025-03-22,Wales,Kazakhstan,113.73886723368696,1.6,0.5,0,H
2025-03-22,Israel,Estonia,96.379290190662,0.0,0.5,1,H
2025-03-22,Azerbaijan,Haiti,-171.06478497108037,-2.8,0.5,0,A
2025-03-22,Sudan,Senegal,-202.06157463122918,-1.8,0.5,1,D
2025-03-22,Togo,Mauritania,7.526538862178768,0.0,0.5,0,D
2025-03-22,Luxembourg,Sweden,-154.82016802050248,-2.0,0.5,0,H
2025-03-22,Moldova,Norway,-148.52748791508247,-0.3999999999999999,0.5,0,A
2025-03-23,Serbia,Austria,-31.582342380647788,-1.0000000000000002,0.0,0,H
2025-03-23,Eswatini,Mauritius,14.501778222257826,-0.20000000000000007,0.5,1,D
2025-03-23,Slovenia,Slovakia,44.58651024817368,-0.6000000000000001,0.5,0,H
2025-03-23,Republic of Ireland,Bulgaria,45.07510955487896,0.8,1.0,0,H
2025-03-23,Iceland,Kosovo,-37.998116509329066,-1.8,0.0,1,A
2025-03-23,Georgia,Armenia,127.18819978663032,0.0,0.5,0,H
2025-03-23,Scotland,Greece,-29.807543641087705,0.19999999999999996,1.0,0,A
2025-03-23,Kenya,Gabon,-29.929160712511703,-0.8,0.0,0,A
2025-03-23,Belgium,Ukraine,20.729604201463417,-2.0,0.0,0,H
2025-03-23,United States,Canada,20.99316611847985,0.3999999999999999,0.5,0,A
2025-03-23,Panama,Mexico,-32.649182625020785,-0.6000000000000001,0.0,1,A
2025-03-23,France,Croatia,43.05240265781754,0.3999999999999999,0.5,0,H
2025-03-23,Hungary,Turkey,-9.193526220330114,-1.0,0.75,0,A
2025-03-23,Portugal,Denmark,43.34957259338648,0.6000000000000001,0.0,0,H
2025-03-23,Spain,Netherlands,88.31721819552786,1.4000000000000001,0.5,0,D
2025-03-23,Germany,Italy,26.313713459270048,1.2000000000000002,1.0,0,D
2025-03-24,Albania,Andorra,184.5282860506427,0.0,1.0,0,H
2025-03-24,England,Latvia,278.89696051047804,1.5999999999999999,0.5,0,H
2025-03-24,Bosnia and Herzegovina,Cyprus,46.935176864724326,-0.3999999999999999,0.5,0,H
2025-03-24,Poland,Malta,126.45435808463344,-1.2,0.5,0,H
2025-03-24,Lithuania,Finland,-91.87807525476023,-0.6,0.5,0,D
2025-03-24,Madagascar,Ghana,-40.60569844369115,-0.19999999999999996,0.0,1,A
2025-03-24,Central African Republic,Mali,-219.77590783081632,-2.6,0.5,1,D
2025-03-24,San Marino,Romania,-271.3635324477689,-1.2,0.5,0,A
2025-03-24,Liberia,São Tomé and Príncipe,39.8075507043186,0.19999999999999996,1.0,0,H
2025-03-24,Namibia,Equatorial Guinea,-52.33380891594766,-1.0,1.0,1,D
2025-03-24,Ivory Coast,Gambia,128.6824070326968,0.19999999999999996,1.0,0,H
2025-03-24,Ethiopia,Djibouti,27.429390651633184,0.19999999999999996,0.5,1,H
2025-03-24,Guinea-Bissau,Burkina Faso,-108.65273179988117,-1.6,0.5,0,A
2025-03-24,New Zealand,New Caledonia,45.81327278496792,0.7999999999999998,1.0,0,H
2025-03-24,Tunisia,Malawi,154.09639366687293,0.5999999999999999,1.0,0,H
2025-03-25,Sudan,South Sudan,82.7254333510632,0.20000000000000007,1.0,1,D
2025-03-25,Senegal,Togo,190.03612687696113,1.8,1.0,0,H
2025-03-25,Mauritania,DR Congo,-64.35850674358767,-0.8,0.0,0,A
2025-03-25,Egypt,Sierra Leone,186.23219751669944,0.8000000000000003,1.0,0,H
2025-03-25,Indonesia,Bahrain,-64.00533777796545,-1.0,0.5,0,H
2025-03-25,Kuwait,Oman,-77.532659940136,0.0,0.0,0,A
2025-03-25,China,Australia,-146.7845648492264,-0.6000000000000001,0.0,0,A
2025-03-25,Palestine,Iraq,-116.93912217103025,-0.9999999999999999,0.0,1,H
2025-03-25,South Korea,Jordan,52.30781802804108,0.8000000000000003,0.5,0,D
2025-03-25,North Korea,United Arab Emirates,-81.92594675566124,-0.8,0.5,1,A
2025-03-25,Benin,South Africa,-109.46188618178121,-0.8,0.0,1,A
2025-03-25,Japan,Saudi Arabia,160.22574187214764,0.8,0.6666666666666666,0,D
2025-03-25,Nigeria,Zimbabwe,103.70664635517164,0.0,0.5,0,D
2025-03-25,Comoros,Chad,103.20030491071338,1.6,1.0,1,H
2025-03-25,Angola,Cape Verde,15.862961489607187,1.0,0.5,0,A
2025-03-25,Cameroon,Libya,68.75206968651537,1.2000000000000002,0.5,0,H
2025-03-25,Morocco,Tanzania,222.54795913455223,1.8,1.0,0,H
2025-03-25,Burundi,Seychelles,106.15241949942538,0.2,1.0,1,H
2025-03-25,Uganda,Guinea,-49.51993599119146,-0.19999999999999996,0.0,0,H
2025-03-25,Botswana,Somalia,81.8929773740299,1.2000000000000002,1.0,0,H
2025-03-25,Algeria,Mozambique,159.77659531207837,0.6000000000000001,1.0,0,H
2025-03-25,Kyrgyzstan,Qatar,-117.65562908600305,-0.4,0.0,0,H
2025-03-25,Moldova,Estonia,40.99585915898797,0.5999999999999999,0.5,0,A
2025-03-25,Israel,Norway,-90.48949329220727,-1.0,0.5,1,A
2025-03-25,Liechtenstein,Kazakhstan,-162.59211861091944,0.20000000000000007,0.5,0,A
2025-03-25,North Macedonia,Wales,-41.17560826578051,0.7999999999999998,0.5,0,D
2025-03-25,Gibraltar,Czech Republic,-240.0710793199039,-1.0000000000000002,0.5,1,A
2025-03-25,Montenegro,Faroe Islands,93.53828603300417,0.19999999999999996,0.5,0,H
2025-03-25,Rwanda,Lesotho,36.48592119934983,-0.19999999999999996,1.0,0,D
2025-03-25,Iran,Uzbekistan,64.96111971152595,0.6000000000000001,1.0,0,D
2025-03-25,Colombia,Paraguay,128.43840451826964,-1.6,1.0,0,D
2025-03-25,Argentina,Brazil,74.65918967026755,-0.20000000000000018,1.0,0,H
2025-03-25,Tajikistan,Timor-Leste,81.20430062775358,1.2,0.5,0,H
2025-03-25,Philippines,Maldives,-11.849940603838832,0.8,0.5,0,H
2025-03-25,Bhutan,Yemen,13.951387973248984,0.0,0.5,0,D
2025-03-25,Lebanon,Brunei,11.981275438661442,0.6000000000000001,0.5,1,H
2025-03-25,India,Bangladesh,58.38501207760987,0.0,1.0,0,D
2025-03-25,Singapore,Hong Kong,-29.23102061208624,-2.8,0.5,0,D
2025-03-25,Taiwan,Turkmenistan,-0.8732169467994026,0.3999999999999999,0.5,0,A
2025-03-25,Thailand,Sri Lanka,151.48554365001223,-0.19999999999999996,1.0,0,H
2025-03-25,Chile,Ecuador,-125.40087347082226,-0.8000000000000003,0.0,0,D
2025-03-25,Syria,Pakistan,70.12140619385536,1.8,0.5,1,H
2025-03-25,Vietnam,Laos,150.9315532310868,2.6,1.0,0,H
2025-03-25,Malaysia,Nepal,103.39564579072612,-0.19999999999999996,0.5,0,H
2025-03-25,Costa Rica,Belize,76.79408500443515,-0.6000000000000001,1.0,0,H
2025-03-25,Guatemala,Guyana,22.73259307329863,-0.40000000000000013,0.6666666666666666,0,H
2025-03-25,Myanmar,Afghanistan,-64.73634968557985,0.6000000000000001,0.5,0,H
2025-03-25,Jamaica,Saint Vincent and the Grenadines,75.05574664517871,-1.2000000000000002,0.5,0,H
2025-03-25,Honduras,Bermuda,21.407639093172747,-0.40000000000000013,1.0,0,H
2025-03-25,Bolivia,Uruguay,-196.85679773464858,-0.19999999999999996,0.2,0,D
2025-03-25,Switzerland,Luxembourg,127.00692860139816,-0.6,0.5,0,H
2025-03-25,Niger,Bonaire,-38.574810089947505,0.6,0.5,1,H
2025-03-25,Dominican Republic,Puerto Rico,18.17930445765205,1.2000000000000002,0.0,0,H
2025-03-25,Venezuela,Peru,-19.629126975957206,-1.2,0.0,0,H
2025-03-25,Russia,Zambia,58.628154129052064,0.3999999999999999,0.5,0,H
2025-03-25,Cambodia,Aruba,-22.63389237451156,0.8,0.5,0,A
2025-03-25,Martinique,Suriname,-41.51705139769001,-0.3999999999999999,0.0,0,A
2025-03-25,Nicaragua,Guadeloupe,-21.81506797386328,-0.6000000000000001,0.0,0,A
2025-03-25,Sweden,Northern Ireland,101.10116677149085,0.19999999999999996,0.5,0,H
2025-03-25,Azerbaijan,Belarus,-22.743983891940843,-1.0,1.0,0,A
2025-03-25,Trinidad and Tobago,Cuba,69.13125266680322,0.8,1.0,0,H
2025-05-09,Dominica,Barbados,72.14985201361446,-1.6,0.5,0,D
2025-05-11,Dominica,Barbados,68.0552629407764,-0.9999999999999999,0.5,0,D
2025-05-21,Saint Kitts and Nevis,Saint Vincent and the Grenadines,38.317701925471056,0.3999999999999999,0.5,0,A
2025-05-25,Anguilla,Saint Kitts and Nevis,-90.48065866596016,-0.7999999999999999,0.5,1,A
2025-05-25,Saint Vincent and the Grenadines,Saint Kitts and Nevis,-23.573934180178412,0.20000000000000018,1.0,0,H
2025-05-27,Jamaica,Trinidad and Tobago,-9.166597304246352,-0.3999999999999999,0.75,1,H
2025-05-28,Nigeria,Ghana,46.508109898247085,0.20000000000000018,1.0,1,H
2025-05-28,Oman,Lebanon,111.31056972789429,-0.8,1.0,0,H
2025-05-29,Malaysia,Cape Verde,-9.450014214633029,0.20000000000000018,0.5,0,D
2025-05-30,Saudi Arabia,Jordan,-54.02164946928906,0.6000000000000001,0.3333333333333333,0,H
2025-05-30,Saint Vincent and the Grenadines,British Virgin Islands,74.49571242136926,1.6,1.0,0,D
2025-05-31,Jamaica,Nigeria,-10.51099034544859,0.6000000000000001,0.5,1,D
2025-05-31,Trinidad and Tobago,Ghana,41.97482256175749,0.0,0.5,1,A
2025-06-01,Grenada,Anguilla,18.506648960891198,0.20000000000000007,0.5,0,H
2025-06-01,El Salvador,Guatemala,-65.77639237672133,0.5999999999999999,0.4,1,D
2025-06-01,Puerto Rico,Nicaragua,-1.527884982864407,0.5999999999999999,0.5,1,D
2025-06-02,Tunisia,Burkina Faso,49.056399669542316,-0.3999999999999999,0.0,0,H
2025-06-03,Malaysia,Cape Verde,-8.906161776168119,0.0,0.5,0,A
2025-06-04,Saint Vincent and the Grenadines,Anguilla,99.84629654789387,1.6,0.5,0,H
2025-06-04,Dominica,British Virgin Islands,58.0678228825293,0.39999999999999997,1.0,0,H
2025-06-04,Barbados,Aruba,-53.72630591747861,0.4,0.5,0,D
2025-06-04,Grenada,Bahamas,21.789932668970096,0.5999999999999999,0.5,0,H
2025-06-04,Montserrat,Belize,-32.61821350495279,-0.7999999999999999,0.5,1,H
2025-06-04,Bangladesh,Bhutan,-20.531658030716017,0.5999999999999999,0.6666666666666666,0,H
2025-06-04,Thailand,India,93.48148329892365,0.6000000000000001,0.5,0,H
2025-06-04,Germany,Portugal,-14.4870054279761,0.6000000000000001,1.0,0,A
2025-06-04,Bermuda,Cayman Islands,10.303947357861944,0.3999999999999999,0.5,0,H
2025-06-05,North Korea,Kyrgyzstan,-12.302732294293946,-1.0,0.0,1,D
2025-06-05,Sri Lanka,Brunei,-25.208882389300015,0.5999999999999999,0.0,1,H
2025-06-05,Indonesia,China,38.49169388527798,-0.3999999999999999,0.0,0,H
2025-06-05,Australia,Japan,-69.66017570541203,-0.40000000000000013,0.0,0,H
2025-06-05,Bahrain,Saudi Arabia,-9.548087444814655,-0.8,1.0,0,A
2025-06-05,Kuwait,Palestine,-13.354868499713803,0.0,0.0,0,A
2025-06-05,Iraq,South Korea,-69.54718519044468,-1.0,0.0,0,A
2025-06-05,Oman,Jordan,-12.447379301398087,0.6000000000000001,0.0,0,A
2025-06-05,Qatar,Iran,-136.6330800913513,-1.6,0.5,0,H
2025-06-05,United Arab Emirates,Uzbekistan,-81.50613638774598,-0.6000000000000001,0.0,0,D
2025-06-05,Chile,Argentina,-257.13635284492807,-0.7999999999999998,0.0,0,A
2025-06-05,Paraguay,Uruguay,-90.54038359346941,1.0000000000000002,0.0,0,H
2025-06-05,Ecuador,Brazil,-48.22977349202188,0.6000000000000001,0.0,0,D
2025-06-05,Singapore,Maldives,13.710525446316979,-0.19999999999999996,1.0,0,H
2025-06-05,Hong Kong,Nepal,47.84712631619436,1.2000000000000002,0.5,0,D
2025-06-05,Georgia,Faroe Islands,181.29872989632622,0.5999999999999999,0.5,0,H
2025-06-05,DR Congo,Mali,-73.06678102307455,-0.40000000000000013,0.5,1,H
2025-06-05,Cambodia,Tajikistan,-74.63131181469362,-1.2000000000000002,0.5,0,A
2025-06-05,Belarus,Kazakhstan,13.143084890581122,0.40000000000000013,0.6666666666666666,0,H
2025-06-05,Algeria,Rwanda,206.42531496487868,1.2000000000000002,0.5,0,H
2025-06-05,Spain,France,54.07082563012591,0.20000000000000018,0.5,1,H
2025-06-06,Venezuela,Bolivia,91.23689337537508,0.4,0.3333333333333333,0,H
2025-06-06,Norway,Italy,-38.86013760072683,1.0,0.5,0,H
2025-06-06,Estonia,Israel,-92.3419658570865,-0.5999999999999999,0.0,0,A
2025-06-06,Wales,Liechtenstein,294.46268039003826,2.0,0.5,0,H
2025-06-06,North Macedonia,Belgium,-87.26781015884308,2.0,0.5,0,D
2025-06-06,Czech Republic,Montenegro,107.13541941822268,0.40000000000000013,1.0,0,H
2025-06-06,Nicaragua,Guyana,27.716192137358348,-1.0,0.5,0,H
2025-06-06,Antigua and Barbuda,Cuba,-54.427990588756984,-0.39999999999999997,0.0,0,A
2025-06-06,Trinidad and Tobago,Saint Kitts and Nevis,54.50682028460528,0.19999999999999996,1.0,0,H
2025-06-06,Curaçao,Saint Lucia,-8.556937583255603,0.8,0.5,0,H
2025-06-06,Colombia,Peru,127.68623522798566,0.0,0.5,0,D
2025-06-06,Guatemala,Dominican Republic,-23.811090264227232,-1.2000000000000002,1.0,0,H
2025-06-06,Suriname,Puerto Rico,10.117972794566413,0.8,0.5,0,H
2025-06-06,Gibraltar,Croatia,-295.2638053778053,-0.4,0.5,1,A
2025-06-06,Russia,Nigeria,49.06982492370207,1.4,0.5,0,D
2025-06-06,South Africa,Tanzania,127.62010909844344,1.4,0.5,0,D
2025-06-06,Uganda,Cameroon,-98.04820880307807,-0.40000000000000013,0.5,1,A
2025-06-06,Zimbabwe,Burkina Faso,-102.99281859146186,-0.6000000000000001,0.5,1,A
2025-06-06,Bulgaria,Cyprus,66.18053971562836,-0.3999999999999999,1.0,0,D
2025-06-06,Burundi,Guinea-Bissau,37.46336606455998,0.4,0.5,1,H
2025-06-06,Equatorial Guinea,Gambia,46.08622300113575,0.20000000000000018,0.5,1,A
2025-06-06,Hungary,Sweden,-4.460603042835146,-1.5999999999999999,0.5,0,A
2025-06-06,Kosovo,Armenia,96.59509132377093,2.0,1.0,0,H
2025-06-06,Central African Republic,Mauritania,-54.81726244403353,-0.8,0.0,1,H
2025-06-06,Morocco,Tunisia,78.1678901820203,0.6000000000000001,0.5,0,H
2025-06-06,Niger,Gabon,-101.94773640471112,-0.5999999999999999,0.0,1,H
2025-06-06,Poland,Moldova,129.6649998414216,0.5999999999999999,0.0,0,H
2025-06-06,Republic of Ireland,Senegal,-185.97067937776774,-0.8,0.5,0,D
2025-06-06,Scotland,Iceland,95.8943282724938,1.4,0.5,0,A
2025-06-06,Luxembourg,Slovenia,-164.08014502660444,-0.6000000000000001,0.5,0,A
2025-06-07,Canada,Ukraine,49.691483996061606,0.7999999999999998,0.5,0,H
2025-06-07,British Virgin Islands,Jamaica,-160.31937007264378,-1.6,0.5,0,A
2025-06-07,Belize,Panama,-113.47292486173978,-0.5999999999999999,0.5,0,A
2025-06-07,Aruba,Haiti,-151.41942467405147,-2.2,0.0,0,A
2025-06-07,Bahamas,Costa Rica,-179.59256019771715,-0.5999999999999999,0.5,1,A
2025-06-07,Cayman Islands,Honduras,-60.184336318460964,-1.0,0.5,0,A
2025-06-07,Kenya,Chad,81.58707924560144,0.8,0.5,1,D
2025-06-07,Ivory Coast,New Zealand,44.08018798615535,-1.2,0.5,1,A
2025-06-07,Anguilla,El Salvador,-104.00167848848378,-2.0,0.5,0,A
2025-06-07,Albania,Serbia,-88.61923169159627,0.19999999999999996,0.5,0,D
2025-06-07,Bosnia and Herzegovina,San Marino,175.52722704130224,0.5999999999999999,0.5,0,H
2025-06-07,Austria,Romania,67.5239217095966,-0.3999999999999999,0.5,0,H
2025-06-07,Finland,Netherlands,-216.46952736182925,-0.3999999999999999,0.5,0,A
2025-06-07,Malta,Lithuania,53.42167602914719,1.2,0.5,0,D
2025-06-07,United States,Turkey,18.266094542586416,-0.19999999999999996,0.5,0,A
2025-06-07,Mexico,Switzerland,46.26317556266804,1.2,0.5,1,A
2025-06-07,Latvia,Azerbaijan,-4.161779334724088,0.6000000000000001,1.0,0,D
2025-06-07,Greece,Slovakia,57.193700896560586,0.40000000000000013,0.5,0,H
2025-06-07,Denmark,Northern Ireland,158.99836465355725,-0.6000000000000001,0.5,0,H
2025-06-07,Andorra,England,-377.5546611511379,-2.2,0.0,1,A
2025-06-08,Georgia,Cape Verde,-16.768293259643087,0.0,0.5,0,D
2025-06-08,DR Congo,Madagascar,117.09181927837017,1.2000000000000002,0.5,1,H
2025-06-08,Germany,France,-27.585609249478466,0.20000000000000018,0.6666666666666666,0,A
2025-06-08,Portugal,Spain,-64.9152065154135,-0.20000000000000018,0.0,1,D
2025-06-09,Italy,Moldova,213.26866480403146,0.0,1.0,0,H
2025-06-09,Faroe Islands,Gibraltar,30.56440265891979,0.19999999999999996,0.5,0,H
2025-06-09,Croatia,Czech Republic,43.24455429825389,-1.2000000000000002,0.5,0,H
2025-06-09,Kazakhstan,North Macedonia,-93.86759423330363,-1.0000000000000002,0.0,0,A
2025-06-09,Estonia,Norway,-216.25402882860703,-2.2,0.5,0,A
2025-06-09,Uganda,Gambia,-22.54760116087391,-0.19999999999999996,0.5,1,D
2025-06-09,Belgium,Wales,42.88895634481878,-1.4000000000000001,1.0,0,H
2025-06-09,Montenegro,Armenia,67.43728111345195,1.2000000000000002,0.0,0,D
2025-06-09,Liechtenstein,Scotland,-271.8152929260052,-1.8,0.5,0,A
2025-06-09,Kosovo,Comoros,-14.855991080526792,0.6000000000000001,0.5,0,H
2025-06-09,Gabon,Guinea-Bissau,87.9512009589198,1.6,1.0,1,H
2025-06-09,Equatorial Guinea,Cameroon,-66.55296949602916,-1.2000000000000002,0.5,1,D
2025-06-09,Algeria,Rwanda,215.7679854964756,1.8,1.0,0,H
2025-06-09,Morocco,Benin,234.7710819180527,2.4,0.5,0,H
2025-06-10,Serbia,Andorra,282.96943559992883,1.2,0.5,0,H
2025-06-10,Romania,Cyprus,157.05711602489896,0.0,1.0,0,H
2025-06-10,San Marino,Austria,-359.23988892752163,-0.8,0.5,0,A
2025-06-10,Finland,Poland,-117.09251608893283,-1.0,0.0,0,H
2025-06-10,Netherlands,Malta,255.75005324462245,0.8,0.5,0,H
2025-06-10,Japan,Indonesia,169.09752464496273,0.8,1.0,0,H
2025-06-10,Jordan,Iraq,26.351917699559408,1.4000000000000001,1.0,0,A
2025-06-10,Palestine,Oman,-67.43111592437572,-0.20000000000000018,0.0,1,D
2025-06-10,Latvia,Albania,-105.21169533236457,-0.19999999999999996,0.5,0,D
2025-06-10,South Korea,Kuwait,190.99318985792956,1.4,1.0,0,H
2025-06-10,Kyrgyzstan,United Arab Emirates,-87.65046402224448,-0.19999999999999996,0.0,0,D
2025-06-10,Iran,North Korea,225.97054577082963,1.6,1.0,0,H
2025-06-10,China,Bahrain,-78.02508817274315,-0.6,1.0,0,H
2025-06-10,New Zealand,Ukraine,44.302405086955105,1.6,0.5,1,A
2025-06-10,Cuba,Bermuda,11.939974386687481,0.0,0.5,0,A
2025-06-10,Belarus,Russia,-152.2866425928887,-0.6000000000000001,0.0,0,A
2025-06-10,Uzbekistan,Qatar,59.32293527037996,0.40000000000000013,0.0,0,H
2025-06-10,Honduras,Antigua and Barbuda,98.13850474606852,1.6,0.5,0,H
2025-06-10,Saint Kitts and Nevis,Grenada,48.91728181910639,-0.7999999999999999,0.5,0,A
2025-06-10,Costa Rica,Trinidad and Tobago,23.99027870782993,0.19999999999999996,0.5,0,H
2025-06-10,Saint Lucia,Barbados,91.50170696582586,0.0,0.5,0,H
2025-06-10,Haiti,Curaçao,104.5384294322987,0.6000000000000001,0.5,1,A
2025-06-10,Guyana,Montserrat,38.3294882744558,0.6000000000000001,1.0,0,H
2025-06-10,Panama,Nicaragua,46.610759989081316,0.0,1.0,0,H
2025-06-10,Dominican Republic,Dominica,75.97406322889083,0.8,1.0,0,H
2025-06-10,Jamaica,Guatemala,17.71937166836119,0.20000000000000018,1.0,0,H
2025-06-10,Puerto Rico,Saint Vincent and the Grenadines,28.796853025158043,-1.6,0.5,0,H
2025-06-10,El Salvador,Suriname,-61.489818960301136,0.19999999999999996,0.5,0,D
2025-06-10,Canada,Ivory Coast,0.9916969829521349,0.5999999999999999,0.5,0,D
2025-06-10,Brazil,Paraguay,127.85305544421112,-1.0000000000000002,0.75,0,H
2025-06-10,Saudi Arabia,Australia,-72.65570149904624,-0.20000000000000018,1.0,0,A
2025-06-10,Peru,Ecuador,-97.73430847236295,-1.2000000000000002,0.5,0,D
2025-06-10,Timor-Leste,Maldives,-43.67626324341086,-0.6,0.5,1,H
2025-06-10,Philippines,Tajikistan,-42.38370218374462,-0.3999999999999999,1.0,0,D
2025-06-10,Argentina,Colombia,118.06914585283744,2.0,0.6666666666666666,0,D
2025-06-10,Yemen,Lebanon,-27.474235854384233,-0.6000000000000001,0.5,1,D
2025-06-10,Bangladesh,Singapore,-26.557431945095004,0.5999999999999999,0.5,0,A
2025-06-10,Hong Kong,India,6.04301012169276,1.0000000000000002,0.0,0,H
2025-06-10,Sri Lanka,Taiwan,-7.610496638489394,0.6000000000000001,0.5,0,H
2025-06-10,Turkmenistan,Thailand,-131.49364393300584,-0.40000000000000013,0.0,0,H
2025-06-10,Myanmar,Pakistan,-0.29225864765908227,1.4,0.5,0,H
2025-06-10,Afghanistan,Syria,-45.378720525660356,-1.8,0.5,1,A
2025-06-10,Laos,Nepal,-45.163722004253714,-0.9999999999999999,0.0,0,H
2025-06-10,Malaysia,Vietnam,-10.814615414239597,-2.0,0.0,0,H
2025-06-10,Azerbaijan,Hungary,-150.6043481864458,0.2,0.5,0,A
2025-06-10,Burundi,Mauritania,29.505028117848497,0.3999999999999999,1.0,1,D
2025-06-10,Chad,Kenya,-76.97501450998129,-0.6,0.5,1,A
2025-06-10,Brunei,Bhutan,-10.198848649019283,-0.6000000000000001,0.5,0,H
2025-06-10,England,Senegal,11.197507095237597,0.7999999999999998,1.0,0,A
2025-06-10,Uruguay,Venezuela,75.38148999078226,-0.19999999999999996,1.0,0,H
2025-06-10,Bolivia,Chile,-74.855003259765,-0.9999999999999999,0.25,0,H
2025-06-10,United States,Switzerland,20.739006946209656,-0.40000000000000013,0.0,0,A
2025-06-10,Sweden,Algeria,-109.91214084007561,-0.6000000000000001,1.0,0,H
2025-06-10,South Africa,Mozambique,85.4056466860568,0.19999999999999996,1.0,0,H
2025-06-10,Northern Ireland,Iceland,-8.97738427168224,-0.19999999999999996,0.5,0,H
2025-06-10,Slovenia,Bosnia and Herzegovina,162.26826671570348,-0.3999999999999999,0.5,0,H
2025-06-10,Denmark,Lithuania,263.8021314294774,0.9999999999999999,0.5,0,H
2025-06-10,Mexico,Turkey,0.09225619085259495,-0.19999999999999996,0.5,1,H
2025-06-10,Luxembourg,Republic of Ireland,-76.99308527198036,-1.2,0.5,0,D
2025-06-10,Israel,Slovakia,-25.270569218065248,1.2,1.0,1,H
2025-06-10,Greece,Bulgaria,165.48608665006554,0.8,0.5,0,H
2025-06-10,Niger,Zimbabwe,-1.1013711910450183,1.7999999999999998,0.5,1,D
2025-06-14,Mexico,Dominican Republic,65.60511548438853,0.3999999999999999,0.5,1,H
2025-06-15,United States,Trinidad and Tobago,64.12538700532969,-0.6,0.75,0,H
2025-06-15,Costa Rica,Suriname,36.798732283099525,0.3999999999999999,1.0,1,H
2025-06-15,Haiti,Saudi Arabia,23.458724888153256,0.3999999999999999,0.5,1,A
2025-06-16,Jamaica,Guatemala,36.70024608617928,1.2000000000000002,1.0,1,A
2025-06-16,Panama,Guadeloupe,23.87622205706043,-0.8,0.5,1,H
2025-06-17,Curaçao,El Salvador,35.70441819846519,0.19999999999999973,0.5,1,D
2025-06-17,Canada,Honduras,114.3697281945299,-0.3999999999999999,0.6666666666666666,0,H
2025-06-18,Costa Rica,Dominican Republic,37.699628203165275,1.6,0.5,1,H
2025-06-18,Suriname,Mexico,-98.86151964492205,-0.3999999999999999,0.0,1,A
2025-06-19,Trinidad and Tobago,Haiti,-59.72727964083174,-1.2000000000000002,0.5,1,D
2025-06-19,United States,Saudi Arabia,22.858486096064553,-1.4,0.5,0,H
2025-06-20,Jamaica,Guadeloupe,7.389395331501646,-0.3999999999999999,1.0,1,H
2025-06-20,Guatemala,Panama,-49.70999328630319,-0.3999999999999999,0.0,1,A
2025-06-21,Honduras,El Salvador,23.96958887204528,0.5999999999999999,0.5,1,H
2025-06-21,Curaçao,Canada,-118.32728439548077,0.0,0.0,1,D
2025-06-22,Mexico,Costa Rica,42.482975190843945,-0.6000000000000001,1.0,1,D
2025-06-22,Dominican Republic,Suriname,15.298452683942514,-0.19999999999999996,0.5,1,D
2025-06-22,Saudi Arabia,Trinidad and Tobago,46.57151906002423,1.0,0.5,1,D
2025-06-22,United States,Haiti,31.793485677424997,-0.19999999999999996,1.0,0,H
2025-06-24,Honduras,Curaçao,-3.6554215195246798,0.7999999999999998,0.5,1,H
2025-06-24,Canada,El Salvador,158.0148969181389,1.0000000000000002,1.0,1,H
2025-06-24,Panama,Jamaica,33.90612745780231,0.3999999999999999,0.6666666666666666,1,H
2025-06-24,Guadeloupe,Guatemala,5.9976045127525595,0.40000000000000013,0.0,1,A
2025-06-28,Panama,Honduras,88.34241320690967,0.6000000000000001,0.5,1,D
2025-06-28,Mexico,Saudi Arabia,62.975291471545006,0.6000000000000001,1.0,1,H
2025-06-29,United States,Costa Rica,29.03874459863323,-0.8,0.8,0,D
2025-06-29,Canada,Guatemala,88.43931392494028,0.40000000000000013,0.5,1,D
2025-07-01,Tamil Eelam,Tibet,48.827044820515084,2.6666666666666665,1.0,1,H
2025-07-02,United States,Guatemala,72.54899424402583,0.6000000000000001,0.5,0,H
2025-07-02,Mexico,Honduras,115.22332726960008,0.6000000000000001,0.75,1,H
2025-07-02,Tamil Eelam,East Turkestan,37.46274510529747,2.0,0.5,1,H
2025-07-03,Tibet,East Turkestan,-19.646053112091067,0.25,0.5,1,A
2025-07-04,Tamil Eelam,East Turkestan,45.87939207698014,1.5,1.0,1,H
2025-07-06,United States,Mexico,-18.910077060487538,0.0,0.8333333333333334,0,A
2025-07-13,Gozo,Shetland,-19.47563459409821,-0.75,0.5,1,D
2025-07-13,Hitra,Isle of Man,-0.5667563408699152,-0.5,0.5,1,A
2025-07-13,Orkney,Frøya,9.097714938038052,0.33333333333333326,1.0,0,H
2025-07-14,Orkney,Hitra,18.86739397857673,1.75,0.5,0,H
2025-07-14,Isle of Man,Frøya,30.240865305864645,1.05,0.5,1,H
2025-07-14,Jersey,Gozo,72.93077856828404,1.6,1.0,1,H
2025-07-14,Ynys Môn,Western Isles,19.569370568735394,0.75,0.5,1,H
2025-07-15,Frøya,Hitra,-9.38103746140655,0.6,0.5,1,A
2025-07-15,Jersey,Shetland,62.506259476008836,1.0,0.5,1,D
2025-07-15,Orkney,Isle of Man,-1.3410406814894031,0.19999999999999996,0.0,0,A
2025-07-17,Orkney,Shetland,-12.840154818447218,-0.40000000000000013,0.5,0,H
2025-07-17,Hitra,Frøya,28.841152729372197,0.4,1.0,1,H
2025-07-17,Gozo,Western Isles,2.2716260537481503,0.19999999999999996,0.5,1,D
2025-07-17,Isle of Man,Ynys Môn,0.3180520991134017,0.0,0.0,1,A
2025-07-18,Isle of Man,Jersey,-60.53189846084024,-0.20000000000000018,0.5,1,H
2025-08-13,United States Virgin Islands,Turks and Caicos Islands,-43.48049012329034,-0.4,0.5,1,D
2025-08-14,Marshall Islands,United States Virgin Islands,118.33603421062867,0.6,0.5,1,A
2025-08-16,Turks and Caicos Islands,Marshall Islands,-64.06538091396692,0.8,0.5,1,H
2025-08-24,Qatar,Lebanon,118.74603727868498,-0.6000000000000001,1.0,0,D
2025-09-03,Qatar,Bahrain,39.52409274626211,0.7999999999999999,0.5,0,D
2025-09-03,Seychelles,Gabon,-169.30833519116845,-2.4,0.0,1,A
2025-09-04,Mali,Comoros,101.0571442684518,0.19999999999999996,1.0,1,H
2025-09-04,Luxembourg,Northern Ireland,-32.64202601862917,0.0,0.0,0,A
2025-09-04,Slovakia,Germany,-128.31866265564008,-0.19999999999999996,0.5,0,H
2025-09-04,Georgia,Turkey,-44.51239494164315,0.19999999999999996,0.0,0,A
2025-09-04,Bulgaria,Spain,-320.6445581394089,-1.4,0.5,0,A
2025-09-04,Lithuania,Malta,-50.23181554380949,0.0,0.5,0,D
2025-09-04,Madagascar,Central African Republic,12.1768586791718,-0.20000000000000007,0.3333333333333333,1,H
2025-09-04,Kazakhstan,Wales,-131.91631039784897,-0.8,0.0,0,A
2025-09-04,Liechtenstein,Belgium,-355.78735069631284,-1.4,0.5,0,A
2025-09-04,Iraq,Hong Kong,102.91316183445838,-1.4000000000000001,1.0,1,H
2025-09-04,Thailand,Fiji,38.24280917228043,0.6000000000000001,0.5,0,H
2025-09-04,Suriname,Panama,-88.01016703206392,-1.6,0.5,0,D
2025-09-04,Guatemala,El Salvador,75.60899152356728,0.3999999999999999,0.6,0,A
2025-09-04,Chad,Ghana,-108.37051843032373,-1.6,0.0,0,D
2025-09-04,Netherlands,Poland,125.29231856528668,0.0,1.0,0,D
2025-09-04,São Tomé and Príncipe,Equatorial Guinea,-154.80884243930836,-0.8,0.0,1,A
2025-09-04,Tunisia,Liberia,186.72860884062015,0.6000000000000001,1.0,0,H
2025-09-04,Gibraltar,Albania,-185.08048951737646,-0.8,0.5,0,A
2025-09-04,Malaysia,Singapore,79.31528798191653,0.20000000000000018,0.5,0,H
2025-09-04,Norway,Finland,162.42327564573634,1.6,0.5,0,H
2025-09-04,Russia,Jordan,20.379960236006127,1.2000000000000002,0.5,0,D
2025-09-04,Saudi Arabia,North Macedonia,32.697883522306256,-1.4000000000000001,1.0,1,H
2025-09-04,Algeria,Botswana,180.44133437676487,0.7999999999999998,1.0,0,H
2025-09-04,Colombia,Bolivia,212.48961157856388,-0.4,0.6666666666666666,0,H
2025-09-04,Argentina,Venezuela,237.8954117238727,1.4000000000000001,1.0,0,H
2025-09-04,United Arab Emirates,Syria,83.30536103344275,-0.6000000000000001,1.0,0,H
2025-09-04,Uruguay,Peru,85.91838231963743,0.0,0.5,0,H
2025-09-04,Brazil,Chile,187.63802305140098,0.8,1.0,0,H
2025-09-04,Guinea-Bissau,Sierra Leone,-34.602952302247786,-1.4,0.5,0,D
2025-09-04,Angola,Libya,52.821894750048386,0.19999999999999996,0.0,0,A
2025-09-04,Cameroon,Eswatini,157.5494192376259,1.6,0.5,0,H
2025-09-04,Mauritius,Cape Verde,-147.87453501534924,-1.8000000000000003,0.0,0,A
2025-09-04,Paraguay,Ecuador,-86.11848833765112,-0.19999999999999996,0.5,0,D
2025-09-05,Switzerland,Kosovo,73.1391566642601,-1.0,0.5,0,H
2025-09-05,Denmark,Scotland,91.08163621206631,0.19999999999999996,0.5,0,D
2025-09-05,Greece,Belarus,152.68843262503947,0.3999999999999999,0.5,0,H
2025-09-05,Iceland,Azerbaijan,48.41475230052106,0.39999999999999997,0.5,0,H
2025-09-05,Ukraine,France,-121.46713120337404,0.0,0.0,1,A
2025-09-05,Italy,Estonia,241.8900870960133,0.20000000000000007,1.0,0,H
2025-09-05,Nicaragua,Costa Rica,-72.81104787663503,-1.4000000000000001,0.5,0,D
2025-09-05,Faroe Islands,Croatia,-270.5188724835791,-1.4,0.5,0,A
2025-09-05,Montenegro,Czech Republic,-114.31179944599444,-0.3999999999999999,0.0,0,A
2025-09-05,Bermuda,Jamaica,-84.63902420372006,-0.6000000000000001,0.5,0,A
2025-09-05,Trinidad and Tobago,Curaçao,19.178704729870105,-0.6000000000000001,0.5,0,D
2025-09-05,Haiti,Honduras,52.837151771936306,-0.5999999999999999,0.0,1,D
2025-09-05,Slovenia,Sweden,12.265079052130432,-0.19999999999999973,0.0,0,D
2025-09-05,Moldova,Israel,-102.78809207482027,-2.1999999999999997,0.0,0,A
2025-09-05,Namibia,Malawi,37.211835838256775,0.3999999999999999,1.0,1,A
2025-09-05,Senegal,Sudan,204.3681182404332,1.2000000000000002,0.5,0,H
2025-09-05,Somalia,Guinea,-113.6315353007983,-0.9999999999999999,0.5,1,A
2025-09-05,Ivory Coast,Burundi,131.17556056371836,0.6000000000000001,1.0,0,H
2025-09-05,Kenya,Gambia,-7.844098700582663,-0.6000000000000001,0.5,0,A
2025-09-05,Morocco,Niger,267.50101690834776,1.0,1.0,0,H
2025-09-05,Congo,Tanzania,-56.31891558510506,0.0,0.5,0,D
2025-09-05,South Africa,Lesotho,162.63747865067285,0.6000000000000001,0.5,0,H
2025-09-05,Benin,Zimbabwe,23.466633410772374,0.0,0.5,1,H
2025-09-05,Mauritania,Togo,-20.961918139655154,0.19999999999999996,0.5,0,H
2025-09-05,South Sudan,DR Congo,-166.19571561107614,-1.5999999999999999,0.0,0,A
2025-09-05,Egypt,Ethiopia,207.2878739030814,1.0000000000000002,0.6666666666666666,0,H
2025-09-05,Djibouti,Burkina Faso,-159.669523003103,-1.4,0.0,1,A
2025-09-05,Romania,Canada,-95.62224147958682,0.0,0.5,0,A
2025-09-05,Indonesia,Taiwan,101.61015643954397,0.0,1.0,0,H
2025-09-05,Australia,New Zealand,67.07704415109811,0.20000000000000018,1.0,0,H
2025-09-05,Uganda,Mozambique,-22.507044856866287,0.19999999999999996,0.0,0,H
2025-09-06,San Marino,Bosnia and Herzegovina,-182.8062779197046,-1.4,0.0,0,A
2025-09-06,Austria,Cyprus,248.75148108253984,0.8,0.5,0,H
2025-09-06,England,Andorra,374.5987617800131,2.1999999999999997,1.0,0,H
2025-09-06,Latvia,Serbia,-189.17808730101638,-0.8,0.5,0,A
2025-09-06,Armenia,Portugal,-286.87667752167386,-0.8,0.5,0,A
2025-09-06,Sri Lanka,Maldives,13.225800162320184,1.8,0.0,0,A
2025-09-06,Nigeria,Rwanda,97.21189920746542,1.0,0.5,0,H
2025-09-06,Mexico,Japan,-44.344290918596926,0.6000000000000001,1.0,1,D
2025-09-06,Republic of Ireland,Hungary,-62.49576872718103,0.8,1.0,0,D
2025-09-06,United States,South Korea,-53.41872498695784,0.19999999999999996,0.5,0,A
2025-09-06,Nepal,Bangladesh,-4.030003881647417,0.0,0.6666666666666666,0,D
2025-09-07,Thailand,Iraq,-22.38747849975948,1.0,0.5,0,A
2025-09-07,Qatar,Russia,-42.706350211382414,-1.2000000000000002,0.5,0,A
2025-09-07,Belgium,Kazakhstan,201.00943761551662,1.4,0.5,0,H
2025-09-07,North Macedonia,Liechtenstein,265.2536800312405,1.6,1.0,0,H
2025-09-07,Poland,Finland,99.69213794747566,0.6000000000000001,0.5,0,H
2025-09-07,Fiji,Hong Kong,38.71868958009827,-0.6000000000000001,0.5,1,A
2025-09-07,Turkey,Spain,-146.3465658938594,0.5999999999999999,0.5,0,A
2025-09-07,Georgia,Bulgaria,117.78878150087667,1.8,0.5,0,H
2025-09-07,Luxembourg,Slovakia,-108.96823552953742,0.0,0.0,0,A
2025-09-07,Germany,Northern Ireland,159.45026443119787,-0.5999999999999999,0.5,0,H
2025-09-07,Central African Republic,Comoros,-86.36404328520439,-0.3999999999999999,0.0,1,A
2025-09-07,Lithuania,Netherlands,-308.5527115822797,-1.2000000000000002,0.5,0,A
2025-09-08,Ghana,Mali,-115.39414671363079,0.0,0.5,0,H
2025-09-08,Switzerland,Slovenia,-5.1185758538476875,0.3999999999999999,0.5,0,H
2025-09-08,Belarus,Scotland,-89.8552760696789,0.40000000000000013,0.5,1,A
2025-09-08,Greece,Denmark,-11.38644084631619,0.3999999999999999,0.5,0,A
2025-09-08,Gibraltar,Faroe Islands,-50.45415759202456,-0.6,0.0,0,A
2025-09-08,Croatia,Montenegro,185.38429604998964,1.0,0.5,0,H
2025-09-08,El Salvador,Suriname,-46.61957425989317,0.4,0.5,0,A
2025-09-08,Panama,Guatemala,78.34510284164958,1.4000000000000001,1.0,0,D
2025-09-08,Madagascar,Chad,47.4347250428641,0.7999999999999999,1.0,1,H
2025-09-08,Israel,Italy,-116.39961152727983,1.0,0.0,1,A
2025-09-08,Malawi,Liberia,36.30988777293419,0.19999999999999996,1.0,0,D
2025-09-08,Kosovo,Sweden,-82.54927590367856,0.3999999999999999,0.0,0,H
2025-09-08,Uganda,Somalia,97.82871498025179,1.2,1.0,0,H
2025-09-08,Equatorial Guinea,Tunisia,-88.71780063089113,-0.7999999999999998,0.3333333333333333,0,A
2025-09-08,Czech Republic,Saudi Arabia,16.873401869735517,1.0,0.5,0,D
2025-09-08,Malaysia,Palestine,48.641456515780874,0.3999999999999999,0.5,0,H
2025-09-08,Syria,Kuwait,4.809921003500449,1.0,0.0,1,D
2025-09-08,United Arab Emirates,Bahrain,37.592029104143876,1.4000000000000001,0.3333333333333333,0,H
2025-09-08,Indonesia,Lebanon,64.78125677377625,0.19999999999999996,0.5,0,D
2025-09-08,Libya,Eswatini,84.6073929337631,1.0,1.0,0,H
2025-09-08,Zambia,Morocco,-182.783139929227,-1.0,0.0,0,A
2025-09-08,Mozambique,Botswana,0.16446590529790228,0.19999999999999996,1.0,0,H
2025-09-08,Guinea,Algeria,-162.46079252282175,-1.0,0.5,1,D
2025-09-08,Guinea-Bissau,Djibouti,28.80117166220407,0.0,1.0,0,H
2025-09-09,Angola,Mauritius,128.31020128943874,0.39999999999999997,0.0,0,H
2025-09-09,France,Iceland,237.61206889082632,0.6000000000000001,0.5,0,H
2025-09-09,Tanzania,Niger,29.799071156814307,-0.9999999999999999,1.0,0,A
2025-09-09,Kenya,Seychelles,127.6483399255917,1.0,1.0,0,H
2025-09-09,Gabon,Ivory Coast,-91.0859761952272,0.3999999999999999,0.0,0,D
2025-09-09,Gambia,Burundi,27.6521543968106,0.20000000000000018,0.0,1,H
2025-09-09,Namibia,São Tomé and Príncipe,109.64179489643175,1.2,1.0,1,H
2025-09-09,Azerbaijan,Ukraine,-168.5112145961175,-1.0,0.5,0,D
2025-09-09,Armenia,Republic of Ireland,-105.10907081194955,-1.6,0.5,0,H
2025-09-09,Albania,Latvia,109.49549459581362,0.6000000000000001,0.5,0,H
2025-09-09,Bosnia and Herzegovina,Austria,-179.6040140804016,0.3999999999999999,0.5,0,A
2025-09-09,Cyprus,Romania,-165.12626469023235,-0.3999999999999999,0.0,0,D
2025-09-09,Honduras,Nicaragua,-2.3459793435017673,0.6000000000000001,0.5,0,H
2025-09-09,Norway,Moldova,218.40303513454978,3.0,1.0,0,H
2025-09-09,Serbia,England,-82.10871393325488,-0.19999999999999973,0.0,0,A
2025-09-09,Jamaica,Trinidad and Tobago,41.92061030113791,1.2000000000000002,0.8,0,H
2025-09-09,Curaçao,Bermuda,39.86453839610908,0.0,0.5,0,H
2025-09-09,Costa Rica,Haiti,21.207152394728382,1.4,0.5,0,D
2025-09-09,Cape Verde,Cameroon,-23.111457355151288,0.0,0.5,0,H
2025-09-09,Hungary,Portugal,-129.26789930642826,-1.2,0.0,0,A
2025-09-09,Benin,Lesotho,46.04872123462974,-0.3999999999999999,1.0,1,H
2025-09-09,Sri Lanka,Maldives,-7.535170558950767,1.2000000000000002,0.0,0,D
2025-09-09,Zimbabwe,Rwanda,-19.670026344691905,0.39999999999999997,0.5,1,A
2025-09-09,Estonia,Andorra,81.02896364025992,0.6,0.5,0,D
2025-09-09,Jordan,Dominican Republic,62.89130700260239,0.19999999999999996,0.5,0,H
2025-09-09,Malta,San Marino,157.0122712957666,0.4,1.0,0,H
2025-09-09,Mexico,South Korea,-22.801167648466162,0.0,1.0,1,D
2025-09-09,South Africa,Nigeria,38.545644563393125,0.19999999999999996,0.5,0,D
2025-09-09,United States,Japan,-89.37193186792001,-0.20000000000000018,0.0,0,H
2025-09-09,Wales,Canada,-80.5571636619677,-0.20000000000000018,0.5,0,A
2025-09-09,Ecuador,Argentina,-146.93602769003792,-1.2000000000000002,0.0,0,H
2025-09-09,New Zealand,Australia,-83.26304865217662,-1.2,0.0,0,A
2025-09-09,Bolivia,Brazil,-247.86662333558365,-1.2,0.0,0,H
2025-09-09,Peru,Paraguay,-16.13904778544088,-0.6000000000000001,1.0,0,A
2025-09-09,Mauritania,South Sudan,72.11151003802797,0.19999999999999996,0.5,0,D
2025-09-09,DR Congo,Senegal,-115.386851023703,0.7999999999999998,0.5,0,A
2025-09-09,Togo,Sudan,-7.020069310390454,0.0,0.5,0,H
2025-09-09,Singapore,Myanmar,65.98122489822845,-0.6000000000000001,1.0,0,D
2025-09-09,Sierra Leone,Ethiopia,14.515962213709827,-0.19999999999999996,0.5,1,H
2025-09-09,Chile,Uruguay,-139.26028111338837,-1.2,0.0,0,D
2025-09-09,Venezuela,Colombia,-134.97451967746724,0.0,0.0,0,A
2025-09-09,Burkina Faso,Egypt,-92.42293577514124,0.19999999999999973,0.0,0,D
2025-10-04,Saint Kitts and Nevis,Saint Martin,-46.97364807256872,-0.6,1.0,0,H
2025-10-05,Saint Kitts and Nevis,Saint Martin,-24.285983828379358,0.0,1.0,0,H
2025-10-05,Saint Vincent and the Grenadines,Cuba,4.826794446803433,0.8,0.0,0,H
2025-10-08,Niger,Congo,34.16155644329115,1.6,0.0,1,H
2025-10-08,Gibraltar,New Caledonia,-219.61204708594846,-2.0,0.5,0,A
2025-10-08,Chad,Mali,-213.15988839712327,-0.9999999999999999,0.0,0,A
2025-10-08,Central African Republic,Ghana,-107.1369599503953,-1.2,0.0,1,A
2025-10-08,Comoros,Madagascar,53.808921755284246,-0.6000000000000001,0.3333333333333333,1,A
2025-10-08,Tanzania,Zambia,-67.66050492162026,-1.4,1.0,0,A
2025-10-08,Saint Vincent and the Grenadines,Cuba,24.548959697586724,1.4,0.5,0,H
2025-10-08,Eswatini,Angola,-128.48980440063042,-0.6,0.0,0,D
2025-10-08,Libya,Cape Verde,-64.3881253769755,-0.6000000000000001,0.0,0,D
2025-10-08,Djibouti,Egypt,-270.0716571068076,-2.0,0.0,1,A
2025-10-08,Sierra Leone,Burkina Faso,-102.67282467719474,-0.6000000000000001,0.5,1,A
2025-10-08,Ethiopia,Guinea-Bissau,-0.6537251647011999,0.3999999999999999,0.5,1,H
2025-10-08,Saudi Arabia,Indonesia,44.309796966249905,-1.0,0.0,0,H
2025-10-08,Qatar,Oman,-8.7983112745801,-0.6000000000000001,0.6666666666666666,0,D
2025-10-08,Mauritius,Cameroon,-178.7548817707484,-1.8,0.0,0,A
2025-10-09,Tajikistan,Maldives,60.69421695812321,1.2,0.5,0,H
2025-10-09,Timor-Leste,Philippines,-52.07714175047272,-1.4,0.0,1,A
2025-10-09,Lebanon,Bhutan,39.55400520929243,0.3999999999999999,1.0,1,H
2025-10-09,Singapore,India,-1.1045724029456778,0.6000000000000001,0.5,0,D
2025-10-09,Bangladesh,Hong Kong,-66.30302637164118,0.0,0.5,0,A
2025-10-09,Sri Lanka,Turkmenistan,-41.99184689140088,-0.6000000000000001,0.5,0,H
2025-10-09,Thailand,Taiwan,155.62506355895766,1.2000000000000002,0.0,0,H
2025-10-09,Laos,Malaysia,-167.3203929674462,-1.2,0.0,0,A
2025-10-09,Syria,Myanmar,75.46172776937033,-0.6000000000000001,1.0,1,H
2025-10-09,Czech Republic,Croatia,-63.02937323841411,-0.3999999999999999,0.0,0,D
2025-10-09,Vietnam,Nepal,118.45321509429823,1.4,0.5,0,H
2025-10-09,Liberia,Namibia,-57.291498702035824,-0.8,0.5,0,H
2025-10-09,Nicaragua,Haiti,-58.15001014542122,0.4,0.0,0,A
2025-10-09,Honduras,Costa Rica,-60.348830546771296,0.20000000000000018,0.0,0,D
2025-10-09,Pakistan,Afghanistan,-42.067241541459,0.0,0.5,0,D
2025-10-09,Faroe Islands,Montenegro,-78.41953061433992,0.3999999999999999,0.0,0,H
2025-10-09,Brunei,Yemen,1.8639368502251727,-0.19999999999999996,0.5,0,A
2025-10-09,Austria,San Marino,383.7734012548899,2.4,1.0,0,H
2025-10-09,Cyprus,Bosnia and Herzegovina,-67.18827649531363,-1.4,0.0,0,D
2025-10-09,Poland,New Zealand,-21.006324586462824,0.8,0.5,0,H
2025-10-09,Romania,Moldova,125.9965492263384,1.4,1.0,0,H
2025-10-09,Morocco,Bahrain,197.67298744539107,2.8,0.5,0,H
2025-10-09,Grenada,British Virgin Islands,42.6718574953411,1.8,0.5,0,H
2025-10-09,Burundi,Kenya,-15.948137850730518,0.0,0.5,0,A
2025-10-09,Algeria,Somalia,292.66864634395756,1.8,1.0,0,H
2025-10-09,England,Wales,141.02025691563995,1.0,1.0,0,H
2025-10-09,Mozambique,Guinea,-22.639395672415276,0.19999999999999996,1.0,0,A
2025-10-09,Malawi,Equatorial Guinea,-65.42055177468023,0.3999999999999999,0.0,0,H
2025-10-09,Scotland,Greece,-57.42670627046027,-1.0,0.5,0,H
2025-10-09,Belarus,Denmark,-192.95303512518535,-0.8,0.5,1,A
2025-10-09,Malta,Netherlands,-258.3227603228827,-1.2000000000000002,0.0,0,A
2025-10-09,Finland,Lithuania,86.1721216691144,0.20000000000000007,0.5,0,H
2025-10-09,Botswana,Uganda,-16.202878407768367,-1.2,0.0,0,A
2025-10-10,Tunisia,São Tomé and Príncipe,269.60712164956,2.4,1.0,0,H
2025-10-10,Northern Ireland,Slovakia,-70.87015940897777,0.0,0.0,0,H
2025-10-10,Germany,Luxembourg,222.88920657166568,0.6000000000000001,0.5,0,H
2025-10-10,Kosovo,Slovenia,-71.6290625057618,0.3999999999999999,0.0,0,D
2025-10-10,Sweden,Switzerland,-28.920312526105818,-1.0,0.5,0,A
2025-10-10,Iceland,Ukraine,-102.4225297465241,0.3999999999999999,0.0,0,A
2025-10-10,Belgium,North Macedonia,96.31853909146912,1.0,0.5,0,D
2025-10-10,Curaçao,Jamaica,-59.93805397001165,-0.6000000000000001,0.5,0,H
2025-10-10,Kazakhstan,Liechtenstein,158.13279440948736,0.6,1.0,0,H
2025-10-10,Suriname,Guatemala,1.744236733667094,0.0,0.5,0,D
2025-10-10,El Salvador,Panama,-136.11780300565215,-1.0,0.5,0,A
2025-10-10,Bermuda,Trinidad and Tobago,-57.99871418891098,0.6,0.5,0,A
2025-10-10,Seychelles,Ivory Coast,-275.2723828322439,-1.6,0.0,1,A
2025-10-10,France,Azerbaijan,302.8147347929321,2.0,0.5,0,H
2025-10-10,Gambia,Gabon,-18.583234224449143,0.0,0.3333333333333333,1,A
2025-10-10,Uzbekistan,Kuwait,183.302070505159,1.4,0.5,0,H
2025-10-10,Rwanda,Benin,-21.695672208251835,-0.5999999999999999,0.3333333333333333,0,A
2025-10-10,South Africa,Zimbabwe,178.30275346897338,1.8000000000000003,1.0,0,D
2025-10-10,Argentina,Venezuela,238.3094507859771,0.8,1.0,1,H
2025-10-10,Chile,Peru,-24.846999020248177,0.0,0.6666666666666666,0,H
2025-10-10,Canada,Australia,-27.20149370511035,-0.7999999999999998,0.5,0,A
2025-10-10,Japan,Paraguay,156.2798075778519,-0.6000000000000001,1.0,0,D
2025-10-10,Jordan,Bolivia,172.94048818154715,0.0,0.5,1,A
2025-10-10,Russia,Iran,-74.67933604395898,0.20000000000000018,0.5,0,H
2025-10-10,Uruguay,Dominican Republic,75.78448333095253,0.8,0.5,1,H
2025-10-10,United States,Ecuador,6.223763967533841,0.0,0.5,0,D
2025-10-10,Togo,DR Congo,-88.43119918519733,-1.0,0.0,0,A
2025-10-10,South Sudan,Senegal,-297.43375496737326,-2.2,0.0,0,A
2025-10-10,Sudan,Mauritania,-1.3790047044860785,-0.4,0.3333333333333333,1,D
2025-10-10,Lesotho,Nigeria,-145.14566370239868,-1.0,0.0,1,A
2025-10-10,South Korea,Brazil,31.352395048893186,0.8000000000000003,0.0,0,A
2025-10-11,Portugal,Republic of Ireland,207.58272491118714,1.4000000000000001,1.0,0,H
2025-10-11,Serbia,Albania,75.12630660915374,-0.20000000000000018,0.5,0,A
2025-10-11,Latvia,Andorra,88.14955458051736,0.2,1.0,0,D
2025-10-11,Estonia,Italy,-258.91141308149395,-1.2,0.0,0,A
2025-10-11,Norway,Israel,112.56384759057642,1.2,1.0,0,H
2025-10-11,Hungary,Armenia,144.6673010989125,0.0,0.5,0,H
2025-10-11,United Arab Emirates,Oman,9.48741519723876,0.6000000000000001,0.0,1,H
2025-10-11,Spain,Georgia,207.597030428989,0.20000000000000018,1.0,0,H
2025-10-11,Iraq,Indonesia,91.37811715602766,0.40000000000000013,1.0,1,H
2025-10-11,Mexico,Colombia,13.716271619723557,0.40000000000000013,0.0,1,A
2025-10-11,Grenada,Cuba,-6.900896943525595,1.7999999999999998,0.5,0,H
2025-10-11,Bulgaria,Turkey,-180.46628387597457,-1.6,0.5,0,A
2025-10-12,Croatia,Gibraltar,344.2221994310037,2.6,1.0,0,H
2025-10-12,Faroe Islands,Czech Republic,-200.58716875966934,0.19999999999999996,0.0,0,H
2025-10-12,Romania,Austria,-96.46229982220143,-1.6,0.3333333333333333,0,H
2025-10-12,San Marino,Cyprus,-130.3765075361348,-0.6,0.0,0,A
2025-10-12,Lithuania,Poland,-218.45127351214546,-1.6,0.0,0,A
2025-10-12,Netherlands,Finland,224.28961628158208,1.4000000000000001,1.0,0,H
2025-10-12,Denmark,Greece,47.32391096064566,0.8,1.0,0,H
2025-10-12,Scotland,Belarus,121.38780144040516,1.4,1.0,0,H
2025-10-12,Mali,Madagascar,141.43637913160728,-0.40000000000000013,0.5,0,H
2025-10-12,Chad,Central African Republic,-14.560931152098192,-0.4,0.0,0,A
2025-10-12,Zambia,Niger,74.80531459004283,-0.19999999999999996,0.0,0,A
2025-10-12,Egypt,Guinea-Bissau,236.43173477219307,1.8,1.0,0,H
2025-10-12,Djibouti,Sierra Leone,-76.5344786439357,-1.4,0.0,1,A
2025-10-12,Burkina Faso,Ethiopia,133.46281179276957,0.8,1.0,0,H
2025-10-12,Malta,Bosnia and Herzegovina,-26.910612899215494,-0.3999999999999999,0.5,0,A
2025-10-12,Ghana,Comoros,24.191494334848358,0.8,0.0,0,H
2025-10-13,Costa Rica,Nicaragua,84.75993919070515,0.19999999999999996,0.5,0,H
2025-10-13,Honduras,Haiti,-46.982990727808556,0.0,1.0,0,H
2025-10-13,Wales,Belgium,-72.29461888386368,-1.0000000000000002,0.0,0,A
2025-10-13,Ukraine,Azerbaijan,169.61906543645728,0.9999999999999999,0.5,1,H
2025-10-13,Iceland,France,-255.84391548410258,-1.2,0.0,0,D
2025-10-13,Sweden,Kosovo,46.68234916334745,-0.6000000000000001,0.75,0,A
2025-10-13,Slovenia,Switzerland,-26.37850430053004,-1.4,0.0,0,D
2025-10-13,Slovakia,Luxembourg,115.2220526215333,1.0,1.0,0,H
2025-10-13,Northern Ireland,Germany,-163.19459119717067,0.6000000000000001,0.0,0,A
2025-10-13,North Macedonia,Kazakhstan,111.22319826151829,1.0,1.0,0,D
2025-10-13,São Tomé and Príncipe,Malawi,-115.82461057074124,-1.4,0.0,1,H
2025-10-13,Tunisia,Namibia,161.20552039624044,1.0,0.0,0,H
2025-10-13,Uzbekistan,Uruguay,49.49413256803996,0.20000000000000018,0.5,1,A
2025-10-13,South Sudan,Togo,-75.57335235728806,-0.4,0.5,0,D
2025-10-13,Lesotho,Zimbabwe,-13.952628426088268,0.4,1.0,1,H
2025-10-13,Montenegro,Liechtenstein,196.95848911598,0.2,0.5,0,H
2025-10-13,Cameroon,Angola,46.31632770957572,1.0,0.5,0,D
2025-10-13,Mauritius,Libya,-119.68162950005649,-1.4000000000000001,0.0,0,D
2025-10-13,Equatorial Guinea,Liberia,76.15264177014569,-0.5999999999999999,0.6666666666666666,0,D
2025-10-13,Cape Verde,Eswatini,158.84848707073252,1.6,1.0,0,H
2025-10-14,Republic of Ireland,Armenia,80.65024109772435,-0.20000000000000007,0.3333333333333333,0,H
2025-10-14,Yemen,Brunei,18.243358950538322,1.0,1.0,1,H
2025-10-14,Estonia,Moldova,-11.427765704729609,0.2,1.0,0,D
2025-10-14,Italy,Israel,140.4851739352132,0.5999999999999999,1.0,0,H
2025-10-14,Andorra,Serbia,-272.0556935470363,-0.9999999999999999,0.0,0,A
2025-10-14,Latvia,England,-304.62197899036073,-1.7999999999999998,0.0,0,A
2025-10-14,Maldives,Tajikistan,-77.23548927531624,-1.2,0.0,0,A
2025-10-14,Philippines,Timor-Leste,69.1015911171869,1.4,1.0,0,H
2025-10-14,Bhutan,Lebanon,-57.28687978586777,-0.3999999999999999,0.0,1,A
2025-10-14,India,Singapore,1.040988318439986,-0.6000000000000001,0.5,0,A
2025-10-14,Afghanistan,Pakistan,39.657421104655214,0.0,0.5,1,D
2025-10-14,Taiwan,Thailand,-167.22122734555114,-1.8,0.5,0,A
2025-10-14,Turkmenistan,Sri Lanka,19.586303621859997,-0.6000000000000001,0.0,0,H
2025-10-14,Myanmar,Syria,-91.18484388441061,-0.6000000000000001,0.0,0,A
2025-10-14,Vietnam,Nepal,131.88696418231757,2.0,1.0,0,H
2025-10-14,Malaysia,Laos,178.37012241261186,1.7999999999999998,1.0,0,H
2025-10-14,Panama,Suriname,78.48715425231262,0.6000000000000001,0.5,0,D
2025-10-14,El Salvador,Guatemala,-68.52896811185587,0.0,0.5,0,A
2025-10-14,Curaçao,Trinidad and Tobago,2.9432989530751,0.40000000000000013,0.5,0,D
2025-10-14,Jamaica,Bermuda,114.15557829721479,0.6000000000000001,1.0,0,H
2025-10-14,Portugal,Hungary,140.7383412811689,1.2000000000000002,1.0,0,D
2025-10-14,Hong Kong,Bangladesh,82.53198475212025,1.0,1.0,0,D
2025-10-14,Turkey,Georgia,59.08428558394053,0.40000000000000013,1.0,0,H
2025-10-14,Guinea,Botswana,61.67768212999363,1.0,0.0,1,D
2025-10-14,Somalia,Mozambique,-110.07369685135495,-0.39999999999999997,0.0,1,A
2025-10-14,Spain,Bulgaria,348.72838644503236,2.4,1.0,0,H
2025-10-14,Japan,Brazil,23.377523039479684,-1.0,0.0,0,H
2025-10-14,Iran,Tanzania,231.42631084771756,0.9999999999999999,0.5,1,H
2025-10-14,Canada,Colombia,-18.186001732267414,-0.20000000000000018,0.5,1,D
2025-10-14,South Korea,Paraguay,134.01992653048728,0.3999999999999999,0.5,0,H
2025-10-14,Mexico,Ecuador,31.354872273232786,0.20000000000000018,0.0,0,D
2025-10-14,Norway,New Zealand,67.69638106061961,2.4,0.5,0,D
2025-10-14,Puerto Rico,Argentina,-221.99445386758566,-1.0,0.5,1,A
2025-10-14,Russia,Bolivia,190.22961912006417,0.40000000000000013,0.5,0,H
2025-10-14,United States,Australia,-60.015068810983394,-1.6,0.5,0,H
2025-10-14,Qatar,United Arab Emirates,-27.506361291485746,-1.6,0.3333333333333333,0,H
2025-10-14,Albania,Jordan,-60.60006702124292,0.8000000000000003,0.5,0,H
2025-10-14,Senegal,Mauritania,232.5120689493515,1.4000000000000001,1.0,0,H
2025-10-14,DR Congo,Sudan,109.28381267623422,1.7999999999999998,0.3333333333333333,0,H
2025-10-14,Nigeria,Benin,78.40550740021558,0.0,0.6666666666666666,0,H
2025-10-14,South Africa,Rwanda,144.41585467060918,1.2000000000000002,0.0,0,H
2025-10-14,Morocco,Congo,316.9193694677599,2.6,1.0,0,H
2025-10-14,Seychelles,Gambia,-164.66686139497574,-2.0,0.0,1,A
2025-10-14,Ivory Coast,Kenya,128.519992622764,-0.3999999999999999,0.5,0,H
2025-10-14,Gabon,Burundi,83.65389401185644,1.2,1.0,0,H
2025-10-14,Algeria,Uganda,173.9225552759974,0.0,1.0,0,H
2025-10-14,Saudi Arabia,Iraq,-37.03419507194599,-0.7999999999999998,0.5,0,D
2025-11-12,Cayman Islands,British Virgin Islands,46.69201807566901,0.0,1.0,0,A
2025-11-12,Bahamas,Anguilla,15.327530124114901,0.6,0.5,1,A
2025-11-12,Antigua and Barbuda,Aruba,-44.92468641103437,-0.6000000000000001,0.5,0,D
2025-11-12,Saint Kitts and Nevis,Sint Maarten,-10.98457770554387,0.0,0.5,0,D
2025-11-12,Barbados,Bonaire,-62.906768931162105,0.0,0.5,1,H
2025-11-12,Dominican Republic,Saint Vincent and the Grenadines,29.22100086937462,-1.8,0.5,0,H
2025-11-12,Cuba,Saint Lucia,-60.22169252059166,0.0,0.5,1,H
2025-11-12,Russia,Peru,157.94575599566633,2.2,0.5,0,D
2025-11-12,Tunisia,Mauritania,172.12079904874167,1.2,1.0,0,D
2025-11-12,Dominica,Saint Martin,-21.127721143745703,0.0,0.5,1,A
2025-11-13,Norway,Estonia,249.82939186076987,2.2,1.0,0,H
2025-11-13,Moldova,Italy,-261.3301924866944,-2.8,0.0,0,A
2025-11-13,England,Serbia,115.24418023246085,0.5999999999999999,1.0,0,H
2025-11-13,Andorra,Albania,-236.37009963724154,-2.2,0.0,0,A
2025-11-13,Papua New Guinea,Solomon Islands,-10.904189470549,0.40000000000000013,0.25,0,H
2025-11-13,Bermuda,Curaçao,-84.37697855336774,-1.0,0.0,0,A
2025-11-13,Guatemala,Panama,-69.85683880922215,-0.3999999999999999,0.0,0,A
2025-11-13,Trinidad and Tobago,Jamaica,-46.20783633225096,-0.6000000000000001,0.16666666666666666,0,D
2025-11-13,Haiti,Costa Rica,-28.878184846960494,-0.3999999999999999,0.5,1,H
2025-11-13,Nicaragua,Honduras,-46.80232756142527,-1.4000000000000001,0.0,0,H
2025-11-13,Armenia,Hungary,-168.35203694125767,-0.8,0.0,0,A
2025-11-13,Suriname,El Salvador,80.44694603424978,0.7999999999999999,1.0,0,H
2025-11-13,Republic of Ireland,Portugal,-205.31540783334185,-1.2000000000000002,0.0,0,H
2025-11-13,Iran,Cape Verde,102.77474079717172,-0.8000000000000003,0.5,1,D
2025-11-13,France,Ukraine,127.4106130588716,0.6000000000000001,1.0,0,H
2025-11-13,Algeria,Zimbabwe,263.09239132804873,1.6,1.0,1,H
2025-11-13,Bangladesh,Nepal,11.108579645954478,0.6,0.3333333333333333,0,D
2025-11-13,Czech Republic,San Marino,340.3127320331871,1.0,0.5,0,H
2025-11-13,Hong Kong,Cambodia,98.67576126857512,1.4,1.0,0,D
2025-11-13,Lithuania,Israel,-157.9091989847111,-1.0,0.5,0,D
2025-11-13,Canada,Ecuador,19.864695031658584,0.20000000000000018,0.5,0,D
2025-11-13,Azerbaijan,Iceland,-64.66902082500292,-0.6000000000000001,0.0,0,A
2025-11-13,Thailand,Singapore,106.3540010005338,0.19999999999999996,1.0,0,H
2025-11-13,United Arab Emirates,Iraq,-32.72705701464656,-0.6000000000000001,0.0,0,D
2025-11-13,Cameroon,DR Congo,3.625138528422667,-0.7999999999999998,0.5,1,A
2025-11-13,Nigeria,Gabon,29.197887975567028,-0.3999999999999999,0.5,1,H
2025-11-13,North Macedonia,Latvia,132.53986799985182,1.2000000000000002,1.0,0,D
2025-11-14,Luxembourg,Germany,-243.99088111214883,-1.6,0.0,0,A
2025-11-14,Uzbekistan,Egypt,-22.567832259461284,-1.0,0.5,1,H
2025-11-14,Gibraltar,Montenegro,-145.46754522842343,-0.8,0.0,0,A
2025-11-14,Croatia,Faroe Islands,247.24347429063073,0.20000000000000018,1.0,0,H
2025-11-14,Poland,Netherlands,-107.03448688353433,-0.6000000000000001,0.0,0,D
2025-11-14,Finland,Malta,46.321601101707074,0.3999999999999999,1.0,0,A
2025-11-14,Slovakia,Northern Ireland,59.26663868922401,0.0,0.5,0,H
2025-11-14,Tunisia,Jordan,56.720152016504926,1.8,0.5,0,H
2025-11-14,Saudi Arabia,Ivory Coast,-56.87197393805013,-0.6000000000000001,0.5,0,H
2025-11-14,Burkina Faso,Niger,111.60356208847452,0.6000000000000001,1.0,1,H
2025-11-14,Uganda,Chad,121.00725517799037,1.8,0.5,1,H
2025-11-14,Comoros,Namibia,26.95922760743497,-0.20000000000000007,0.5,0,H
2025-11-14,Oman,Sudan,99.57824989698724,0.6,0.5,0,H
2025-11-14,Morocco,Mozambique,231.44160169861493,1.8,0.5,0,H
2025-11-14,South Korea,Bolivia,232.7957485855709,0.19999999999999996,0.5,0,H
2025-11-14,Australia,Venezuela,177.7569481593614,1.7999999999999998,0.5,1,A
2025-11-14,Angola,Argentina,-196.0489992362352,-1.0,0.5,0,A
2025-11-14,Japan,Ghana,154.0792209293122,-1.0,1.0,0,H
2025-11-15,Georgia,Spain,-227.57558957075753,-1.8,0.0,0,A
2025-11-15,Cyprus,Austria,-238.2326526829886,-1.4,0.0,0,A
2025-11-15,Bosnia and Herzegovina,Romania,-101.0038647361082,-0.6000000000000001,0.6666666666666666,0,H
2025-11-15,Liechtenstein,Wales,-296.37138979121755,-0.6,0.0,0,A
2025-11-15,Kazakhstan,Belgium,-206.9875076029134,-1.8,0.0,0,D
2025-11-15,Martinique,Cuba,21.123198847624963,0.4,0.5,1,A
2025-11-15,Guyana,Bonaire,50.296423483750914,1.2000000000000002,0.5,1,H
2025-11-15,Dominica,Sint Maarten,-38.29864363220963,-0.3999999999999999,0.5,1,A
2025-11-15,Basque Country,Palestine,14.103957399933506,0.6000000000000001,0.5,0,H
2025-11-15,Barbados,Aruba,-39.10839185850023,0.19999999999999996,0.5,1,A
2025-11-15,Bahamas,British Virgin Islands,-27.509805768628667,-0.20000000000000007,0.5,1,A
2025-11-15,Cayman Islands,Anguilla,45.97585901108687,-0.6,0.5,0,H
2025-11-15,Saint Vincent and the Grenadines,Saint Lucia,-4.329702176073397,1.2000000000000002,0.5,1,H
2025-11-15,Turkey,Bulgaria,201.6052807194269,1.8,1.0,0,H
2025-11-15,Saint Martin,Belize,43.013348707280784,1.0,0.5,1,A
2025-11-15,Denmark,Belarus,218.15044534595586,2.6,1.0,0,D
2025-11-15,Greece,Scotland,18.862743412693362,-1.4000000000000001,0.3333333333333333,0,H
2025-11-15,Russia,Chile,157.10811534669892,1.4000000000000001,0.5,0,A
2025-11-15,Libya,Mauritania,46.5402497158359,0.40000000000000013,0.0,0,H
2025-11-15,Kuwait,Tanzania,13.453981222455695,-0.2,0.5,1,H
2025-11-15,Lesotho,Malawi,-28.290849882290786,-0.5999999999999999,1.0,1,D
2025-11-15,Brazil,Senegal,-59.43507025357394,-1.2,0.0,1,H
2025-11-15,Guinea,Liberia,92.385952095633,0.0,0.5,1,H
2025-11-15,Mexico,Uruguay,25.494957523693984,-1.4000000000000001,0.0,0,D
2025-11-15,South Africa,Zambia,82.89435696111605,1.0000000000000002,0.0,0,H
2025-11-15,United States,Paraguay,105.57902409482517,0.3999999999999999,0.5,0,H
2025-11-15,Slovenia,Kosovo,56.985385291103285,-0.8,1.0,0,A
2025-11-15,Switzerland,Sweden,57.83717931779188,1.8,1.0,0,H
2025-11-15,Colombia,New Zealand,88.48232187423355,2.0,0.5,1,H
2025-11-16,Italy,Norway,22.06986737802231,0.3999999999999999,0.0,0,A
2025-11-16,Serbia,Latvia,184.84236875023998,0.7999999999999999,1.0,0,H
2025-11-16,Albania,England,-160.5576757429194,0.0,0.0,0,A
2025-11-16,Moldova,Israel,-107.89798169303708,-0.6000000000000001,0.0,0,A
2025-11-16,Nigeria,DR Congo,-1.2390695792812494,0.20000000000000018,0.5,1,D
2025-11-16,Portugal,Armenia,291.60007557309086,1.4,1.0,0,H
2025-11-16,Azerbaijan,France,-322.62260744869604,-2.4,0.0,0,A
2025-11-16,Ukraine,Iceland,101.2455578662782,0.0,1.0,1,H
2025-11-16,Hungary,Republic of Ireland,62.45816681638985,0.20000000000000018,0.0,0,A
2025-11-17,Vanuatu,Fiji,-70.26546235656838,-0.6000000000000001,0.5,1,H
2025-11-17,Cape Verde,Egypt,-67.711426698369,0.20000000000000018,0.0,1,D
2025-11-17,Montenegro,Croatia,-201.4423204798593,-1.4000000000000001,0.0,0,A
2025-11-17,Czech Republic,Gibraltar,280.51096689261476,1.6,1.0,0,H
2025-11-17,Netherlands,Lithuania,327.09919060103994,1.8000000000000003,1.0,0,H
2025-11-17,Germany,Slovakia,110.80008244594364,0.0,0.0,0,H
2025-11-17,Malta,Poland,-163.8647015851568,-0.8000000000000003,0.0,0,A
2025-11-17,Bahrain,Somalia,145.2232232191534,0.2,0.5,0,A
2025-11-17,Qatar,Zimbabwe,153.9870562140577,1.0,0.5,0,A
2025-11-17,Finland,Andorra,129.63263850647468,0.19999999999999996,0.5,0,H
2025-11-17,Madagascar,Equatorial Guinea,-46.25078235319529,0.8,0.5,1,H
2025-11-17,Mozambique,Chad,120.85982980768904,1.0,0.5,1,D
2025-11-17,Comoros,Namibia,45.41043687655247,0.6,1.0,0,H
2025-11-17,Northern Ireland,Luxembourg,65.1870765759918,1.2,1.0,0,H
2025-11-18,Bulgaria,Georgia,-126.41152071246324,-0.6,0.3333333333333333,0,H
2025-11-18,Spain,Turkey,151.33828392946998,0.6000000000000001,1.0,0,D
2025-11-18,Belarus,Greece,-157.4256554839626,-1.0,0.0,1,D
2025-11-18,Scotland,Denmark,-87.37085508773066,-0.20000000000000018,0.5,0,H
2025-11-18,Iraq,United Arab Emirates,30.848688412737374,0.20000000000000018,1.0,0,H
2025-11-18,Kosovo,Switzerland,-78.57323253887853,-0.6000000000000001,0.0,0,D
2025-11-18,Austria,Bosnia and Herzegovina,163.27180397417783,0.3999999999999999,1.0,0,D
2025-11-18,United States,Uruguay,18.934946573126126,-0.20000000000000018,0.0,0,H
2025-11-18,Mexico,Paraguay,124.77685382827622,-0.19999999999999996,0.0,1,A
2025-11-18,South Korea,Ghana,147.23393567324524,0.0,0.0,0,H
2025-11-18,Sweden,Slovenia,-29.69913358453573,-0.39999999999999997,1.0,0,D
2025-11-18,Romania,San Marino,300.033300440899,1.4,1.0,0,H
2025-11-18,Dominican Republic,Martinique,69.48654357910686,0.0,0.5,0,D
2025-11-18,Belgium,Liechtenstein,382.2967275586684,2.2,1.0,0,H
2025-11-18,Saint Kitts and Nevis,Belize,19.814781313800722,0.7999999999999999,0.5,0,A
2025-11-18,Antigua and Barbuda,Guyana,-101.4279664297569,-1.4,0.0,0,A
2025-11-18,Iran,Uzbekistan,30.584400488575056,-0.6000000000000001,1.0,1,D
2025-11-18,Guatemala,Suriname,-11.553532514397602,-0.8,0.5,0,H
2025-11-18,Panama,El Salvador,170.23241976409213,1.2000000000000002,0.6666666666666666,0,H
2025-11-18,Jamaica,Curaçao,34.493701074211,-0.20000000000000018,0.0,0,D
2025-11-18,Trinidad and Tobago,Bermuda,90.54336761393802,1.2,1.0,0,D
2025-11-18,Costa Rica,Honduras,53.682700942242946,-0.40000000000000013,1.0,0,D
2025-11-18,Haiti,Nicaragua,70.58740824859365,0.8,1.0,1,H
2025-11-18,Faroe Islands,Kazakhstan,-23.744671296398337,0.8,0.5,1,H
2025-11-18,Wales,North Macedonia,20.478138745444994,0.0,0.5,0,H
2025-11-18,Ecuador,New Zealand,59.55561098352314,1.2,0.5,1,H
2025-11-18,Japan,Bolivia,259.61048457976835,0.40000000000000013,0.5,0,H
2025-11-18,Colombia,Australia,5.953646456031265,0.8,0.5,1,H
2025-11-18,Angola,Zambia,22.071376448804585,0.4,0.5,0,H
2025-11-18,Morocco,Uganda,226.34255034006424,0.6000000000000001,0.5,0,H
2025-11-18,Oman,Ivory Coast,-54.00769047727681,-1.0,0.5,0,A
2025-11-18,Saudi Arabia,Algeria,-100.95096459775482,-0.3999999999999999,0.5,0,A
2025-11-18,Guinea,Niger,70.8775085327743,0.40000000000000013,1.0,1,D
2025-11-18,Kenya,Senegal,-202.25062056888441,-0.5999999999999999,0.5,1,A
2025-11-18,Benin,Burkina Faso,-102.85421613492827,-0.8,0.5,1,A
2025-11-18,Mali,Jordan,50.25246935222481,1.0,0.5,1,H
2025-11-18,Kuwait,Gambia,-43.08471164545722,-1.2,0.5,1,D
2025-11-18,Lesotho,Malawi,-26.665887479460253,-0.8,1.0,1,A
2025-11-18,Maldives,Philippines,-53.37095298903796,-1.2,0.0,0,A
2025-11-18,Cyprus,Estonia,-4.544168968233407,0.6,1.0,0,A
2025-11-18,Yemen,Bhutan,45.285552771369794,2.0,0.5,1,H
2025-11-18,Brunei,Lebanon,-65.92734343292568,-1.2000000000000002,0.0,0,A
2025-11-18,Bangladesh,India,-32.660217404413515,0.19999999999999996,0.0,0,H
2025-11-18,Hong Kong,Singapore,30.773827655151763,0.6000000000000001,0.5,0,A
2025-11-18,Timor-Leste,Tajikistan,-124.66574029760159,-2.0,0.0,1,A
2025-11-18,Sri Lanka,Thailand,-162.3954874290971,-1.0,0.0,0,A
2025-11-18,Turkmenistan,Taiwan,61.371099462051006,2.0,1.0,0,H
2025-11-18,Pakistan,Syria,-110.01715939442124,-1.6,0.0,0,A
2025-11-18,Malaysia,Nepal,168.19865052299315,2.6,1.0,0,H
2025-11-18,Brazil,Tunisia,17.164139008477832,-0.8,1.0,1,D
2025-11-18,Canada,Venezuela,129.06822099048827,1.0,0.5,1,H
2025-11-18,Chile,Peru,6.561114908594391,0.9999999999999999,0.75,1,H
2025-11-19,Laos,Vietnam,-165.03993906074697,-1.7999999999999998,0.0,0,A
2025-11-20,Papua New Guinea,Fiji,2.440045456124608,1.4,0.6666666666666666,0,H
2025-11-20,Vanuatu,Solomon Islands,-38.99166071285936,-0.3999999999999999,0.25,1,H
2025-11-23,Papua New Guinea,Vanuatu,47.527149636401646,1.2000000000000002,0.6666666666666666,0,D
2025-11-25,Mauritania,Kuwait,-12.266071768949587,-0.4,0.5,1,A
2025-11-25,Syria,South Sudan,94.0046900285704,1.4,0.5,1,H
2025-11-25,Palestine,Libya,-36.13466696515002,-0.8000000000000003,0.5,1,D
2025-11-26,Oman,Somalia,171.09903757065194,0.4,1.0,1,D
2025-11-26,Bahrain,Djibouti,127.29284334173713,0.2,0.5,1,H
2025-11-26,Sudan,Lebanon,-32.91545920203316,-2.0,0.0,1,H
2025-11-26,Comoros,Yemen,51.01432829572241,-0.40000000000000013,0.5,1,D
2025-12-01,Tunisia,Syria,139.78830951819464,-0.3999999999999999,0.0,1,A
2025-12-01,Qatar,Palestine,68.84641575658634,0.0,1.0,0,A
2025-12-02,Egypt,Kuwait,171.71719004344595,0.0,0.5,1,D
2025-12-02,Morocco,Comoros,230.0028285237263,1.6,1.0,1,H
2025-12-02,Saudi Arabia,Oman,26.22672634451942,0.6000000000000001,0.6,1,H
2025-12-03,Iraq,Bahrain,107.59037117863954,1.4000000000000001,0.0,1,H
2025-12-03,Algeria,Sudan,231.55853262247615,1.8,1.0,1,D
2025-12-03,Jordan,United Arab Emirates,-11.585443036489323,-0.7999999999999999,0.0,1,H
2025-12-04,Palestine,Tunisia,-125.94049137317438,-0.6000000000000001,0.5,1,D
2025-12-04,Qatar,Syria,31.143144892676673,-2.2,0.5,0,D
2025-12-05,Oman,Morocco,-196.79179254196333,-2.2,0.5,1,D
2025-12-05,Comoros,Saudi Arabia,-86.3370163762063,-0.6000000000000001,0.5,1,A
2025-12-06,Sudan,Iraq,-156.06928924181466,-1.2000000000000002,0.5,1,A
2025-12-06,Bahrain,Algeria,-185.42369733601458,-2.0,0.5,1,A
2025-12-06,Kuwait,Jordan,-81.79813502806473,1.0,0.0,1,A
2025-12-06,United Arab Emirates,Egypt,-89.84874453684415,-0.8,0.5,1,D
2025-12-07,Qatar,Tunisia,-78.42608518402972,-0.19999999999999996,0.5,0,A
2025-12-07,Syria,Palestine,11.211183217564894,1.6,0.5,1,D
2025-12-08,Morocco,Saudi Arabia,139.37980248743384,0.6000000000000001,1.0,1,H
2025-12-08,Oman,Comoros,54.30929504595724,-0.3999999999999999,0.5,1,H
2025-12-09,Egypt,Jordan,70.54939889396792,0.0,1.0,1,A
2025-12-09,United Arab Emirates,Kuwait,82.93503747446175,-1.2000000000000002,0.3333333333333333,1,H
2025-12-09,Algeria,Iraq,63.16651926713985,0.3999999999999999,0.5,1,H
2025-12-09,Bahrain,Sudan,35.15119842301715,-0.20000000000000007,0.5,1,H
2025-12-11,Morocco,Syria,227.2645117919285,0.3999999999999999,0.5,1,H
2025-12-11,Palestine,Saudi Arabia,-86.06969529518506,-0.6000000000000001,0.0,1,A
2025-12-12,Algeria,United Arab Emirates,133.37810747786466,1.6,0.5,1,D
2025-12-12,Jordan,Iraq,-35.222820851673305,-0.19999999999999996,0.5,1,H
2025-12-15,Morocco,United Arab Emirates,173.56366093835663,1.6,0.5,1,H
2025-12-15,Saudi Arabia,Jordan,-0.815531963718513,-0.5999999999999999,0.5,1,A
2025-12-18,Jordan,Morocco,-143.03456839397154,0.3999999999999999,0.0,1,A
2025-12-21,Morocco,Comoros,271.225594785652,1.8,1.0,0,H
2025-12-22,Mali,Zambia,118.52236508757187,1.7999999999999998,1.0,1,D
2025-12-22,South Africa,Angola,66.77413881201164,0.6000000000000001,0.5,1,H
2025-12-22,Egypt,Zimbabwe,202.55744491714222,-0.20000000000000007,0.5,1,H
2025-12-23,Nigeria,Tanzania,153.72583255104064,2.0,0.5,1,H
2025-12-23,Tunisia,Uganda,128.7754412639788,-0.19999999999999996,0.5,1,H
2025-12-23,DR Congo,Benin,111.45537911145652,0.19999999999999996,1.0,1,H
2025-12-23,Senegal,Botswana,226.28167726068568,1.5999999999999999,0.5,1,H
2025-12-24,Cameroon,Gabon,32.176603985643624,-0.6000000000000001,0.5,1,H
2025-12-24,Ivory Coast,Mozambique,139.5541736181533,0.6000000000000001,1.0,1,H
2025-12-24,Algeria,Sudan,244.34348797999974,1.4000000000000001,1.0,1,H
2025-12-24,Burkina Faso,Equatorial Guinea,100.91041150375031,1.8,0.5,1,H
2025-12-26,Zambia,Comoros,26.689982938963794,0.6000000000000001,1.0,1,D
2025-12-26,Morocco,Mali,139.5214561892683,1.0,0.5,0,D
2025-12-26,Angola,Zimbabwe,112.29963126872372,0.19999999999999996,0.5,1,D
2025-12-26,Egypt,South Africa,16.78391136894288,-1.0000000000000002,0.5,1,H
2025-12-27,Benin,Botswana,7.479252721815101,1.0,0.5,1,H
2025-12-27,Senegal,DR Congo,102.10077712528596,-0.20000000000000018,1.0,1,D
2025-12-27,Nigeria,Tunisia,-39.51450328092892,1.0,0.0,1,H
2025-12-27,Uganda,Tanzania,63.242414231116754,1.2,0.5,1,D
2025-12-28,Equatorial Guinea,Sudan,39.97494368817934,-0.6000000000000001,0.5,1,A
2025-12-28,Algeria,Burkina Faso,96.980117027696,-0.7999999999999998,0.5,1,H
2025-12-28,Gabon,Mozambique,51.946827967055924,0.5999999999999999,0.5,1,A
2025-12-28,Ivory Coast,Cameroon,49.65017273759804,1.0,0.5,1,D
2025-12-29,Morocco,Zambia,248.42775282944285,2.2,1.0,0,H
2025-12-29,Comoros,Mali,-141.6888120564131,-2.0,0.0,1,D
2025-12-29,Angola,Egypt,-112.40235016017596,-0.6000000000000001,0.0,1,D
2025-12-29,Zimbabwe,South Africa,-182.63508973383023,-1.2,0.0,1,A
2025-12-30,Botswana,DR Congo,-145.37182000126563,-2.0,0.5,1,A
2025-12-30,Benin,Senegal,-214.70996740945702,-0.8,0.0,1,A
2025-12-30,Uganda,Nigeria,-115.10267615296652,-1.8,0.5,1,A
2025-12-30,Tanzania,Tunisia,-191.99386899800356,-1.2,0.0,1,D
2025-12-31,Equatorial Guinea,Algeria,-230.66418201059128,-2.4,0.5,1,A
2025-12-31,Sudan,Burkina Faso,-136.80998292892878,-1.5999999999999999,0.5,1,A
2025-12-31,Gabon,Ivory Coast,-110.04452951751705,-0.8,0.0,1,A
2025-12-31,Mozambique,Cameroon,-92.2117655024083,-0.20000000000000018,0.0,1,A
2026-01-03,Senegal,Sudan,248.16752750956834,1.4,1.0,1,H
2026-01-03,Mali,Tunisia,0.7165385054797753,0.19999999999999996,0.3333333333333333,1,D
2026-01-04,South Africa,Cameroon,23.550689022256165,0.7999999999999998,0.5,1,A
2026-01-04,Morocco,Tanzania,322.28449335188407,2.2,1.0,0,H
2026-01-05,Egypt,Benin,165.488664653652,1.0,0.5,1,H
2026-01-05,Nigeria,Mozambique,128.28134108236304,1.8,1.0,1,H
2026-01-06,Algeria,DR Congo,105.4705535349226,0.3999999999999999,0.5,1,H
2026-01-06,Ivory Coast,Burkina Faso,35.899227903929386,-0.3999999999999999,0.5,1,H
2026-01-09,Mali,Senegal,-85.78205916793331,-1.2000000000000002,0.5,1,A
2026-01-09,Morocco,Cameroon,159.04665333065395,0.6000000000000001,0.5,0,H
2026-01-10,Egypt,Ivory Coast,1.3203405052061044,-0.6000000000000001,0.5,1,H
2026-01-10,Algeria,Nigeria,99.24558702274476,0.0,1.0,1,A
2026-01-14,Morocco,Nigeria,134.9361404169124,-0.3999999999999999,0.5,0,D
2026-01-14,Senegal,Egypt,54.14411926127127,0.0,0.5,1,H
2026-01-17,Egypt,Nigeria,13.933714009632013,-0.6000000000000001,0.0,1,D
2026-01-18,Morocco,Senegal,42.5508929404275,-0.3999999999999999,1.0,0,H
2026-01-18,Bolivia,Panama,-186.48249804728903,-1.0000000000000002,0.0,0,D
2026-01-18,Grenada,Jamaica,-118.46199300246462,1.4,0.0,0,A
2026-01-22,Panama,Mexico,-16.648119765135107,1.6,0.0,0,A
2026-01-25,Bolivia,Mexico,-202.8414901367289,-0.19999999999999996,0.0,0,A
2026-01-26,Uzbekistan,China,177.63952320589146,1.4,1.0,1,D
2026-02-25,Mexico,Iceland,191.90257763321006,0.8,1.0,0,H
2026-03-15,Bolivia,Trinidad and Tobago,-88.12110677500505,-1.0,1.0,0,H
2026-03-25,Puerto Rico,Guam,81.6272030143532,0.0,0.5,0,H
2026-03-25,United States Virgin Islands,American Samoa,-57.42837185817211,0.8,0.5,1,H
2026-03-25,Equatorial Guinea,Kyrgyzstan,-4.0285521003868325,-0.8,0.5,1,H
2026-03-25,Bermuda,DR Congo,-169.09186759296222,-1.4000000000000001,0.5,1,A
2026-03-25,Kazakhstan,Namibia,-38.50497274500458,0.4,0.5,0,H
2026-03-26,Cayman Islands,British Virgin Islands,23.494798759400965,-0.6,0.6666666666666666,0,D
2026-03-26,Bahamas,Anguilla,-6.079697436898186,-0.6,0.0,1,A
2026-03-26,Bonaire,Saint Vincent and the Grenadines,-57.87836641637796,-1.8,0.0,0,H
2026-03-26,Saint Martin,Barbados,86.9517190564352,0.19999999999999996,0.5,1,H
2026-03-26,Dominican Republic,El Salvador,85.85594053274576,1.0,0.5,0,D
2026-03-26,Martinique,Cuba,1.8824830873336396,-0.7999999999999999,0.0,1,D
2026-03-26,Tanzania,Liechtenstein,206.69587206960364,0.4,0.5,1,A
2026-03-26,Aruba,Macau,41.46501154250518,1.4000000000000001,0.5,1,H
2026-03-26,Denmark,North Macedonia,119.4035845906592,0.8,0.5,0,H
2026-03-26,Czech Republic,Republic of Ireland,57.520076295488025,-0.19999999999999996,0.5,0,D
2026-03-26,Slovakia,Kosovo,-20.77832299032798,-0.40000000000000013,0.5,0,A
2026-03-26,Turkey,Romania,89.76376770877528,0.0,0.5,0,H
2026-03-26,Poland,Albania,36.57772588770467,0.20000000000000018,0.75,0,H
2026-03-26,Brazil,France,-45.48232244744304,-1.2000000000000002,0.5,1,A
2026-03-26,Colombia,Croatia,13.295671306881786,0.0,0.5,1,A
2026-03-26,Ukraine,Sweden,14.871035324713375,1.8,1.0,1,A
2026-03-26,Georgia,Israel,18.46136640513282,-0.20000000000000007,0.5,0,D
2026-03-26,Moldova,Lithuania,37.149877054211174,0.0,0.5,0,A
2026-03-26,Cyprus,Belarus,-76.44586663990344,0.6,0.5,0,A
2026-03-26,New Caledonia,Jamaica,-43.10853198213454,0.3999999999999999,0.5,1,A
2026-03-26,Bolivia,Suriname,-83.71378013006097,-0.8,0.5,1,H
2026-03-26,Italy,Northern Ireland,173.46449135236867,1.2,1.0,0,H
2026-03-26,Wales,Bosnia and Herzegovina,89.34654241140947,-0.40000000000000013,0.5,0,D
2026-03-26,Vietnam,Bangladesh,128.49101760254052,1.2,0.5,0,H
2026-03-27,Solomon Islands,Bulgaria,58.27658542491258,0.0,0.5,1,A
2026-03-27,Belize,Sint Maarten,-28.499668452259584,-0.19999999999999996,0.5,1,A
2026-03-27,China,Curaçao,-48.7203256128746,-1.4000000000000001,0.5,1,H
2026-03-27,Australia,Cameroon,42.08110506438902,-0.8,0.5,0,H
2026-03-27,Azerbaijan,Saint Lucia,-95.75989138667114,-0.39999999999999997,0.5,0,H
2026-03-27,Indonesia,Saint Kitts and Nevis,41.330753412680224,-0.5999999999999999,0.5,0,H
2026-03-27,Costa Rica,Jordan,-23.85635600138471,-1.2,0.5,1,D
2026-03-27,New Zealand,Finland,112.2594986553654,-1.0,0.5,0,A
2026-03-27,Kenya,Estonia,104.7180471043348,0.19999999999999996,0.5,1,D
2026-03-27,Rwanda,Grenada,11.890299733558777,-1.7999999999999998,0.5,0,H
2026-03-27,Venezuela,Trinidad and Tobago,-9.171433118904815,-0.6,0.5,1,H
2026-03-27,Uzbekistan,Gabon,133.4265519318485,1.0,0.5,0,H
2026-03-27,Guyana,Dominica,64.85506897194682,1.0,0.5,1,H
2026-03-27,Chile,Cape Verde,-88.94927787897336,0.19999999999999996,0.5,1,H
2026-03-27,Switzerland,Germany,-29.72561260976545,-0.7999999999999998,0.5,0,A
2026-03-27,Iran,Nigeria,44.78511344878575,-0.6000000000000001,0.5,1,A
2026-03-27,Spain,Serbia,182.71790699349754,1.4000000000000001,1.0,0,H
2026-03-27,Russia,Nicaragua,124.90375285007053,1.4,0.5,0,H
2026-03-27,Algeria,Guatemala,173.25622031698435,0.7999999999999998,0.5,1,H
2026-03-27,Argentina,Mauritania,293.7213109810343,2.0,0.5,0,H
2026-03-27,Austria,Ghana,87.42712885520837,0.19999999999999996,0.5,0,H
2026-03-27,Greece,Paraguay,52.183541441157786,-0.5999999999999999,0.5,0,A
2026-03-27,Guinea,Togo,64.60834858583416,1.0,0.0,1,D
2026-03-27,England,Uruguay,99.82624345503655,1.4,0.5,0,D
2026-03-27,Libya,Niger,54.4519520264912,-0.19999999999999996,1.0,1,D
2026-03-27,Montenegro,Andorra,152.09759027973178,0.7999999999999999,0.5,0,H
2026-03-27,Morocco,Ecuador,153.33781012626832,0.8,0.5,1,D
2026-03-27,Netherlands,Norway,31.074950296924726,0.0,1.0,0,H
2026-03-27,Saudi Arabia,Egypt,-64.14103467703922,0.19999999999999996,0.5,0,A
2026-03-27,South Africa,Panama,5.354226898679144,0.19999999999999996,0.5,0,D
2026-03-27,Liberia,Benin,-44.54326559598621,0.4,0.0,1,A
2026-03-28,United States,Belgium,29.877060606947452,0.3999999999999999,0.5,0,A
2026-03-28,Puerto Rico,United States Virgin Islands,109.95780245264041,0.0,0.5,0,H
2026-03-28,American Samoa,Guam,21.207459460025575,-0.8,0.5,1,A
2026-03-28,Namibia,Comoros,-53.40325387780058,-0.4,0.0,1,D
2026-03-28,Botswana,Zimbabwe,26.42737200067336,-0.6000000000000001,0.0,0,A
2026-03-28,Kyrgyzstan,Madagascar,-4.9939332288918195,-1.4,0.5,1,A
2026-03-28,Scotland,Japan,-135.48998396322986,0.3999999999999999,0.5,0,A
2026-03-28,Senegal,Peru,240.3741388467365,2.1999999999999997,0.5,1,H
2026-03-28,Mexico,Portugal,-35.03514207504941,0.0,0.5,0,D
2026-03-28,Ivory Coast,South Korea,-40.87549289333333,0.0,0.5,1,H
2026-03-28,Hungary,Slovenia,-23.954551410952718,0.7999999999999999,0.5,0,H
2026-03-28,Haiti,Tunisia,-39.98237312358356,0.3999999999999999,0.5,1,A
2026-03-28,Canada,Iceland,192.97589697231479,0.8,0.0,0,D
2026-03-28,Burkina Faso,Guinea-Bissau,174.46147604303792,1.0,1.0,0,H
2026-03-28,San Marino,Faroe Islands,-182.43001424471095,-2.4,0.5,0,A
2026-03-29,Aruba,Liechtenstein,208.7010258151895,1.0,0.5,1,H
2026-03-29,Cayman Islands,Bahamas,78.57413826928155,0.8,0.5,0,H
2026-03-29,British Virgin Islands,Anguilla,30.69999338757748,0.19999999999999996,0.5,1,H
2026-03-29,Bonaire,Saint Martin,-43.20804672249096,-0.6,0.0,0,A
2026-03-29,Barbados,Saint Vincent and the Grenadines,-93.41737827665656,-1.0,0.5,1,A
2026-03-29,Dominican Republic,Cuba,64.94533857664351,-0.3999999999999999,0.0,0,D
2026-03-29,Lithuania,Georgia,-165.89431607126767,0.6000000000000001,0.5,0,A
2026-03-29,Macau,Tanzania,-26.41573128108962,-0.4,0.5,1,A
2026-03-29,Colombia,France,-53.98268097993446,-0.6000000000000001,0.5,1,A
2026-03-29,Armenia,Belarus,-56.80581596178399,-0.4,0.5,0,A
2026-03-29,Martinique,El Salvador,17.840658215578515,0.2,1.0,1,A
2026-03-30,Gabon,Trinidad and Tobago,15.090893298720403,-0.6,0.5,1,D
2026-03-30,Uzbekistan,Venezuela,149.83696441100528,0.40000000000000013,0.5,0,D
2026-03-30,Rwanda,Estonia,75.42550329703181,0.19999999999999996,0.5,0,H
2026-03-30,Dominica,Sint Maarten,-73.43913594735818,-1.4,0.0,1,D
2026-03-30,Guyana,Belize,54.58810741730076,1.2,1.0,1,H
2026-03-30,New Zealand,Chile,19.177183011046054,-2.4,0.5,0,H
2026-03-30,Grenada,Kenya,-54.64673372210859,0.40000000000000013,0.5,1,A
2026-03-30,Indonesia,Bulgaria,85.92389899189016,0.19999999999999996,0.5,0,A
2026-03-30,Saint Kitts and Nevis,Solomon Islands,-7.991850875540422,1.4,0.5,1,H
2026-03-30,Azerbaijan,Sierra Leone,-82.6219447915455,-0.7999999999999999,0.5,0,D
2026-03-30,Germany,Ghana,147.63704507540592,1.8,0.5,0,H
2026-03-30,Cyprus,Moldova,-15.163416955687353,0.6000000000000001,0.0,0,H
2026-03-30,Cape Verde,Finland,130.77396991225373,-0.6000000000000001,0.5,1,D
2026-03-31,Kazakhstan,Comoros,-68.1756549610543,1.0,0.5,0,H
2026-03-31,Republic of Ireland,North Macedonia,20.274808335806938,1.4,0.5,0,D
2026-03-31,San Marino,Andorra,-67.7443934040025,-0.2,0.0,0,D
2026-03-31,Senegal,Gambia,206.1345278564877,0.3999999999999999,1.0,0,H
2026-03-31,Serbia,Saudi Arabia,-6.519223043161219,0.0,0.5,0,H
2026-03-31,Slovakia,Romania,-2.50882555421731,-0.6000000000000001,0.5,0,H
2026-03-31,South Africa,Panama,5.046037219558684,-0.20000000000000018,0.5,0,A
2026-03-31,Spain,Egypt,106.06363813065673,0.6000000000000001,0.5,0,D
2026-03-31,Ukraine,Albania,28.600669613517994,0.0,0.5,1,H
2026-03-31,DR Congo,Jamaica,28.525165796671445,-0.20000000000000018,0.5,1,H
2026-03-31,Wales,Northern Ireland,79.6349886982739,0.19999999999999996,0.5,0,D
2026-03-31,Russia,Mali,11.799236689373402,1.2,0.5,0,D
2026-03-31,Iraq,Bolivia,157.1200253533732,0.40000000000000013,0.5,1,H
2026-03-31,Bosnia and Herzegovina,Italy,-188.91242730463,-0.5999999999999999,0.0,0,D
2026-03-31,Sweden,Poland,-19.894730102284257,-1.8,0.5,0,H
2026-03-31,Kosovo,Turkey,-67.63370710827917,-0.3999999999999999,0.5,0,A
2026-03-31,Czech Republic,Denmark,-58.27488065657258,-0.3999999999999999,0.0,0,D
2026-03-31,Cameroon,China,97.13982593781998,0.0,0.5,1,H
2026-03-31,Australia,Curaçao,130.87632633228304,-0.40000000000000013,0.5,0,H
2026-03-31,United States,Portugal,-46.32699992811581,0.3999999999999999,0.5,0,A
2026-03-31,Peru,Honduras,-57.76405226492716,-1.4000000000000001,0.5,1,D
2026-03-31,Morocco,Paraguay,229.08304118268506,0.8000000000000003,0.5,1,H
2026-03-31,Niger,Togo,-2.5286846066082944,0.6000000000000001,0.0,1,A
2026-03-31,Algeria,Uruguay,103.132290881357,0.7999999999999998,0.5,1,D
2026-03-31,Argentina,Zambia,241.72011039457607,2.0,0.5,0,H
2026-03-31,Austria,South Korea,-53.09817833449824,0.19999999999999996,0.5,0,H
2026-03-31,Benin,Guinea,-50.07088345783609,-0.6000000000000001,0.5,1,H
2026-03-31,Brazil,Croatia,-16.365638320024118,-1.2000000000000002,0.5,1,H
2026-03-31,Burkina Faso,Guinea-Bissau,185.18549850870454,1.0,1.0,0,D
2026-03-31,Canada,Tunisia,3.452890039163549,-0.40000000000000013,0.5,0,D
2026-03-31,Costa Rica,Iran,-93.01533415541417,0.19999999999999996,0.5,1,A
2026-03-31,England,Japan,1.9866280258963798,0.0,0.5,0,A
2026-03-31,Equatorial Guinea,Madagascar,1.3531334333795257,-1.7999999999999998,0.0,1,D
2026-03-31,Haiti,Iceland,121.740532250657,0.8,0.5,1,D
2026-03-31,Hungary,Greece,-5.007358033210039,1.2,1.0,0,D
2026-03-31,Ivory Coast,Scotland,95.8911916433749,0.19999999999999996,0.5,1,H
2026-03-31,Jordan,Nigeria,-48.30884676809319,-0.20000000000000018,0.5,1,D
2026-03-31,Liberia,Libya,-99.94668680233326,-0.3999999999999999,0.5,1,D
2026-03-31,Botswana,Malawi,-24.143497633089737,-1.4000000000000001,0.5,0,H
2026-03-31,Mexico,Belgium,21.463260109291923,-0.20000000000000018,0.5,1,D
2026-03-31,Montenegro,Slovenia,-119.81843231808739,1.2000000000000002,0.0,0,A
2026-03-31,Netherlands,Ecuador,54.00334488754697,1.2000000000000002,0.5,0,D
2026-03-31,Norway,Switzerland,16.970415413687533,0.3999999999999999,0.5,0,D
2026-05-16,Republic of Ireland,Grenada,97.36472829494801,1.0000000000000002,0.5,1,H
2026-05-22,Mexico,Ghana,139.85434083232917,1.6,1.0,0,H
2026-05-26,Morocco,Burundi,320.4424732859695,2.0,1.0,0,H
2026-05-26,Nigeria,Zimbabwe,213.18945806452075,0.40000000000000013,0.5,1,H
2026-05-27,India,Jamaica,-131.77973943623988,-1.4000000000000001,0.5,1,A
2026-05-28,Republic of Ireland,Qatar,-12.170617949996995,1.4000000000000001,1.0,0,H
2026-05-28,Egypt,Russia,37.619086466451336,0.0,0.5,0,H
2026-05-29,Andorra,Iraq,-334.8942337955625,-1.6,0.5,1,A
2026-05-29,Bosnia and Herzegovina,North Macedonia,-36.46179712854814,1.2000000000000002,0.5,0,D
2026-05-29,Iran,Gambia,171.88790263616215,0.20000000000000018,0.5,1,H
2026-05-29,South Africa,Nicaragua,108.98938617583144,0.20000000000000007,0.5,0,D
2026-05-30,Nigeria,Jamaica,77.49166831224375,-0.19999999999999996,0.5,1,H
2026-05-30,Zimbabwe,India,-0.2266637086765968,0.6000000000000001,0.5,1,H
2026-05-30,Scotland,Curaçao,34.762321921708235,0.19999999999999996,0.5,0,H
2026-05-30,Ecuador,Saudi Arabia,57.64032561315162,0.7999999999999999,0.5,1,H
2026-05-30,South Korea,Trinidad and Tobago,162.10459329331889,1.2000000000000002,0.5,1,H
2026-05-30,Mexico,Australia,-2.7370531591827785,1.0000000000000002,0.5,1,H
2026-05-31,Singapore,Mongolia,67.23365686293255,0.40000000000000013,0.5,0,H
2026-05-31,Japan,Iceland,259.25911023566323,2.0,0.5,0,H
2026-05-31,United States,Senegal,-97.13278443249123,-0.5999999999999999,0.5,0,H
2026-05-31,Poland,Ukraine,6.128565686482943,0.19999999999999996,1.0,0,A
2026-05-31,Switzerland,Jordan,10.602695373029974,-0.40000000000000013,0.5,0,H
2026-05-31,Czech Republic,Kosovo,24.01821348270255,-0.3999999999999999,0.5,0,H
2026-05-31,Germany,Finland,217.59854678432748,1.6,0.5,0,H
2026-05-31,Cape Verde,Serbia,-10.02381626261672,-0.6000000000000001,0.5,1,H
2026-05-31,Brazil,Panama,46.02444770227021,-0.20000000000000018,0.5,0,H
2026-06-01,Turkey,North Macedonia,136.4087715742064,2.0,0.5,0,H
2026-06-01,Slovakia,Malta,130.93002686990667,0.6000000000000001,1.0,0,H
2026-06-01,Norway,Sweden,57.797842957524836,0.20000000000000018,1.0,0,H
2026-06-01,Maldives,Afghanistan,-14.069107991382225,0.4,0.5,0,A
2026-06-01,Canada,Uzbekistan,-19.219890464971513,-0.40000000000000013,0.5,0,H
2026-06-01,Bulgaria,Montenegro,-1.5813208226481947,0.0,0.0,0,A
2026-06-01,Austria,Tunisia,-2.182060092639631,0.8,0.5,0,H
2026-06-01,Colombia,Costa Rica,76.10246660729672,0.3999999999999999,1.0,0,H
2026-06-02,Croatia,Belgium,26.17592317670892,0.19999999999999973,0.0,0,A
2026-06-02,Georgia,Romania,10.012943390921691,-0.3999999999999999,1.0,0,D
2026-06-02,Haiti,New Zealand,27.14525946603544,0.5999999999999999,0.5,1,H
2026-06-02,Morocco,Madagascar,293.6543826336258,0.20000000000000018,0.5,0,H
2026-06-02,Wales,Ghana,37.199165232905216,1.6,0.5,0,D
2026-06-02,Padania,Raetia,-10.775246844857975,-0.6000000000000001,0.5,0,H
2026-06-02,Rouet-Provence,Canton Ticino,19.936603973326783,1.0,0.5,1,A
2026-06-03,Luxembourg,Italy,-255.36899294940167,-2.0,0.5,0,A
2026-06-03,Philippines,Guam,40.26909013984414,1.4000000000000001,1.0,0,H
2026-06-03,Panama,Dominican Republic,86.75245120859381,-0.19999999999999996,1.0,0,H
2026-06-03,Netherlands,Algeria,-32.89908652122949,0.20000000000000018,0.5,0,A
2026-06-03,South Korea,El Salvador,215.44886266679032,1.0,0.5,1,H
2026-06-03,Poland,Nigeria,-100.51148068687576,-0.8000000000000003,0.5,0,D
2026-06-03,DR Congo,Denmark,-12.334920774221246,0.3999999999999999,0.5,1,D
2026-06-03,Albania,Israel,20.016771996241687,0.19999999999999996,0.0,0,A
2026-06-03,Canton Ticino,Northern Cyprus,-9.363411365768343,0.0,0.5,1,A
2026-06-03,Gibraltar,British Virgin Islands,-118.04887049086119,-2.0,0.5,0,H
2026-06-03,Padania,Greenland,22.29090899038829,2.0,0.5,0,H
2026-06-04,Sweden,Greece,-6.942605458738399,0.3999999999999999,0.5,0,D
2026-06-04,Spain,Iraq,143.12110903321832,0.40000000000000013,0.5,0,D
2026-06-04,Slovenia,Cyprus,215.5424358906887,-0.19999999999999996,0.5,0,D
2026-06-04,Northern Ireland,Guinea,-58.014123423010915,-0.3999999999999999,0.5,1,H
2026-06-04,Lesotho,Kenya,-71.882241714776,-0.5999999999999999,0.5,1,D
2026-06-04,Iran,Mali,70.77993528330012,0.8,0.5,1,H
2026-06-04,Mexico,Serbia,90.77719025989268,1.0000000000000002,0.5,0,H
2026-06-04,France,Ivory Coast,60.88351046751495,0.20000000000000018,1.0,0,A
2026-06-04,Cambodia,Bhutan,3.7016342819897545,0.2,0.5,0,H
2026-06-04,Andorra,Liechtenstein,39.876636178373246,-0.39999999999999997,1.0,0,H
2026-06-04,Maldives,Pakistan,20.65524072477865,-0.2,1.0,0,A
2026-06-04,Rouet-Provence,Northern Cyprus,-20.303757192370085,-3.0,0.5,1,A
2026-06-04,Raetia,Greenland,21.805376494775146,0.8,0.5,1,A
2026-06-04,Guatemala,Czech Republic,-53.206032804077495,-0.8000000000000003,0.5,1,A
2026-06-05,Puerto Rico,Saudi Arabia,-38.373962208255534,1.2000000000000002,0.5,1,A
2026-06-05,Singapore,China,-6.464606267852332,0.6000000000000001,0.0,0,A
2026-06-05,Slovakia,Montenegro,82.86807137396909,0.0,0.5,0,D
2026-06-05,Tajikistan,India,86.00296384173453,2.4,0.5,0,H
2026-06-05,Benin,Niger,34.74775995592154,0.8,0.5,1,D
2026-06-05,Russia,Burkina Faso,20.37754351188505,-0.3999999999999999,0.5,0,H
2026-06-05,Central African Republic,Togo,-69.85524510736991,-0.40000000000000013,0.5,1,D
2026-06-05,San Marino,Bangladesh,-201.5757001115685,-0.8,0.5,0,A
2026-06-05,Thailand,Kuwait,115.8256908266701,1.4,0.5,0,D
2026-06-05,Paraguay,Nicaragua,46.448148152612475,0.3999999999999999,1.0,0,H
2026-06-05,Hungary,Finland,120.59208009306099,0.20000000000000018,0.5,0,H
2026-06-05,Indonesia,Oman,-56.42390715527495,-0.19999999999999996,0.0,0,H
2026-06-05,Hong Kong,Mongolia,84.32927764142619,1.0,1.0,0,H
2026-06-05,Haiti,Peru,106.04131401170798,1.6,0.5,1,A
2026-06-05,Georgia,Bahrain,12.774721404450474,-0.19999999999999996,0.5,0,H
2026-06-05,Canada,Republic of Ireland,108.88547131583005,-0.40000000000000013,0.5,0,D
2026-06-05,Belarus,Syria,-60.979138487409955,0.0,1.0,0,H
2026-06-05,Azerbaijan,Malta,-2.103847715280608,0.20000000000000007,0.0,1,A
2026-06-05,Angola,Mauritania,92.27542585405513,0.8,1.0,1,D
2026-06-05,Moldova,Bulgaria,-76.53337968340998,-1.6,0.5,0,D
2026-06-06,Kyrgyzstan,Palestine,-37.43259698868951,-0.19999999999999996,1.0,0,D
2026-06-06,Panama,Bosnia and Herzegovina,148.25996069237726,0.0,0.5,1,D
2026-06-06,Portugal,Chile,186.36233995173325,-0.7999999999999998,0.5,0,H
2026-06-06,Qatar,El Salvador,82.79955858794165,-0.6000000000000001,1.0,1,D
2026-06-06,Estonia,Faroe Islands,-33.48954442532954,-1.4,1.0,0,H
2026-06-06,Romania,Wales,-26.781577555175545,-1.0,0.5,0,H
2026-06-06,Venezuela,Turkey,-129.05576584314872,-1.2000000000000002,0.5,1,A
2026-06-06,British Virgin Islands,Bonaire,-39.173131677632,1.4,0.5,1,H
2026-06-06,Gibraltar,Cayman Islands,-125.57808202369438,-0.7999999999999999,0.5,0,H
2026-06-06,Myanmar,Guam,-40.558661197829906,0.19999999999999996,0.5,1,H
2026-06-06,Lithuania,Latvia,-39.62211000631237,0.4,0.5,0,D
2026-06-06,Jamaica,South Africa,-25.795302782098588,0.8,0.5,1,A
2026-06-06,United States,Germany,-32.840377153736654,-1.2,0.0,0,A
2026-06-06,Ethiopia,Malawi,-15.538124347401208,-0.19999999999999996,0.5,0,H
2026-06-06,Australia,Switzerland,22.900861411960932,-0.40000000000000013,0.5,1,D
2026-06-06,England,New Zealand,162.49094872699357,1.4,0.5,1,H
2026-06-06,Raetia,Rouet-Provence,9.82789110382214,1.4,0.5,1,D
2026-06-06,Greenland,Canton Ticino,8.380595607783334,0.44999999999999996,0.5,1,H
2026-06-06,Padania,Northern Cyprus,0.522492254310464,0.0,0.5,0,A
2026-06-06,Vanuatu,Fiji,-23.86809005870009,1.6,0.6,0,H
2026-06-06,Albania,Luxembourg,125.57500110687761,0.6,0.5,0,A
2026-06-06,Argentina,Honduras,224.42746619041986,1.8,1.0,1,H
2026-06-06,Sierra Leone,Liberia,42.96676966697851,0.6000000000000001,1.0,0,H
2026-06-06,Belgium,Tunisia,18.25402667947992,1.0000000000000002,0.5,0,H
2026-06-06,Bermuda,Cape Verde,-156.54069107353757,-1.0,0.5,1,H
2026-06-06,Bolivia,Scotland,-107.61480934552628,0.19999999999999996,0.5,1,A
2026-06-06,Brazil,Egypt,-5.268049434119348,0.3999999999999999,0.5,1,H
2026-06-06,Curaçao,Aruba,45.561983212342966,-1.2,1.0,0,H
2026-06-06,Armenia,Kazakhstan,-53.977586786032816,-1.6,1.0,0,D
2026-06-07,Morocco,Norway,142.5319022977685,0.6000000000000001,0.5,1,D
2026-06-07,Liechtenstein,Cyprus,-133.53274041438067,-0.20000000000000007,0.5,0,A
2026-06-07,Kosovo,Andorra,251.3342030313786,0.5999999999999999,1.0,0,H
2026-06-07,Jordan,Colombia,-62.38959806619346,-0.8,0.5,1,A
2026-06-07,Denmark,Ukraine,53.4775290883797,-0.6000000000000001,0.5,0,H
2026-06-07,Ecuador,Guatemala,114.16857365387159,0.6000000000000001,1.0,1,H
2026-06-07,Croatia,Slovenia,73.28337244729369,0.8,0.5,0,H
2026-06-07,Afghanistan,Pakistan,43.321101937940966,0.0,0.5,1,A
2026-06-07,Greece,Italy,-73.96907425817267,-0.8,0.5,0,A
2026-06-08,France,Northern Ireland,231.96372064367165,1.0,0.5,0,H
2026-06-08,Netherlands,Uzbekistan,27.163890652666623,0.40000000000000013,0.5,1,H
2026-06-08,Peru,Spain,-274.4781978300912,-0.8,0.5,1,A
2026-06-08,Mauritania,Niger,-11.178314680926178,-0.19999999999999996,0.5,1,H
2026-06-09,Kyrgyzstan,Palestine,-35.28610245973596,-0.6,1.0,0,D
2026-06-09,Saudi Arabia,Senegal,-140.59159534100377,-1.2000000000000002,0.5,1,D
2026-06-09,Tajikistan,India,101.15093434553592,2.6,1.0,0,D
2026-06-09,Philippines,Myanmar,87.35790275176419,1.2000000000000002,1.0,0,H
2026-06-09,Liberia,Sierra Leone,-60.505936017835666,-1.6,0.0,0,H
2026-06-09,Russia,Trinidad and Tobago,135.96134418920337,0.9999999999999999,0.5,0,H
2026-06-09,Togo,Benin,-13.351769768148642,-0.19999999999999996,0.5,0,H
2026-06-09,Indonesia,Mozambique,32.16054443725784,0.3999999999999999,0.5,0,H
2026-06-09,Latvia,Faroe Islands,-16.636354101447296,-1.2000000000000002,1.0,0,A
2026-06-09,Hungary,Kazakhstan,144.1590185538314,0.3999999999999999,0.5,0,H
2026-06-09,Iraq,Venezuela,119.82429598015187,0.0,0.5,1,A
2026-06-09,Equatorial Guinea,Comoros,10.970920327773001,0.20000000000000007,0.5,1,A
2026-06-09,Ethiopia,Malawi,5.355726143589436,0.3999999999999999,0.6666666666666666,0,D
2026-06-09,Angola,Central African Republic,122.3917657756092,0.3999999999999999,1.0,1,H
2026-06-09,Argentina,Iceland,305.0633858770343,2.6,0.5,1,H
2026-06-09,Armenia,Moldova,21.5758340461814,0.0,0.5,0,D
2026-06-09,Estonia,Lithuania,42.419789004811946,0.3999999999999999,0.6666666666666666,0,H
2026-06-09,Azerbaijan,San Marino,164.81928585526657,0.6000000000000001,0.5,1,H
2026-06-09,Belarus,Burkina Faso,-125.54145156342497,0.8000000000000003,0.5,0,D
2026-06-09,Cambodia,Hong Kong,-79.98596338047105,-0.8,0.0,0,H
2026-06-09,China,Thailand,-87.58889858813268,-0.6000000000000001,1.0,0,D
2026-06-09,DR Congo,Chile,118.23193667465716,0.19999999999999996,0.5,1,A
2026-06-10,Bolivia,Algeria,-278.03912055078604,-0.8,0.0,1,A
2026-06-10,England,Costa Rica,136.3930856543186,1.6,0.5,1,H
2026-06-10,Portugal,Nigeria,36.70526575853114,-0.20000000000000018,1.0,0,H
2026-06-10,Afghanistan,Pakistan,20.84018260654284,-0.6000000000000001,0.0,1,A
2026-06-11,Mexico,South Africa,68.22827940286675,1.2000000000000002,0.5,0,H
2026-06-11,South Korea,Czech Republic,76.44062495927619,-0.40000000000000013,0.5,1,H
2026-06-12,United States,Paraguay,83.88693746642798,-0.6000000000000001,1.0,0,H
2026-06-12,Canada,Bosnia and Herzegovina,173.9685010614694,0.8,0.5,0,D
2026-06-13,Qatar,Switzerland,-100.21045469292017,-0.7999999999999999,0.5,1,D
2026-06-13,Brazil,Morocco,-99.87541924742982,-0.20000000000000018,0.0,1,D
2026-06-13,Haiti,Scotland,1.4341108378152967,-0.40000000000000013,0.5,1,A
2026-06-13,Australia,Turkey,-0.4202843073269378,-1.2000000000000002,0.5,1,H
2026-06-14,Germany,Curaçao,168.33421609138395,2.2,0.5,1,H
2026-06-14,Ivory Coast,Ecuador,27.503885308658482,0.19999999999999973,0.5,1,H
2026-06-14,Sweden,Tunisia,-46.5075849393254,0.6000000000000001,0.5,1,H
2026-06-14,Netherlands,Japan,-38.46172512647058,-1.0,0.5,1,D
2026-06-15,Saudi Arabia,Uruguay,-39.71172072260879,-0.3999999999999999,0.5,1,D
2026-06-15,Spain,Cape Verde,193.3977512508941,0.8,0.5,1,D
2026-06-15,Iran,New Zealand,166.41142849076118,1.4,0.5,1,D
2026-06-15,Belgium,Egypt,-14.32403830905946,1.0,0.0,1,D
2026-06-16,France,Senegal,4.611224268483738,1.0,0.5,1,H
2026-06-16,Iraq,Norway,-31.319327775887587,-0.20000000000000018,0.5,1,A
2026-06-16,Argentina,Algeria,34.719919278753196,1.0,0.5,1,H
2026-06-16,Austria,Jordan,52.49180966290737,2.2,0.5,1,H
2026-06-17,Ghana,Panama,-104.30937964667442,-1.4000000000000001,0.5,1,H
2026-06-17,Portugal,DR Congo,100.55022647790611,1.2000000000000002,0.5,1,D
2026-06-17,Uzbekistan,Colombia,-31.523566018433712,-0.8,0.5,1,A
2026-06-17,England,Croatia,56.084161299414745,0.19999999999999996,1.0,1,H
2026-06-18,Canada,Qatar,109.28523772768267,0.7999999999999999,1.0,0,H
2026-06-18,Switzerland,Bosnia and Herzegovina,150.02626654404708,0.19999999999999996,0.5,1,H
2026-06-18,Mexico,South Korea,3.5808957175809155,0.8,1.0,0,H
2026-06-18,Czech Republic,South Africa,-11.340432249117157,0.6000000000000001,0.5,1,D
2026-06-19,Turkey,Paraguay,97.79727162598942,0.5999999999999999,0.5,1,A
2026-06-19,Scotland,Morocco,-200.3938195962371,-0.40000000000000013,0.5,1,A
2026-06-19,Brazil,Haiti,124.7628337454405,1.2,0.5,1,H
2026-06-19,United States,Australia,-18.25146544670838,-0.8,1.0,0,H
2026-06-20,Netherlands,Sweden,104.12237198739354,-0.3999999999999999,0.5,1,H
2026-06-20,Tunisia,Japan,-116.53279268264282,-1.8,1.0,1,A
2026-06-20,Germany,Ivory Coast,7.314814287053423,0.6000000000000001,0.5,1,H
2026-06-20,Ecuador,Curaçao,126.09858624191452,1.0,0.5,1,D
2026-06-21,Uruguay,Cape Verde,38.005017406243724,-0.19999999999999996,0.5,1,D
2026-06-21,Spain,Saudi Arabia,182.71871174624562,0.8,0.5,1,H
2026-06-21,Belgium,Iran,-40.71905469444141,0.20000000000000018,0.5,1,D
2026-06-21,New Zealand,Egypt,-130.2839447572362,-0.8,0.0,1,A
2026-06-22,France,Iraq,119.63395432639163,1.0,0.5,1,H
2026-06-22,Norway,Senegal,-45.766847946628786,0.20000000000000018,0.5,1,H
2026-06-22,Argentina,Austria,120.79697416356362,0.3999999999999999,0.5,1,H
2026-06-22,Jordan,Algeria,-137.56198884182072,-1.6,0.5,1,A
2026-06-23,Portugal,Uzbekistan,77.6076825963321,1.4000000000000001,0.5,1,H
2026-06-23,Colombia,DR Congo,67.0246557060409,0.19999999999999996,0.5,1,H
2026-06-23,England,Ghana,199.6513041644214,1.2,0.5,1,D
2026-06-23,Panama,Croatia,-48.28887251322908,0.19999999999999996,0.5,1,A
2026-06-24,Morocco,Haiti,230.39487484219308,1.4000000000000001,0.5,1,H
2026-06-24,Scotland,Brazil,-117.46700349287812,-0.8,0.5,1,A
2026-06-24,Bosnia and Herzegovina,Qatar,-54.40693394481082,0.4,0.5,1,H
2026-06-24,Canada,Switzerland,15.71118526992268,0.0,0.5,0,A
2026-06-24,South Africa,South Korea,-71.19891916136953,-0.8,0.5,1,H
2026-06-24,Mexico,Czech Republic,105.26154547705391,1.4,0.5,0,H
2026-06-25,United States,Turkey,24.620052817203486,0.0,0.0,0,A
2026-06-25,Paraguay,Australia,-94.13357174286512,0.40000000000000013,0.5,1,D
2026-06-25,Curaçao,Ivory Coast,-158.75500751021514,-1.5999999999999999,0.5,1,A
2026-06-25,Ecuador,Germany,-66.50625979668098,-1.4,0.5,1,H
2026-06-25,Japan,Sweden,154.23506913337974,1.2000000000000002,0.5,1,D
2026-06-25,Tunisia,Netherlands,-94.13210907127109,-1.4000000000000001,0.5,1,A
2026-06-26,Senegal,Iraq,90.66503597902442,0.0,0.5,1,H
2026-06-26,Norway,France,-65.48952249297349,-0.19999999999999973,0.5,1,A
2026-06-26,Uruguay,Spain,-151.55014873559185,-1.0,0.5,1,A
2026-06-26,Egypt,Iran,-19.635919115991555,-0.6000000000000001,0.5,1,D
2026-06-26,New Zealand,Belgium,-124.3671858507389,-1.0,0.5,1,A
2026-06-26,Cape Verde,Saudi Arabia,5.697686755087489,0.19999999999999996,0.5,1,D
2026-06-27,Algeria,Austria,80.9612321981183,-0.3999999999999999,0.5,1,D
2026-06-27,Jordan,Argentina,-203.18206020378716,-2.8,0.5,1,A
2026-06-27,Colombia,Portugal,-27.602035868365647,-0.20000000000000018,0.5,1,D
2026-06-27,DR Congo,Uzbekistan,-17.602528601995346,0.8,0.5,1,H
2026-06-27,Panama,England,-124.60373098783498,-1.2,0.5,1,A
2026-06-27,Croatia,Ghana,130.19926250270942,0.19999999999999996,0.5,1,H
2026-06-28,South Africa,Canada,-25.870406773282866,0.0,0.5,1,A
2026-06-29,Netherlands,Morocco,-89.24298009889435,-0.20000000000000018,0.5,1,D
2026-06-29,Brazil,Japan,-25.140029151917815,0.3999999999999999,0.5,1,H
2026-06-29,Germany,Paraguay,130.48601194489765,1.0,0.5,1,D
2026-06-30,Ivory Coast,Norway,20.637508080393673,0.3999999999999999,0.5,1,A
2026-06-30,France,Sweden,163.81549617528958,1.4,1.0,1,H
2026-06-30,Mexico,Ecuador,54.780819107984826,1.0,0.0,0,H
2026-07-01,United States,Bosnia and Herzegovina,160.37405250984875,0.6000000000000001,1.0,0,H
2026-07-01,England,DR Congo,107.93324163743773,1.6,0.5,1,H
2026-07-01,Belgium,Senegal,-37.33794561459058,1.4000000000000001,0.5,1,H
2026-07-02,Portugal,Croatia,50.80139456345478,0.40000000000000013,0.75,1,H
2026-07-02,Switzerland,Algeria,-80.55705237133702,0.20000000000000018,0.5,1,H
2026-07-02,Spain,Austria,126.8805841982171,0.20000000000000018,0.5,1,H
2026-07-03,Australia,Egypt,-25.869631927819,-0.6000000000000001,0.5,1,D
2026-07-03,Argentina,Cape Verde,203.11478875022385,1.8,0.5,1,H
2026-07-03,Colombia,Ghana,167.82150961776279,1.6,0.5,1,H
2026-07-04,Canada,Morocco,-138.67789594828082,-0.19999999999999996,0.0,1,A
2026-07-04,Paraguay,France,-184.35108339150747,-1.4,0.5,1,A
2026-07-05,Brazil,Norway,38.834400542197955,0.6000000000000001,0.5,1,A
2026-07-05,Mexico,England,-18.805094145357316,0.3999999999999999,0.5,0,A
2026-07-06,Portugal,Spain,-58.624016351112004,-0.3999999999999999,0.0,1,A
2026-07-06,United States,Belgium,-23.769727168245254,-0.40000000000000013,0.0,0,A
2026-07-07,Switzerland,Colombia,-37.603314459075364,-0.3999999999999999,0.5,1,D
2026-07-07,Argentina,Egypt,115.49732186154984,1.8,0.5,1,H
2026-07-09,France,Morocco,-39.86221409529958,0.7999999999999998,1.0,1,H
2026-07-10,Spain,Belgium,107.52639830407134,0.3999999999999999,0.5,1,H
2026-07-11,Norway,England,-56.96702535954614,-0.20000000000000018,0.5,1,A
2026-07-11,Argentina,Switzerland,138.91077133120643,0.7999999999999998,0.5,1,H
2026-07-14,France,Spain,-32.65539464673907,0.0,0.3333333333333333,1,A
2026-07-15,England,Argentina,-54.84404832919131,-0.3999999999999999,0.5,1,A
2026-07-18,France,England,15.976706491475852,0.0,1.0,1,A
2026-07-18,Vietnam,Myanmar,178.17145586495167,1.5999999999999999,1.0,0,H
2026-07-19,Spain,Argentina,-4.955113442771562,0.0,0.5,1,H
2026-07-24,Cambodia,Singapore,-49.37197684241096,-0.40000000000000013,0.0,0,A
2026-07-24,Timor-Leste,Vietnam,-197.61050946979685,-2.4,0.5,1,A
2026-07-25,Laos,Thailand,-201.7853962323827,-1.6,0.5,0,A
2026-07-25,Myanmar,Malaysia,-200.79416503451148,-2.4,0.0,0,A
2026-07-27,Singapore,Timor-Leste,113.69214942683493,1.2000000000000002,1.0,0,H
2026-07-27,Indonesia,Cambodia,110.23455898979319,0.40000000000000013,1.0,0,H
2026-07-28,Philippines,Myanmar,112.49954450584278,2.4,1.0,0,A
2026-07-28,Malaysia,Laos,209.5566850848811,2.4,1.0,0,H
2026-07-31,Timor-Leste,Indonesia,-171.14705749644577,-2.4,0.0,1,A
2026-07-31,Vietnam,Singapore,86.78958739815334,0.6000000000000001,1.0,0,D
2026-08-01,Laos,Philippines,-103.16300329334194,-2.4,0.5,0,A
2026-08-01,Thailand,Malaysia,-2.843113625297974,-0.7999999999999998,0.5,0,H
2026-08-03,Indonesia,Vietnam,-35.12951644719669,-0.20000000000000018,0.5,0,A
2026-08-03,Cambodia,Timor-Leste,52.490634693469474,1.4,1.0,0,H
2026-08-04,Myanmar,Laos,24.037251893175153,1.2,1.0,0,H
2026-08-04,Philippines,Thailand,-115.73159441193707,0.19999999999999973,0.2,0,A
2026-08-07,Vietnam,Cambodia,165.15210846385617,0.8,1.0,0,H
2026-08-07,Singapore,Indonesia,-37.77312544044639,-0.3999999999999999,0.0,0,D
2026-08-08,Thailand,Myanmar,206.5650784751465,1.0000000000000002,1.0,0,H
2026-08-08,Malaysia,Philippines,105.19799315995283,0.5999999999999999,1.0,0,H
2026-08-15,Singapore,Thailand,-118.55898140145746,-1.0,0.0,0,A
2026-08-16,Malaysia,Vietnam,1.4651851571061343,-0.20000000000000018,0.25,0,A
2026-08-18,Thailand,Singapore,131.98729889756396,1.4,1.0,0,A
2026-08-19,Vietnam,Malaysia,18.61915718043565,0.8,0.8,0,H
2026-08-22,Thailand,Vietnam,-3.2390270149724074,-0.20000000000000018,0.6,0,A
2026-08-26,Vietnam,Thailand,23.05257903346137,1.2,0.5,0,D
